artifact,method,R,n,d,k,l,r,l_over_k,sampling,run,seed,r_effective,cost_seed,cost_final,n_lloyd_iters,time_seed,time_fit,failed
fig52,k-means++,1,10000,15,50,,,,bernoulli,0,42,,,143752.16637519826,38.0,,,False
fig52,k-means++,1,10000,15,50,,,,bernoulli,1,43,,,144359.6291284606,31.0,,,False
fig52,k-means++,1,10000,15,50,,,,bernoulli,2,44,,,143660.73301815975,38.0,,,False
fig52,k-means++,1,10000,15,50,,,,bernoulli,3,45,,,144250.91865650803,46.0,,,False
fig52,k-means++,1,10000,15,50,,,,bernoulli,4,46,,,144601.67355001095,30.0,,,False
fig52,k-means++,1,10000,15,50,,,,bernoulli,5,47,,,143754.69415319487,50.0,,,False
fig52,k-means++,1,10000,15,50,,,,bernoulli,6,48,,,143805.70268454013,42.0,,,False
fig52,k-means++,1,10000,15,50,,,,bernoulli,7,49,,,143780.0785411463,29.0,,,False
fig52,k-means++,1,10000,15,50,,,,bernoulli,8,50,,,144185.18333973378,39.0,,,False
fig52,k-means++,1,10000,15,50,,,,bernoulli,9,51,,,143824.071724758,70.0,,,False
fig52,k-means++,1,10000,15,50,,,,bernoulli,10,52,,,143728.3718186547,46.0,,,False
fig52,kmeans||,1,10000,15,50,5.0,0.0,0.1,bernoulli,0,42,0.0,233607.185143099,143869.55467704526,37.0,0.030552148818969727,1.560269832611084,False
fig52,kmeans||,1,10000,15,50,5.0,0.0,0.1,bernoulli,1,43,0.0,229041.86799252656,144819.57738847376,51.0,0.021078824996948242,1.1159720420837402,False
fig52,kmeans||,1,10000,15,50,5.0,0.0,0.1,bernoulli,2,44,0.0,232125.56681468364,142947.23405671126,37.0,0.022482633590698242,1.9845383167266846,False
fig52,kmeans||,1,10000,15,50,5.0,0.0,0.1,bernoulli,3,45,0.0,241133.97974930896,144245.97833695874,70.0,0.02102065086364746,3.181713819503784,False
fig52,kmeans||,1,10000,15,50,5.0,0.0,0.1,bernoulli,4,46,0.0,235899.24953818426,144368.12163175447,40.0,0.01953864097595215,1.321791648864746,False
fig52,kmeans||,1,10000,15,50,5.0,0.0,0.1,bernoulli,5,47,0.0,231816.57786928586,144244.81332554016,40.0,0.01978158950805664,1.7800979614257812,False
fig52,kmeans||,1,10000,15,50,5.0,0.0,0.1,bernoulli,6,48,0.0,235063.60500962805,145058.11721723544,61.0,0.01999688148498535,1.889604091644287,False
fig52,kmeans||,1,10000,15,50,5.0,0.0,0.1,bernoulli,7,49,0.0,232622.0944739139,144998.87056759582,33.0,0.02073955535888672,1.3145372867584229,False
fig52,kmeans||,1,10000,15,50,5.0,0.0,0.1,bernoulli,8,50,0.0,226772.57671175437,145342.87180807575,28.0,0.022647380828857422,1.4165103435516357,False
fig52,kmeans||,1,10000,15,50,5.0,0.0,0.1,bernoulli,9,51,0.0,237214.44208288338,143317.62734468546,51.0,0.023766756057739258,2.3151755332946777,False
fig52,kmeans||,1,10000,15,50,5.0,0.0,0.1,bernoulli,10,52,0.0,227018.4730972204,143622.45684095527,34.0,0.02392292022705078,1.288787603378296,False
fig52,kmeans||,1,10000,15,50,5.0,1.0,0.1,bernoulli,0,42,,,,,,,True
fig52,kmeans||,1,10000,15,50,5.0,1.0,0.1,bernoulli,1,43,,,,,,,True
fig52,kmeans||,1,10000,15,50,5.0,1.0,0.1,bernoulli,2,44,,,,,,,True
fig52,kmeans||,1,10000,15,50,5.0,1.0,0.1,bernoulli,3,45,,,,,,,True
fig52,kmeans||,1,10000,15,50,5.0,1.0,0.1,bernoulli,4,46,,,,,,,True
fig52,kmeans||,1,10000,15,50,5.0,1.0,0.1,bernoulli,5,47,,,,,,,True
fig52,kmeans||,1,10000,15,50,5.0,1.0,0.1,bernoulli,6,48,,,,,,,True
fig52,kmeans||,1,10000,15,50,5.0,1.0,0.1,bernoulli,7,49,,,,,,,True
fig52,kmeans||,1,10000,15,50,5.0,1.0,0.1,bernoulli,8,50,,,,,,,True
fig52,kmeans||,1,10000,15,50,5.0,1.0,0.1,bernoulli,9,51,,,,,,,True
fig52,kmeans||,1,10000,15,50,5.0,1.0,0.1,bernoulli,10,52,,,,,,,True
fig52,kmeans||,1,10000,15,50,5.0,2.0,0.1,bernoulli,0,42,,,,,,,True
fig52,kmeans||,1,10000,15,50,5.0,2.0,0.1,bernoulli,1,43,,,,,,,True
fig52,kmeans||,1,10000,15,50,5.0,2.0,0.1,bernoulli,2,44,,,,,,,True
fig52,kmeans||,1,10000,15,50,5.0,2.0,0.1,bernoulli,3,45,,,,,,,True
fig52,kmeans||,1,10000,15,50,5.0,2.0,0.1,bernoulli,4,46,,,,,,,True
fig52,kmeans||,1,10000,15,50,5.0,2.0,0.1,bernoulli,5,47,,,,,,,True
fig52,kmeans||,1,10000,15,50,5.0,2.0,0.1,bernoulli,6,48,,,,,,,True
fig52,kmeans||,1,10000,15,50,5.0,2.0,0.1,bernoulli,7,49,,,,,,,True
fig52,kmeans||,1,10000,15,50,5.0,2.0,0.1,bernoulli,8,50,,,,,,,True
fig52,kmeans||,1,10000,15,50,5.0,2.0,0.1,bernoulli,9,51,,,,,,,True
fig52,kmeans||,1,10000,15,50,5.0,2.0,0.1,bernoulli,10,52,,,,,,,True
fig52,kmeans||,1,10000,15,50,5.0,3.0,0.1,bernoulli,0,42,,,,,,,True
fig52,kmeans||,1,10000,15,50,5.0,3.0,0.1,bernoulli,1,43,,,,,,,True
fig52,kmeans||,1,10000,15,50,5.0,3.0,0.1,bernoulli,2,44,,,,,,,True
fig52,kmeans||,1,10000,15,50,5.0,3.0,0.1,bernoulli,3,45,,,,,,,True
fig52,kmeans||,1,10000,15,50,5.0,3.0,0.1,bernoulli,4,46,,,,,,,True
fig52,kmeans||,1,10000,15,50,5.0,3.0,0.1,bernoulli,5,47,,,,,,,True
fig52,kmeans||,1,10000,15,50,5.0,3.0,0.1,bernoulli,6,48,,,,,,,True
fig52,kmeans||,1,10000,15,50,5.0,3.0,0.1,bernoulli,7,49,,,,,,,True
fig52,kmeans||,1,10000,15,50,5.0,3.0,0.1,bernoulli,8,50,,,,,,,True
fig52,kmeans||,1,10000,15,50,5.0,3.0,0.1,bernoulli,9,51,,,,,,,True
fig52,kmeans||,1,10000,15,50,5.0,3.0,0.1,bernoulli,10,52,,,,,,,True
fig52,kmeans||,1,10000,15,50,5.0,4.0,0.1,bernoulli,0,42,,,,,,,True
fig52,kmeans||,1,10000,15,50,5.0,4.0,0.1,bernoulli,1,43,,,,,,,True
fig52,kmeans||,1,10000,15,50,5.0,4.0,0.1,bernoulli,2,44,,,,,,,True
fig52,kmeans||,1,10000,15,50,5.0,4.0,0.1,bernoulli,3,45,,,,,,,True
fig52,kmeans||,1,10000,15,50,5.0,4.0,0.1,bernoulli,4,46,,,,,,,True
fig52,kmeans||,1,10000,15,50,5.0,4.0,0.1,bernoulli,5,47,,,,,,,True
fig52,kmeans||,1,10000,15,50,5.0,4.0,0.1,bernoulli,6,48,,,,,,,True
fig52,kmeans||,1,10000,15,50,5.0,4.0,0.1,bernoulli,7,49,,,,,,,True
fig52,kmeans||,1,10000,15,50,5.0,4.0,0.1,bernoulli,8,50,,,,,,,True
fig52,kmeans||,1,10000,15,50,5.0,4.0,0.1,bernoulli,9,51,,,,,,,True
fig52,kmeans||,1,10000,15,50,5.0,4.0,0.1,bernoulli,10,52,,,,,,,True
fig52,kmeans||,1,10000,15,50,5.0,5.0,0.1,bernoulli,0,42,,,,,,,True
fig52,kmeans||,1,10000,15,50,5.0,5.0,0.1,bernoulli,1,43,,,,,,,True
fig52,kmeans||,1,10000,15,50,5.0,5.0,0.1,bernoulli,2,44,,,,,,,True
fig52,kmeans||,1,10000,15,50,5.0,5.0,0.1,bernoulli,3,45,,,,,,,True
fig52,kmeans||,1,10000,15,50,5.0,5.0,0.1,bernoulli,4,46,,,,,,,True
fig52,kmeans||,1,10000,15,50,5.0,5.0,0.1,bernoulli,5,47,,,,,,,True
fig52,kmeans||,1,10000,15,50,5.0,5.0,0.1,bernoulli,6,48,,,,,,,True
fig52,kmeans||,1,10000,15,50,5.0,5.0,0.1,bernoulli,7,49,,,,,,,True
fig52,kmeans||,1,10000,15,50,5.0,5.0,0.1,bernoulli,8,50,,,,,,,True
fig52,kmeans||,1,10000,15,50,5.0,5.0,0.1,bernoulli,9,51,,,,,,,True
fig52,kmeans||,1,10000,15,50,5.0,5.0,0.1,bernoulli,10,52,,,,,,,True
fig52,kmeans||,1,10000,15,50,5.0,6.0,0.1,bernoulli,0,42,,,,,,,True
fig52,kmeans||,1,10000,15,50,5.0,6.0,0.1,bernoulli,1,43,,,,,,,True
fig52,kmeans||,1,10000,15,50,5.0,6.0,0.1,bernoulli,2,44,,,,,,,True
fig52,kmeans||,1,10000,15,50,5.0,6.0,0.1,bernoulli,3,45,,,,,,,True
fig52,kmeans||,1,10000,15,50,5.0,6.0,0.1,bernoulli,4,46,,,,,,,True
fig52,kmeans||,1,10000,15,50,5.0,6.0,0.1,bernoulli,5,47,,,,,,,True
fig52,kmeans||,1,10000,15,50,5.0,6.0,0.1,bernoulli,6,48,,,,,,,True
fig52,kmeans||,1,10000,15,50,5.0,6.0,0.1,bernoulli,7,49,,,,,,,True
fig52,kmeans||,1,10000,15,50,5.0,6.0,0.1,bernoulli,8,50,,,,,,,True
fig52,kmeans||,1,10000,15,50,5.0,6.0,0.1,bernoulli,9,51,,,,,,,True
fig52,kmeans||,1,10000,15,50,5.0,6.0,0.1,bernoulli,10,52,,,,,,,True
fig52,kmeans||,1,10000,15,50,5.0,7.0,0.1,bernoulli,0,42,,,,,,,True
fig52,kmeans||,1,10000,15,50,5.0,7.0,0.1,bernoulli,1,43,,,,,,,True
fig52,kmeans||,1,10000,15,50,5.0,7.0,0.1,bernoulli,2,44,,,,,,,True
fig52,kmeans||,1,10000,15,50,5.0,7.0,0.1,bernoulli,3,45,,,,,,,True
fig52,kmeans||,1,10000,15,50,5.0,7.0,0.1,bernoulli,4,46,,,,,,,True
fig52,kmeans||,1,10000,15,50,5.0,7.0,0.1,bernoulli,5,47,,,,,,,True
fig52,kmeans||,1,10000,15,50,5.0,7.0,0.1,bernoulli,6,48,,,,,,,True
fig52,kmeans||,1,10000,15,50,5.0,7.0,0.1,bernoulli,7,49,,,,,,,True
fig52,kmeans||,1,10000,15,50,5.0,7.0,0.1,bernoulli,8,50,,,,,,,True
fig52,kmeans||,1,10000,15,50,5.0,7.0,0.1,bernoulli,9,51,,,,,,,True
fig52,kmeans||,1,10000,15,50,5.0,7.0,0.1,bernoulli,10,52,,,,,,,True
fig52,kmeans||,1,10000,15,50,5.0,8.0,0.1,bernoulli,0,42,,,,,,,True
fig52,kmeans||,1,10000,15,50,5.0,8.0,0.1,bernoulli,1,43,,,,,,,True
fig52,kmeans||,1,10000,15,50,5.0,8.0,0.1,bernoulli,2,44,,,,,,,True
fig52,kmeans||,1,10000,15,50,5.0,8.0,0.1,bernoulli,3,45,,,,,,,True
fig52,kmeans||,1,10000,15,50,5.0,8.0,0.1,bernoulli,4,46,,,,,,,True
fig52,kmeans||,1,10000,15,50,5.0,8.0,0.1,bernoulli,5,47,,,,,,,True
fig52,kmeans||,1,10000,15,50,5.0,8.0,0.1,bernoulli,6,48,,,,,,,True
fig52,kmeans||,1,10000,15,50,5.0,8.0,0.1,bernoulli,7,49,,,,,,,True
fig52,kmeans||,1,10000,15,50,5.0,8.0,0.1,bernoulli,8,50,,,,,,,True
fig52,kmeans||,1,10000,15,50,5.0,8.0,0.1,bernoulli,9,51,,,,,,,True
fig52,kmeans||,1,10000,15,50,5.0,8.0,0.1,bernoulli,10,52,,,,,,,True
fig52,kmeans||,1,10000,15,50,5.0,9.0,0.1,bernoulli,0,42,,,,,,,True
fig52,kmeans||,1,10000,15,50,5.0,9.0,0.1,bernoulli,1,43,,,,,,,True
fig52,kmeans||,1,10000,15,50,5.0,9.0,0.1,bernoulli,2,44,,,,,,,True
fig52,kmeans||,1,10000,15,50,5.0,9.0,0.1,bernoulli,3,45,9.0,238857.9184380616,142949.62980178252,70.0,0.1729297637939453,1.4769232273101807,False
fig52,kmeans||,1,10000,15,50,5.0,9.0,0.1,bernoulli,4,46,,,,,,,True
fig52,kmeans||,1,10000,15,50,5.0,9.0,0.1,bernoulli,5,47,,,,,,,True
fig52,kmeans||,1,10000,15,50,5.0,9.0,0.1,bernoulli,6,48,9.0,230974.04775954105,143351.99227452054,33.0,0.16074776649475098,1.2812106609344482,False
fig52,kmeans||,1,10000,15,50,5.0,9.0,0.1,bernoulli,7,49,,,,,,,True
fig52,kmeans||,1,10000,15,50,5.0,9.0,0.1,bernoulli,8,50,,,,,,,True
fig52,kmeans||,1,10000,15,50,5.0,9.0,0.1,bernoulli,9,51,,,,,,,True
fig52,kmeans||,1,10000,15,50,5.0,9.0,0.1,bernoulli,10,52,9.0,232370.81447189173,144229.70663607295,36.0,0.16475653648376465,0.8019447326660156,False
fig52,kmeans||,1,10000,15,50,5.0,10.0,0.1,bernoulli,0,42,,,,,,,True
fig52,kmeans||,1,10000,15,50,5.0,10.0,0.1,bernoulli,1,43,10.0,233364.43887969622,143595.38748085528,29.0,0.1769576072692871,1.1408686637878418,False
fig52,kmeans||,1,10000,15,50,5.0,10.0,0.1,bernoulli,2,44,,,,,,,True
fig52,kmeans||,1,10000,15,50,5.0,10.0,0.1,bernoulli,3,45,10.0,232371.19741102078,142929.53039820786,39.0,0.17733192443847656,1.3846237659454346,False
fig52,kmeans||,1,10000,15,50,5.0,10.0,0.1,bernoulli,4,46,10.0,240792.9695840302,143982.65717044123,31.0,0.1716926097869873,1.575286626815796,False
fig52,kmeans||,1,10000,15,50,5.0,10.0,0.1,bernoulli,5,47,,,,,,,True
fig52,kmeans||,1,10000,15,50,5.0,10.0,0.1,bernoulli,6,48,10.0,226678.39128855141,143783.0454953916,43.0,0.18652677536010742,2.903465986251831,False
fig52,kmeans||,1,10000,15,50,5.0,10.0,0.1,bernoulli,7,49,10.0,242035.93344203493,143332.3465414364,58.0,0.16708707809448242,2.1926236152648926,False
fig52,kmeans||,1,10000,15,50,5.0,10.0,0.1,bernoulli,8,50,10.0,229577.49277972645,145894.89447573147,38.0,0.1635453701019287,2.0999338626861572,False
fig52,kmeans||,1,10000,15,50,5.0,10.0,0.1,bernoulli,9,51,10.0,238855.7405241862,145134.64001096442,38.0,0.15278291702270508,2.0317575931549072,False
fig52,kmeans||,1,10000,15,50,5.0,10.0,0.1,bernoulli,10,52,10.0,224729.93779341227,146051.89096027787,33.0,0.15917277336120605,1.0728278160095215,False
fig52,kmeans||,1,10000,15,50,5.0,11.0,0.1,bernoulli,0,42,11.0,231718.5942109612,144608.9838390925,43.0,0.16144704818725586,1.9714992046356201,False
fig52,kmeans||,1,10000,15,50,5.0,11.0,0.1,bernoulli,1,43,11.0,230175.1542573389,143941.66622672006,32.0,0.17182612419128418,2.0591652393341064,False
fig52,kmeans||,1,10000,15,50,5.0,11.0,0.1,bernoulli,2,44,,,,,,,True
fig52,kmeans||,1,10000,15,50,5.0,11.0,0.1,bernoulli,3,45,11.0,229565.17055805284,144371.83451400572,25.0,0.20207977294921875,1.3944644927978516,False
fig52,kmeans||,1,10000,15,50,5.0,11.0,0.1,bernoulli,4,46,11.0,236900.88634749624,144008.9299782905,31.0,0.1694188117980957,0.9761559963226318,False
fig52,kmeans||,1,10000,15,50,5.0,11.0,0.1,bernoulli,5,47,11.0,221836.61604781516,143842.53707408023,26.0,0.1978914737701416,1.1968367099761963,False
fig52,kmeans||,1,10000,15,50,5.0,11.0,0.1,bernoulli,6,48,11.0,221645.04630034664,144210.30573773244,56.0,0.18040204048156738,2.7381701469421387,False
fig52,kmeans||,1,10000,15,50,5.0,11.0,0.1,bernoulli,7,49,11.0,238639.3929231236,144170.42136540724,36.0,0.1566011905670166,1.2037410736083984,False
fig52,kmeans||,1,10000,15,50,5.0,11.0,0.1,bernoulli,8,50,11.0,225999.82611541136,144140.2884184048,25.0,0.14639997482299805,1.7648859024047852,False
fig52,kmeans||,1,10000,15,50,5.0,11.0,0.1,bernoulli,9,51,11.0,232690.30795958737,144637.96634182523,48.0,0.17113137245178223,2.8969173431396484,False
fig52,kmeans||,1,10000,15,50,5.0,11.0,0.1,bernoulli,10,52,11.0,223868.38456181495,146033.17345186012,75.0,0.1665506362915039,2.7936298847198486,False
fig52,kmeans||,1,10000,15,50,5.0,12.0,0.1,bernoulli,0,42,12.0,230928.47809209785,144357.3806077945,50.0,0.22394871711730957,2.0124032497406006,False
fig52,kmeans||,1,10000,15,50,5.0,12.0,0.1,bernoulli,1,43,12.0,228834.54041373852,143009.1820367128,45.0,0.19977569580078125,3.519563674926758,False
fig52,kmeans||,1,10000,15,50,5.0,12.0,0.1,bernoulli,2,44,12.0,222599.65921972596,146190.89366733405,21.0,0.19181156158447266,1.2922189235687256,False
fig52,kmeans||,1,10000,15,50,5.0,12.0,0.1,bernoulli,3,45,12.0,225438.90672452797,143281.4562590814,41.0,0.23093652725219727,3.0360162258148193,False
fig52,kmeans||,1,10000,15,50,5.0,12.0,0.1,bernoulli,4,46,12.0,228994.01371479477,144078.64151428212,39.0,0.17586064338684082,2.848621368408203,False
fig52,kmeans||,1,10000,15,50,5.0,12.0,0.1,bernoulli,5,47,12.0,218921.83119181072,144272.83286316114,30.0,0.22135186195373535,1.1326303482055664,False
fig52,kmeans||,1,10000,15,50,5.0,12.0,0.1,bernoulli,6,48,12.0,220431.4285776898,143781.1513073944,45.0,0.18359065055847168,2.295267343521118,False
fig52,kmeans||,1,10000,15,50,5.0,12.0,0.1,bernoulli,7,49,12.0,234664.6018464841,143565.1595485752,37.0,0.2123706340789795,1.6189019680023193,False
fig52,kmeans||,1,10000,15,50,5.0,12.0,0.1,bernoulli,8,50,12.0,222814.21126773758,144479.67150496366,27.0,0.19995880126953125,1.5861570835113525,False
fig52,kmeans||,1,10000,15,50,5.0,12.0,0.1,bernoulli,9,51,12.0,226683.3982182697,143574.63127700816,37.0,0.18470144271850586,2.1691701412200928,False
fig52,kmeans||,1,10000,15,50,5.0,12.0,0.1,bernoulli,10,52,12.0,217644.00527126997,145618.94273583023,34.0,0.21732664108276367,1.671051263809204,False
fig52,kmeans||,1,10000,15,50,5.0,13.0,0.1,bernoulli,0,42,13.0,223586.5235223769,143592.40286251175,56.0,0.24759697914123535,2.578819751739502,False
fig52,kmeans||,1,10000,15,50,5.0,13.0,0.1,bernoulli,1,43,13.0,225701.35158571642,143319.82711365537,33.0,0.1796731948852539,1.4702229499816895,False
fig52,kmeans||,1,10000,15,50,5.0,13.0,0.1,bernoulli,2,44,13.0,220809.15028048673,144226.28639647207,22.0,0.23039579391479492,0.733443021774292,False
fig52,kmeans||,1,10000,15,50,5.0,13.0,0.1,bernoulli,3,45,13.0,220089.19400705246,144780.7775276345,47.0,0.22718024253845215,3.080225706100464,False
fig52,kmeans||,1,10000,15,50,5.0,13.0,0.1,bernoulli,4,46,13.0,224771.85642801406,144121.75501568514,32.0,0.20013999938964844,1.9516475200653076,False
fig52,kmeans||,1,10000,15,50,5.0,13.0,0.1,bernoulli,5,47,13.0,217716.55253698485,144672.38902590857,32.0,0.19282007217407227,1.3175044059753418,False
fig52,kmeans||,1,10000,15,50,5.0,13.0,0.1,bernoulli,6,48,13.0,212589.23457492754,144035.93183682184,23.0,0.19887900352478027,1.4092261791229248,False
fig52,kmeans||,1,10000,15,50,5.0,13.0,0.1,bernoulli,7,49,13.0,232278.32010432254,144787.81449508748,32.0,0.23990511894226074,2.159783124923706,False
fig52,kmeans||,1,10000,15,50,5.0,13.0,0.1,bernoulli,8,50,13.0,221364.21731183754,143758.59198842559,37.0,0.22317743301391602,1.4082372188568115,False
fig52,kmeans||,1,10000,15,50,5.0,13.0,0.1,bernoulli,9,51,13.0,222221.02260735817,143743.3111491874,32.0,0.1969928741455078,0.9964644908905029,False
fig52,kmeans||,1,10000,15,50,5.0,13.0,0.1,bernoulli,10,52,13.0,216005.54276994683,145933.38584293704,35.0,0.2084207534790039,1.3446364402770996,False
fig52,kmeans||,1,10000,15,50,5.0,14.0,0.1,bernoulli,0,42,14.0,223632.34583754383,143630.08296019453,48.0,0.25579118728637695,3.4119954109191895,False
fig52,kmeans||,1,10000,15,50,5.0,14.0,0.1,bernoulli,1,43,14.0,220833.22224026918,143680.23772006333,42.0,0.2754385471343994,1.4099993705749512,False
fig52,kmeans||,1,10000,15,50,5.0,14.0,0.1,bernoulli,2,44,14.0,219429.89685270464,144259.7929895021,59.0,0.24343156814575195,3.9321110248565674,False
fig52,kmeans||,1,10000,15,50,5.0,14.0,0.1,bernoulli,3,45,14.0,215963.67382795803,144021.04982300912,30.0,0.2635164260864258,2.5283443927764893,False
fig52,kmeans||,1,10000,15,50,5.0,14.0,0.1,bernoulli,4,46,14.0,223863.84363841166,143777.745904573,29.0,0.22845005989074707,0.9558730125427246,False
fig52,kmeans||,1,10000,15,50,5.0,14.0,0.1,bernoulli,5,47,14.0,214658.419559521,143582.7245708988,28.0,0.23198676109313965,1.5995337963104248,False
fig52,kmeans||,1,10000,15,50,5.0,14.0,0.1,bernoulli,6,48,14.0,210020.70512289004,144299.0106217365,33.0,0.2185671329498291,1.9133107662200928,False
fig52,kmeans||,1,10000,15,50,5.0,14.0,0.1,bernoulli,7,49,14.0,227303.01417857042,144891.49234498537,33.0,0.23795223236083984,1.7715048789978027,False
fig52,kmeans||,1,10000,15,50,5.0,14.0,0.1,bernoulli,8,50,14.0,216800.35434324536,144535.4079753368,35.0,0.23169660568237305,1.9223670959472656,False
fig52,kmeans||,1,10000,15,50,5.0,14.0,0.1,bernoulli,9,51,14.0,220204.1175849281,144658.47655866732,22.0,0.23966097831726074,0.4857065677642822,False
fig52,kmeans||,1,10000,15,50,5.0,14.0,0.1,bernoulli,10,52,14.0,213847.05024179016,144011.0256429601,59.0,0.26905298233032227,3.11206316947937,False
fig52,kmeans||,1,10000,15,50,5.0,15.0,0.1,bernoulli,0,42,15.0,222026.0081564071,144099.2022831911,74.0,0.21938490867614746,3.335498332977295,False
fig52,kmeans||,1,10000,15,50,5.0,15.0,0.1,bernoulli,1,43,15.0,216024.84341921392,142984.62105583376,39.0,0.2616140842437744,1.240081787109375,False
fig52,kmeans||,1,10000,15,50,5.0,15.0,0.1,bernoulli,2,44,15.0,218594.9673491377,143663.26097766383,31.0,0.21465754508972168,1.7915537357330322,False
fig52,kmeans||,1,10000,15,50,5.0,15.0,0.1,bernoulli,3,45,15.0,216204.9637461237,144500.218563821,28.0,0.26180315017700195,0.7052755355834961,False
fig52,kmeans||,1,10000,15,50,5.0,15.0,0.1,bernoulli,4,46,15.0,221652.96847400028,144192.03586564248,37.0,0.2237255573272705,2.4008281230926514,False
fig52,kmeans||,1,10000,15,50,5.0,15.0,0.1,bernoulli,5,47,15.0,211472.53278581373,143616.0327396838,32.0,0.2728536128997803,1.6898419857025146,False
fig52,kmeans||,1,10000,15,50,5.0,15.0,0.1,bernoulli,6,48,15.0,208985.615431147,144783.01388781838,34.0,0.22533559799194336,2.0796656608581543,False
fig52,kmeans||,1,10000,15,50,5.0,15.0,0.1,bernoulli,7,49,15.0,222794.0963207779,144067.20589177115,26.0,0.2589550018310547,1.1956865787506104,False
fig52,kmeans||,1,10000,15,50,5.0,15.0,0.1,bernoulli,8,50,15.0,215220.93766623767,144180.53187282398,39.0,0.2672278881072998,2.7283244132995605,False
fig52,kmeans||,1,10000,15,50,5.0,15.0,0.1,bernoulli,9,51,15.0,218583.90521404363,143542.72798498106,18.0,0.22750592231750488,0.7487585544586182,False
fig52,kmeans||,1,10000,15,50,5.0,15.0,0.1,bernoulli,10,52,15.0,209445.48448693953,143333.56838133303,38.0,0.22055673599243164,2.3313751220703125,False
fig52,kmeans||,1,10000,15,50,25.0,0.0,0.5,bernoulli,0,42,0.0,233607.185143099,143869.55467704526,37.0,0.022816896438598633,1.6141750812530518,False
fig52,kmeans||,1,10000,15,50,25.0,0.0,0.5,bernoulli,1,43,0.0,229041.86799252656,144819.57738847376,51.0,0.0235898494720459,2.8927035331726074,False
fig52,kmeans||,1,10000,15,50,25.0,0.0,0.5,bernoulli,2,44,0.0,232125.56681468364,142947.23405671126,37.0,0.025599956512451172,1.7095990180969238,False
fig52,kmeans||,1,10000,15,50,25.0,0.0,0.5,bernoulli,3,45,0.0,241133.97974930896,144245.97833695874,70.0,0.02357172966003418,3.6541099548339844,False
fig52,kmeans||,1,10000,15,50,25.0,0.0,0.5,bernoulli,4,46,0.0,235899.24953818426,144368.12163175447,40.0,0.020166635513305664,2.247037887573242,False
fig52,kmeans||,1,10000,15,50,25.0,0.0,0.5,bernoulli,5,47,0.0,231816.57786928586,144244.81332554016,40.0,0.021384477615356445,1.410102128982544,False
fig52,kmeans||,1,10000,15,50,25.0,0.0,0.5,bernoulli,6,48,0.0,235063.60500962805,145058.11721723544,61.0,0.021647930145263672,3.106586217880249,False
fig52,kmeans||,1,10000,15,50,25.0,0.0,0.5,bernoulli,7,49,0.0,232622.0944739139,144998.87056759582,33.0,0.020205259323120117,1.159769058227539,False
fig52,kmeans||,1,10000,15,50,25.0,0.0,0.5,bernoulli,8,50,0.0,226772.57671175437,145342.87180807575,28.0,0.021216869354248047,1.517683982849121,False
fig52,kmeans||,1,10000,15,50,25.0,0.0,0.5,bernoulli,9,51,0.0,237214.44208288338,143317.62734468546,51.0,0.022916316986083984,2.7632806301116943,False
fig52,kmeans||,1,10000,15,50,25.0,0.0,0.5,bernoulli,10,52,0.0,227018.4730972204,143622.45684095527,34.0,0.021359682083129883,2.3797852993011475,False
fig52,kmeans||,1,10000,15,50,25.0,1.0,0.5,bernoulli,0,42,,,,,,,True
fig52,kmeans||,1,10000,15,50,25.0,1.0,0.5,bernoulli,1,43,,,,,,,True
fig52,kmeans||,1,10000,15,50,25.0,1.0,0.5,bernoulli,2,44,,,,,,,True
fig52,kmeans||,1,10000,15,50,25.0,1.0,0.5,bernoulli,3,45,,,,,,,True
fig52,kmeans||,1,10000,15,50,25.0,1.0,0.5,bernoulli,4,46,,,,,,,True
fig52,kmeans||,1,10000,15,50,25.0,1.0,0.5,bernoulli,5,47,,,,,,,True
fig52,kmeans||,1,10000,15,50,25.0,1.0,0.5,bernoulli,6,48,,,,,,,True
fig52,kmeans||,1,10000,15,50,25.0,1.0,0.5,bernoulli,7,49,,,,,,,True
fig52,kmeans||,1,10000,15,50,25.0,1.0,0.5,bernoulli,8,50,,,,,,,True
fig52,kmeans||,1,10000,15,50,25.0,1.0,0.5,bernoulli,9,51,,,,,,,True
fig52,kmeans||,1,10000,15,50,25.0,1.0,0.5,bernoulli,10,52,,,,,,,True
fig52,kmeans||,1,10000,15,50,25.0,2.0,0.5,bernoulli,0,42,,,,,,,True
fig52,kmeans||,1,10000,15,50,25.0,2.0,0.5,bernoulli,1,43,2.0,237548.02391118332,143893.23190861425,28.0,0.0779569149017334,1.0233981609344482,False
fig52,kmeans||,1,10000,15,50,25.0,2.0,0.5,bernoulli,2,44,,,,,,,True
fig52,kmeans||,1,10000,15,50,25.0,2.0,0.5,bernoulli,3,45,,,,,,,True
fig52,kmeans||,1,10000,15,50,25.0,2.0,0.5,bernoulli,4,46,,,,,,,True
fig52,kmeans||,1,10000,15,50,25.0,2.0,0.5,bernoulli,5,47,,,,,,,True
fig52,kmeans||,1,10000,15,50,25.0,2.0,0.5,bernoulli,6,48,2.0,233512.7883532801,144168.10067659116,32.0,0.08266401290893555,2.074031352996826,False
fig52,kmeans||,1,10000,15,50,25.0,2.0,0.5,bernoulli,7,49,2.0,243854.6532676396,144451.0065058619,50.0,0.0894021987915039,3.1221044063568115,False
fig52,kmeans||,1,10000,15,50,25.0,2.0,0.5,bernoulli,8,50,2.0,237455.82065274558,143514.48187815328,42.0,0.08165097236633301,1.3800420761108398,False
fig52,kmeans||,1,10000,15,50,25.0,2.0,0.5,bernoulli,9,51,2.0,236671.97871071144,143721.79949236126,64.0,0.1035776138305664,2.402703046798706,False
fig52,kmeans||,1,10000,15,50,25.0,2.0,0.5,bernoulli,10,52,2.0,231303.36650857743,145376.7147775331,48.0,0.07419395446777344,1.0466842651367188,False
fig52,kmeans||,1,10000,15,50,25.0,3.0,0.5,bernoulli,0,42,3.0,229358.4661463938,144617.65041501832,37.0,0.10230016708374023,1.2983713150024414,False
fig52,kmeans||,1,10000,15,50,25.0,3.0,0.5,bernoulli,1,43,3.0,221902.98203788316,144388.33589982789,38.0,0.09274172782897949,1.6560142040252686,False
fig52,kmeans||,1,10000,15,50,25.0,3.0,0.5,bernoulli,2,44,3.0,226073.93613278857,145219.1698452827,48.0,0.09305739402770996,2.062171697616577,False
fig52,kmeans||,1,10000,15,50,25.0,3.0,0.5,bernoulli,3,45,3.0,215421.35362229228,145717.17299524922,38.0,0.10078763961791992,2.357494831085205,False
fig52,kmeans||,1,10000,15,50,25.0,3.0,0.5,bernoulli,4,46,3.0,226272.97122269997,144026.81533019443,30.0,0.09643888473510742,0.8773043155670166,False
fig52,kmeans||,1,10000,15,50,25.0,3.0,0.5,bernoulli,5,47,3.0,219154.86245700062,145267.5965036215,51.0,0.09766006469726562,2.485630750656128,False
fig52,kmeans||,1,10000,15,50,25.0,3.0,0.5,bernoulli,6,48,3.0,214102.5673596688,143476.57864213185,52.0,0.10175704956054688,3.0873970985412598,False
fig52,kmeans||,1,10000,15,50,25.0,3.0,0.5,bernoulli,7,49,3.0,225012.51472756144,142971.75729488157,26.0,0.06586003303527832,0.7642631530761719,False
fig52,kmeans||,1,10000,15,50,25.0,3.0,0.5,bernoulli,8,50,3.0,220779.62304784075,143492.62412875134,71.0,0.09807896614074707,3.2973124980926514,False
fig52,kmeans||,1,10000,15,50,25.0,3.0,0.5,bernoulli,9,51,3.0,224356.31669184464,143994.4109320193,25.0,0.08653569221496582,1.4886255264282227,False
fig52,kmeans||,1,10000,15,50,25.0,3.0,0.5,bernoulli,10,52,3.0,214209.17328319128,144189.94757191118,31.0,0.12240862846374512,1.7745838165283203,False
fig52,kmeans||,1,10000,15,50,25.0,4.0,0.5,bernoulli,0,42,4.0,217400.7919596492,144436.06566606378,34.0,0.10407638549804688,1.6881656646728516,False
fig52,kmeans||,1,10000,15,50,25.0,4.0,0.5,bernoulli,1,43,4.0,202071.25796600577,144411.83132746944,29.0,0.09637236595153809,0.6909201145172119,False
fig52,kmeans||,1,10000,15,50,25.0,4.0,0.5,bernoulli,2,44,4.0,212945.7112016579,142978.05828277627,45.0,0.11038875579833984,2.514871120452881,False
fig52,kmeans||,1,10000,15,50,25.0,4.0,0.5,bernoulli,3,45,4.0,207360.43081355625,144444.33680833923,27.0,0.1011500358581543,0.6111531257629395,False
fig52,kmeans||,1,10000,15,50,25.0,4.0,0.5,bernoulli,4,46,4.0,210209.07903221427,144185.48580836857,35.0,0.08477663993835449,1.3863327503204346,False
fig52,kmeans||,1,10000,15,50,25.0,4.0,0.5,bernoulli,5,47,4.0,209141.5333343668,144063.59500133048,48.0,0.08172225952148438,1.6985836029052734,False
fig52,kmeans||,1,10000,15,50,25.0,4.0,0.5,bernoulli,6,48,4.0,203241.31567483034,144440.1766668663,30.0,0.10878586769104004,2.4008595943450928,False
fig52,kmeans||,1,10000,15,50,25.0,4.0,0.5,bernoulli,7,49,4.0,216634.72976161196,142983.75842462998,42.0,0.16332459449768066,2.348480701446533,False
fig52,kmeans||,1,10000,15,50,25.0,4.0,0.5,bernoulli,8,50,4.0,207500.66801696082,144250.2527161521,34.0,0.10567235946655273,1.0675883293151855,False
fig52,kmeans||,1,10000,15,50,25.0,4.0,0.5,bernoulli,9,51,4.0,210957.3981525789,145009.62337607707,29.0,0.10859990119934082,1.7982308864593506,False
fig52,kmeans||,1,10000,15,50,25.0,4.0,0.5,bernoulli,10,52,4.0,206271.24473998108,143949.45381109047,26.0,0.10247588157653809,1.1142477989196777,False
fig52,kmeans||,1,10000,15,50,25.0,5.0,0.5,bernoulli,0,42,5.0,206653.98455512343,143354.58584899857,52.0,0.11009407043457031,2.022270917892456,False
fig52,kmeans||,1,10000,15,50,25.0,5.0,0.5,bernoulli,1,43,5.0,200061.9312159885,143734.17560534852,33.0,0.09953474998474121,1.0915684700012207,False
fig52,kmeans||,1,10000,15,50,25.0,5.0,0.5,bernoulli,2,44,5.0,202200.37498036303,143650.35236461033,20.0,0.09111666679382324,0.972764253616333,False
fig52,kmeans||,1,10000,15,50,25.0,5.0,0.5,bernoulli,3,45,5.0,196393.91631079608,144180.7842656818,36.0,0.11270666122436523,1.5968635082244873,False
fig52,kmeans||,1,10000,15,50,25.0,5.0,0.5,bernoulli,4,46,5.0,200541.3838036072,143191.75171677402,51.0,0.11609649658203125,2.4894495010375977,False
fig52,kmeans||,1,10000,15,50,25.0,5.0,0.5,bernoulli,5,47,5.0,203103.78390593902,144942.467854324,29.0,0.11151361465454102,1.738896131515503,False
fig52,kmeans||,1,10000,15,50,25.0,5.0,0.5,bernoulli,6,48,5.0,199993.5844307318,143963.1000066448,25.0,0.1041259765625,1.5291409492492676,False
fig52,kmeans||,1,10000,15,50,25.0,5.0,0.5,bernoulli,7,49,5.0,199515.8416681956,143483.7441467501,26.0,0.0979757308959961,0.8318257331848145,False
fig52,kmeans||,1,10000,15,50,25.0,5.0,0.5,bernoulli,8,50,5.0,200211.54779165934,142940.09148526576,23.0,0.12486124038696289,0.38981175422668457,False
fig52,kmeans||,1,10000,15,50,25.0,5.0,0.5,bernoulli,9,51,5.0,204675.40537412127,144397.89361412963,64.0,0.12150120735168457,3.24971604347229,False
fig52,kmeans||,1,10000,15,50,25.0,5.0,0.5,bernoulli,10,52,5.0,197670.72217919878,143870.15238450735,31.0,0.11012434959411621,0.8314995765686035,False
fig52,kmeans||,1,10000,15,50,25.0,6.0,0.5,bernoulli,0,42,6.0,198302.98947667753,144047.80310677376,37.0,0.12891864776611328,1.6074562072753906,False
fig52,kmeans||,1,10000,15,50,25.0,6.0,0.5,bernoulli,1,43,6.0,196507.9154047129,144129.33458931325,33.0,0.12930560111999512,1.2858774662017822,False
fig52,kmeans||,1,10000,15,50,25.0,6.0,0.5,bernoulli,2,44,6.0,195134.3097624316,142956.74877992383,58.0,0.12198138236999512,2.837564706802368,False
fig52,kmeans||,1,10000,15,50,25.0,6.0,0.5,bernoulli,3,45,6.0,189547.3627542312,143970.55132648168,32.0,0.1529090404510498,1.195979356765747,False
fig52,kmeans||,1,10000,15,50,25.0,6.0,0.5,bernoulli,4,46,6.0,196544.20189716184,144689.82505968085,30.0,0.1259174346923828,1.3976655006408691,False
fig52,kmeans||,1,10000,15,50,25.0,6.0,0.5,bernoulli,5,47,6.0,197808.71173692416,145112.16971368142,30.0,0.10491442680358887,1.4683029651641846,False
fig52,kmeans||,1,10000,15,50,25.0,6.0,0.5,bernoulli,6,48,6.0,195142.655209297,144973.0705935379,44.0,0.10725712776184082,1.2201337814331055,False
fig52,kmeans||,1,10000,15,50,25.0,6.0,0.5,bernoulli,7,49,6.0,194790.4810324189,143670.6565915651,40.0,0.09817647933959961,1.8181242942810059,False
fig52,kmeans||,1,10000,15,50,25.0,6.0,0.5,bernoulli,8,50,6.0,198879.00495755346,143333.54665698585,45.0,0.11877632141113281,1.9645719528198242,False
fig52,kmeans||,1,10000,15,50,25.0,6.0,0.5,bernoulli,9,51,6.0,196563.53179705146,143322.10984376978,46.0,0.13563132286071777,1.9723694324493408,False
fig52,kmeans||,1,10000,15,50,25.0,6.0,0.5,bernoulli,10,52,6.0,193179.55043396814,143480.55756969267,51.0,0.13965058326721191,3.016510009765625,False
fig52,kmeans||,1,10000,15,50,25.0,7.0,0.5,bernoulli,0,42,7.0,194204.9757105657,143713.43219012115,29.0,0.14228272438049316,0.8270344734191895,False
fig52,kmeans||,1,10000,15,50,25.0,7.0,0.5,bernoulli,1,43,7.0,192419.18842178563,143729.0212869666,34.0,0.14781546592712402,2.6700427532196045,False
fig52,kmeans||,1,10000,15,50,25.0,7.0,0.5,bernoulli,2,44,7.0,195151.08499411188,144154.11785630602,31.0,0.1352376937866211,0.7307848930358887,False
fig52,kmeans||,1,10000,15,50,25.0,7.0,0.5,bernoulli,3,45,7.0,189957.94067481358,145269.2980408651,24.0,0.1326305866241455,1.4097204208374023,False
fig52,kmeans||,1,10000,15,50,25.0,7.0,0.5,bernoulli,4,46,7.0,192127.0590423592,144046.4874749204,44.0,0.13711237907409668,1.4107303619384766,False
fig52,kmeans||,1,10000,15,50,25.0,7.0,0.5,bernoulli,5,47,7.0,194344.24482669972,143969.11101780264,28.0,0.13866376876831055,1.4214410781860352,False
fig52,kmeans||,1,10000,15,50,25.0,7.0,0.5,bernoulli,6,48,7.0,192056.30728314357,143808.6132807516,40.0,0.13988542556762695,2.11769962310791,False
fig52,kmeans||,1,10000,15,50,25.0,7.0,0.5,bernoulli,7,49,7.0,190284.2729076035,144754.44294861075,24.0,0.14506292343139648,0.6721405982971191,False
fig52,kmeans||,1,10000,15,50,25.0,7.0,0.5,bernoulli,8,50,7.0,193424.22748970496,144285.7456708372,32.0,0.1254279613494873,2.216087818145752,False
fig52,kmeans||,1,10000,15,50,25.0,7.0,0.5,bernoulli,9,51,7.0,193287.41582451537,143787.085870974,34.0,0.2009587287902832,2.309441566467285,False
fig52,kmeans||,1,10000,15,50,25.0,7.0,0.5,bernoulli,10,52,7.0,186521.44761560188,143866.4772541272,36.0,0.14408421516418457,2.4271979331970215,False
fig52,kmeans||,1,10000,15,50,25.0,8.0,0.5,bernoulli,0,42,8.0,192164.69021039933,144934.18244516908,31.0,0.15476036071777344,2.0961873531341553,False
fig52,kmeans||,1,10000,15,50,25.0,8.0,0.5,bernoulli,1,43,8.0,189408.44220497587,144822.48024216283,31.0,0.1759932041168213,0.9920551776885986,False
fig52,kmeans||,1,10000,15,50,25.0,8.0,0.5,bernoulli,2,44,8.0,190880.96295472013,142622.7899903985,47.0,0.28307104110717773,2.398094415664673,False
fig52,kmeans||,1,10000,15,50,25.0,8.0,0.5,bernoulli,3,45,8.0,186764.9801956292,145705.30756611106,35.0,0.18350934982299805,2.9023799896240234,False
fig52,kmeans||,1,10000,15,50,25.0,8.0,0.5,bernoulli,4,46,8.0,190875.68057948496,143925.8458487654,54.0,0.1810595989227295,2.4449105262756348,False
fig52,kmeans||,1,10000,15,50,25.0,8.0,0.5,bernoulli,5,47,8.0,189720.05135613834,143046.10383788048,69.0,0.1750805377960205,4.28218150138855,False
fig52,kmeans||,1,10000,15,50,25.0,8.0,0.5,bernoulli,6,48,8.0,185949.35488888656,143166.4825540093,39.0,0.1879100799560547,2.4353368282318115,False
fig52,kmeans||,1,10000,15,50,25.0,8.0,0.5,bernoulli,7,49,8.0,187270.90331610458,144163.55547845305,41.0,0.17791104316711426,2.723560094833374,False
fig52,kmeans||,1,10000,15,50,25.0,8.0,0.5,bernoulli,8,50,8.0,188012.47566845984,144471.44389890006,29.0,0.1648859977722168,1.2689502239227295,False
fig52,kmeans||,1,10000,15,50,25.0,8.0,0.5,bernoulli,9,51,8.0,188000.22324778172,143752.55312908025,35.0,0.16241693496704102,2.2678298950195312,False
fig52,kmeans||,1,10000,15,50,25.0,8.0,0.5,bernoulli,10,52,8.0,186626.47773724183,146251.18268342753,37.0,0.1638498306274414,1.967435359954834,False
fig52,kmeans||,1,10000,15,50,25.0,9.0,0.5,bernoulli,0,42,9.0,186833.82907637767,143264.1150698702,29.0,0.20163798332214355,1.7674007415771484,False
fig52,kmeans||,1,10000,15,50,25.0,9.0,0.5,bernoulli,1,43,9.0,189169.98730093607,144218.0475934142,45.0,0.17320632934570312,1.4175293445587158,False
fig52,kmeans||,1,10000,15,50,25.0,9.0,0.5,bernoulli,2,44,9.0,184141.58829972276,145157.76262056586,44.0,0.18629145622253418,3.5014092922210693,False
fig52,kmeans||,1,10000,15,50,25.0,9.0,0.5,bernoulli,3,45,9.0,183924.44086459232,144330.98598091758,27.0,0.14349055290222168,0.70206618309021,False
fig52,kmeans||,1,10000,15,50,25.0,9.0,0.5,bernoulli,4,46,9.0,187935.7141285964,143826.5898693219,41.0,0.19830942153930664,2.154775619506836,False
fig52,kmeans||,1,10000,15,50,25.0,9.0,0.5,bernoulli,5,47,9.0,187249.5919641914,143535.01316570933,30.0,0.1548748016357422,1.578512191772461,False
fig52,kmeans||,1,10000,15,50,25.0,9.0,0.5,bernoulli,6,48,9.0,183091.59665226727,143303.01865888288,23.0,0.16240620613098145,0.7212371826171875,False
fig52,kmeans||,1,10000,15,50,25.0,9.0,0.5,bernoulli,7,49,9.0,187407.00764269975,144551.2304068695,26.0,0.19805121421813965,1.2603421211242676,False
fig52,kmeans||,1,10000,15,50,25.0,9.0,0.5,bernoulli,8,50,9.0,184433.90156003082,142954.52448838344,45.0,0.2661738395690918,1.876161813735962,False
fig52,kmeans||,1,10000,15,50,25.0,9.0,0.5,bernoulli,9,51,9.0,185439.44648577616,144282.87563680412,28.0,0.17075133323669434,1.3479030132293701,False
fig52,kmeans||,1,10000,15,50,25.0,9.0,0.5,bernoulli,10,52,9.0,180628.13152783155,144418.7924767445,36.0,0.2657039165496826,3.080022096633911,False
fig52,kmeans||,1,10000,15,50,25.0,10.0,0.5,bernoulli,0,42,10.0,184741.68987305343,144691.59830027094,33.0,0.2164151668548584,2.4080493450164795,False
fig52,kmeans||,1,10000,15,50,25.0,10.0,0.5,bernoulli,1,43,10.0,185970.29001786298,144022.91859652862,40.0,0.2401409149169922,2.306936502456665,False
fig52,kmeans||,1,10000,15,50,25.0,10.0,0.5,bernoulli,2,44,10.0,178775.21589002197,143673.73997280817,37.0,0.20316720008850098,1.6009330749511719,False
fig52,kmeans||,1,10000,15,50,25.0,10.0,0.5,bernoulli,3,45,10.0,183453.51600259158,143034.62527297734,43.0,0.21056079864501953,2.3924617767333984,False
fig52,kmeans||,1,10000,15,50,25.0,10.0,0.5,bernoulli,4,46,10.0,183186.77743644518,143905.9930033926,30.0,0.21201777458190918,1.808189868927002,False
fig52,kmeans||,1,10000,15,50,25.0,10.0,0.5,bernoulli,5,47,10.0,183737.26449494017,143579.26519574167,43.0,0.20173883438110352,2.084165573120117,False
fig52,kmeans||,1,10000,15,50,25.0,10.0,0.5,bernoulli,6,48,10.0,180791.9480085245,143347.0736086095,35.0,0.20175385475158691,2.1891705989837646,False
fig52,kmeans||,1,10000,15,50,25.0,10.0,0.5,bernoulli,7,49,10.0,182879.36481967877,145426.53225217972,37.0,0.159684419631958,1.6672961711883545,False
fig52,kmeans||,1,10000,15,50,25.0,10.0,0.5,bernoulli,8,50,10.0,183278.5045582016,143742.3237186375,32.0,0.22504806518554688,2.0055220127105713,False
fig52,kmeans||,1,10000,15,50,25.0,10.0,0.5,bernoulli,9,51,10.0,182769.76296060855,143237.0132072122,70.0,0.1808319091796875,3.134704351425171,False
fig52,kmeans||,1,10000,15,50,25.0,10.0,0.5,bernoulli,10,52,10.0,177876.47149437398,143577.386487423,45.0,0.23522305488586426,2.08461332321167,False
fig52,kmeans||,1,10000,15,50,25.0,11.0,0.5,bernoulli,0,42,11.0,180403.20251666137,144111.1280248761,34.0,0.18324875831604004,1.5792889595031738,False
fig52,kmeans||,1,10000,15,50,25.0,11.0,0.5,bernoulli,1,43,11.0,183757.95520698465,143755.48036057036,42.0,0.17801761627197266,1.6678128242492676,False
fig52,kmeans||,1,10000,15,50,25.0,11.0,0.5,bernoulli,2,44,11.0,178705.66243934256,144200.21686073107,55.0,0.16044163703918457,2.3707547187805176,False
fig52,kmeans||,1,10000,15,50,25.0,11.0,0.5,bernoulli,3,45,11.0,180409.30370001975,144200.07475120178,34.0,0.24238348007202148,2.2996902465820312,False
fig52,kmeans||,1,10000,15,50,25.0,11.0,0.5,bernoulli,4,46,11.0,178773.05718231775,143574.28384389082,39.0,0.22331857681274414,2.944441556930542,False
fig52,kmeans||,1,10000,15,50,25.0,11.0,0.5,bernoulli,5,47,11.0,182416.02296227842,144509.40865774965,31.0,0.20509648323059082,1.8457269668579102,False
fig52,kmeans||,1,10000,15,50,25.0,11.0,0.5,bernoulli,6,48,11.0,182559.1115601483,143826.11257409124,28.0,0.19752073287963867,1.9083952903747559,False
fig52,kmeans||,1,10000,15,50,25.0,11.0,0.5,bernoulli,7,49,11.0,181868.05175561237,143465.67115856448,39.0,0.24968194961547852,1.6573545932769775,False
fig52,kmeans||,1,10000,15,50,25.0,11.0,0.5,bernoulli,8,50,11.0,182746.75357018967,144792.8362884034,45.0,0.19211459159851074,1.981309413909912,False
fig52,kmeans||,1,10000,15,50,25.0,11.0,0.5,bernoulli,9,51,11.0,183066.72463924048,143761.16459418272,40.0,0.20347070693969727,1.5634410381317139,False
fig52,kmeans||,1,10000,15,50,25.0,11.0,0.5,bernoulli,10,52,11.0,177567.49152259584,144003.55073325016,44.0,0.20744109153747559,1.0159037113189697,False
fig52,kmeans||,1,10000,15,50,25.0,12.0,0.5,bernoulli,0,42,12.0,179570.1709788185,145429.93753800215,24.0,0.2423386573791504,0.6002264022827148,False
fig52,kmeans||,1,10000,15,50,25.0,12.0,0.5,bernoulli,1,43,12.0,182569.89809216783,144635.4002270725,30.0,0.21975970268249512,1.3558542728424072,False
fig52,kmeans||,1,10000,15,50,25.0,12.0,0.5,bernoulli,2,44,12.0,176220.33576726896,143376.45198260015,37.0,0.22402191162109375,1.504910945892334,False
fig52,kmeans||,1,10000,15,50,25.0,12.0,0.5,bernoulli,3,45,12.0,179068.70120254625,143477.62726996405,34.0,0.2608630657196045,1.9714059829711914,False
fig52,kmeans||,1,10000,15,50,25.0,12.0,0.5,bernoulli,4,46,12.0,179547.76723851846,143825.68370006094,38.0,0.21620941162109375,2.559215784072876,False
fig52,kmeans||,1,10000,15,50,25.0,12.0,0.5,bernoulli,5,47,12.0,180689.61448652792,144435.79956509432,29.0,0.3203768730163574,1.8283793926239014,False
fig52,kmeans||,1,10000,15,50,25.0,12.0,0.5,bernoulli,6,48,12.0,181742.44578312966,145123.24092250576,42.0,0.25432324409484863,2.725296974182129,False
fig52,kmeans||,1,10000,15,50,25.0,12.0,0.5,bernoulli,7,49,12.0,179516.28728198155,144455.8993374674,25.0,0.25504302978515625,1.751145839691162,False
fig52,kmeans||,1,10000,15,50,25.0,12.0,0.5,bernoulli,8,50,12.0,177706.10749013495,144285.04786560495,34.0,0.2802293300628662,1.4043867588043213,False
fig52,kmeans||,1,10000,15,50,25.0,12.0,0.5,bernoulli,9,51,12.0,180163.9619298722,144072.12294624577,52.0,0.23098158836364746,1.9765651226043701,False
fig52,kmeans||,1,10000,15,50,25.0,12.0,0.5,bernoulli,10,52,12.0,173700.28089899852,143642.55122707444,22.0,0.24294376373291016,1.175447940826416,False
fig52,kmeans||,1,10000,15,50,25.0,13.0,0.5,bernoulli,0,42,13.0,180167.52004036293,144605.64109184442,39.0,0.2461850643157959,2.6884703636169434,False
fig52,kmeans||,1,10000,15,50,25.0,13.0,0.5,bernoulli,1,43,13.0,179379.4521283002,144739.38066303713,25.0,0.269864559173584,2.3195784091949463,False
fig52,kmeans||,1,10000,15,50,25.0,13.0,0.5,bernoulli,2,44,13.0,175083.24337349855,143885.17065945617,31.0,0.26383161544799805,1.675581455230713,False
fig52,kmeans||,1,10000,15,50,25.0,13.0,0.5,bernoulli,3,45,13.0,177827.73660298364,144816.5016742237,43.0,0.26325178146362305,2.7831854820251465,False
fig52,kmeans||,1,10000,15,50,25.0,13.0,0.5,bernoulli,4,46,13.0,177494.094028113,144914.35570904834,33.0,0.26234006881713867,1.1009340286254883,False
fig52,kmeans||,1,10000,15,50,25.0,13.0,0.5,bernoulli,5,47,13.0,178362.15859591682,143274.7963005134,37.0,0.2509305477142334,2.1271002292633057,False
fig52,kmeans||,1,10000,15,50,25.0,13.0,0.5,bernoulli,6,48,13.0,179505.65259155206,143062.62056869877,42.0,0.3027529716491699,1.6536791324615479,False
fig52,kmeans||,1,10000,15,50,25.0,13.0,0.5,bernoulli,7,49,13.0,177968.6971529503,143172.98121990057,63.0,0.2794678211212158,3.513888120651245,False
fig52,kmeans||,1,10000,15,50,25.0,13.0,0.5,bernoulli,8,50,13.0,175506.19666213877,144379.24065477913,24.0,0.24964189529418945,1.4150950908660889,False
fig52,kmeans||,1,10000,15,50,25.0,13.0,0.5,bernoulli,9,51,13.0,178284.78525848466,144412.43070447812,47.0,0.2083282470703125,2.823293685913086,False
fig52,kmeans||,1,10000,15,50,25.0,13.0,0.5,bernoulli,10,52,13.0,174458.70653446676,144408.36835717707,44.0,0.23813199996948242,3.5890588760375977,False
fig52,kmeans||,1,10000,15,50,25.0,14.0,0.5,bernoulli,0,42,14.0,178105.00990147406,144651.89156940018,28.0,0.2522408962249756,2.3861050605773926,False
fig52,kmeans||,1,10000,15,50,25.0,14.0,0.5,bernoulli,1,43,14.0,180526.2935594715,145478.42821544083,58.0,0.2630159854888916,1.5900230407714844,False
fig52,kmeans||,1,10000,15,50,25.0,14.0,0.5,bernoulli,2,44,14.0,178042.18450487006,143992.96646985033,34.0,0.3408231735229492,2.402864456176758,False
fig52,kmeans||,1,10000,15,50,25.0,14.0,0.5,bernoulli,3,45,14.0,175873.08790897802,144590.54084505443,24.0,0.29650020599365234,1.6440298557281494,False
fig52,kmeans||,1,10000,15,50,25.0,14.0,0.5,bernoulli,4,46,14.0,176058.94241264038,145512.14168418257,26.0,0.28096485137939453,1.6423230171203613,False
fig52,kmeans||,1,10000,15,50,25.0,14.0,0.5,bernoulli,5,47,14.0,176238.3182388466,143472.63024275133,22.0,0.27838706970214844,1.904233455657959,False
fig52,kmeans||,1,10000,15,50,25.0,14.0,0.5,bernoulli,6,48,14.0,176872.26578810858,144788.98456501198,22.0,0.2625904083251953,0.8469054698944092,False
fig52,kmeans||,1,10000,15,50,25.0,14.0,0.5,bernoulli,7,49,14.0,176628.76250933786,144410.50310691493,34.0,0.26157164573669434,1.3142974376678467,False
fig52,kmeans||,1,10000,15,50,25.0,14.0,0.5,bernoulli,8,50,14.0,177656.98519100045,143456.58785090814,40.0,0.2714579105377197,1.2142624855041504,False
fig52,kmeans||,1,10000,15,50,25.0,14.0,0.5,bernoulli,9,51,14.0,176622.67152281516,143970.32232596254,29.0,0.2564656734466553,1.3187038898468018,False
fig52,kmeans||,1,10000,15,50,25.0,14.0,0.5,bernoulli,10,52,14.0,172561.89418983195,145206.75187866698,32.0,0.236954927444458,1.4657964706420898,False
fig52,kmeans||,1,10000,15,50,25.0,15.0,0.5,bernoulli,0,42,15.0,175613.4308075785,144641.83706430174,27.0,0.2794814109802246,1.3825948238372803,False
fig52,kmeans||,1,10000,15,50,25.0,15.0,0.5,bernoulli,1,43,15.0,176801.89878035872,144567.62764123673,32.0,0.26502251625061035,0.4427907466888428,False
fig52,kmeans||,1,10000,15,50,25.0,15.0,0.5,bernoulli,2,44,15.0,173382.2114496036,143705.3170533072,22.0,0.2438807487487793,0.8825473785400391,False
fig52,kmeans||,1,10000,15,50,25.0,15.0,0.5,bernoulli,3,45,15.0,175151.04354457668,144056.9898513226,32.0,0.22251129150390625,1.5714037418365479,False
fig52,kmeans||,1,10000,15,50,25.0,15.0,0.5,bernoulli,4,46,15.0,177145.88265442083,144079.97930007882,31.0,0.2563152313232422,2.210822820663452,False
fig52,kmeans||,1,10000,15,50,25.0,15.0,0.5,bernoulli,5,47,15.0,174928.84008777695,144412.8740730777,40.0,0.2836630344390869,2.067131280899048,False
fig52,kmeans||,1,10000,15,50,25.0,15.0,0.5,bernoulli,6,48,15.0,173910.3852618967,144795.83439040647,25.0,0.2779860496520996,1.5335400104522705,False
fig52,kmeans||,1,10000,15,50,25.0,15.0,0.5,bernoulli,7,49,15.0,178313.71890857845,143883.65943080554,30.0,0.2691619396209717,1.3986272811889648,False
fig52,kmeans||,1,10000,15,50,25.0,15.0,0.5,bernoulli,8,50,15.0,174775.18662214297,143027.9742247865,33.0,0.2671675682067871,2.4747936725616455,False
fig52,kmeans||,1,10000,15,50,25.0,15.0,0.5,bernoulli,9,51,15.0,174914.28447569485,143478.75549150768,35.0,0.4604606628417969,1.6517395973205566,False
fig52,kmeans||,1,10000,15,50,25.0,15.0,0.5,bernoulli,10,52,15.0,172122.91743262828,143413.6603405921,47.0,0.2871265411376953,2.613722085952759,False
fig52,kmeans||,1,10000,15,50,50.0,0.0,1.0,bernoulli,0,42,0.0,233607.185143099,143869.55467704526,37.0,0.023308277130126953,1.8176674842834473,False
fig52,kmeans||,1,10000,15,50,50.0,0.0,1.0,bernoulli,1,43,0.0,229041.86799252656,144819.57738847376,51.0,0.022922754287719727,3.558218240737915,False
fig52,kmeans||,1,10000,15,50,50.0,0.0,1.0,bernoulli,2,44,0.0,232125.56681468364,142947.23405671126,37.0,0.01986408233642578,2.3868181705474854,False
fig52,kmeans||,1,10000,15,50,50.0,0.0,1.0,bernoulli,3,45,0.0,241133.97974930896,144245.97833695874,70.0,0.0275113582611084,4.466363906860352,False
fig52,kmeans||,1,10000,15,50,50.0,0.0,1.0,bernoulli,4,46,0.0,235899.24953818426,144368.12163175447,40.0,0.02232980728149414,1.4294884204864502,False
fig52,kmeans||,1,10000,15,50,50.0,0.0,1.0,bernoulli,5,47,0.0,231816.57786928586,144244.81332554016,40.0,0.02443408966064453,3.005263328552246,False
fig52,kmeans||,1,10000,15,50,50.0,0.0,1.0,bernoulli,6,48,0.0,235063.60500962805,145058.11721723544,61.0,0.020849943161010742,3.4705960750579834,False
fig52,kmeans||,1,10000,15,50,50.0,0.0,1.0,bernoulli,7,49,0.0,232622.0944739139,144998.87056759582,33.0,0.021390199661254883,1.4991838932037354,False
fig52,kmeans||,1,10000,15,50,50.0,0.0,1.0,bernoulli,8,50,0.0,226772.57671175437,145342.87180807575,28.0,0.020610570907592773,0.8377418518066406,False
fig52,kmeans||,1,10000,15,50,50.0,0.0,1.0,bernoulli,9,51,0.0,237214.44208288338,143317.62734468546,51.0,0.020137786865234375,1.858931303024292,False
fig52,kmeans||,1,10000,15,50,50.0,0.0,1.0,bernoulli,10,52,0.0,227018.4730972204,143622.45684095527,34.0,0.021050691604614258,1.3226232528686523,False
fig52,kmeans||,1,10000,15,50,50.0,1.0,1.0,bernoulli,0,42,,,,,,,True
fig52,kmeans||,1,10000,15,50,50.0,1.0,1.0,bernoulli,1,43,,,,,,,True
fig52,kmeans||,1,10000,15,50,50.0,1.0,1.0,bernoulli,2,44,,,,,,,True
fig52,kmeans||,1,10000,15,50,50.0,1.0,1.0,bernoulli,3,45,1.0,228515.3654364925,144452.40266857512,27.0,0.0966956615447998,1.7101190090179443,False
fig52,kmeans||,1,10000,15,50,50.0,1.0,1.0,bernoulli,4,46,,,,,,,True
fig52,kmeans||,1,10000,15,50,50.0,1.0,1.0,bernoulli,5,47,,,,,,,True
fig52,kmeans||,1,10000,15,50,50.0,1.0,1.0,bernoulli,6,48,1.0,237913.76889308108,144792.00421896798,31.0,0.11432361602783203,1.3255903720855713,False
fig52,kmeans||,1,10000,15,50,50.0,1.0,1.0,bernoulli,7,49,,,,,,,True
fig52,kmeans||,1,10000,15,50,50.0,1.0,1.0,bernoulli,8,50,1.0,238111.32276115322,144331.54685047385,37.0,0.08142638206481934,0.9502966403961182,False
fig52,kmeans||,1,10000,15,50,50.0,1.0,1.0,bernoulli,9,51,1.0,224411.9391504198,143571.18099912995,68.0,0.06531023979187012,2.778449296951294,False
fig52,kmeans||,1,10000,15,50,50.0,1.0,1.0,bernoulli,10,52,1.0,232220.74468543648,144609.27271302143,39.0,0.06465363502502441,0.5403950214385986,False
fig52,kmeans||,1,10000,15,50,50.0,2.0,1.0,bernoulli,0,42,2.0,212222.45449907807,142616.47455824705,55.0,0.08207297325134277,1.1245667934417725,False
fig52,kmeans||,1,10000,15,50,50.0,2.0,1.0,bernoulli,1,43,2.0,207252.12084049048,145932.1391436691,24.0,0.18465709686279297,1.486668586730957,False
fig52,kmeans||,1,10000,15,50,50.0,2.0,1.0,bernoulli,2,44,2.0,215455.00584913875,143743.01164496786,21.0,0.1018974781036377,0.4286477565765381,False
fig52,kmeans||,1,10000,15,50,50.0,2.0,1.0,bernoulli,3,45,2.0,204432.11974364895,143089.68159677627,23.0,0.24047017097473145,0.9413251876831055,False
fig52,kmeans||,1,10000,15,50,50.0,2.0,1.0,bernoulli,4,46,2.0,217424.19850959576,144247.91760657763,27.0,0.07005596160888672,0.35344767570495605,False
fig52,kmeans||,1,10000,15,50,50.0,2.0,1.0,bernoulli,5,47,2.0,209140.62063819382,143036.12830593507,47.0,0.0860295295715332,1.372605800628662,False
fig52,kmeans||,1,10000,15,50,50.0,2.0,1.0,bernoulli,6,48,2.0,203423.13146328198,143821.5180950667,33.0,0.10994791984558105,1.6917705535888672,False
fig52,kmeans||,1,10000,15,50,50.0,2.0,1.0,bernoulli,7,49,2.0,211830.1354743608,143527.81430240883,30.0,0.2540767192840576,0.6535682678222656,False
fig52,kmeans||,1,10000,15,50,50.0,2.0,1.0,bernoulli,8,50,2.0,204666.37929274148,144087.1315125688,63.0,0.15562844276428223,3.377453327178955,False
fig52,kmeans||,1,10000,15,50,50.0,2.0,1.0,bernoulli,9,51,2.0,204204.77847476033,143952.29304986808,45.0,0.0696101188659668,1.5284667015075684,False
fig52,kmeans||,1,10000,15,50,50.0,2.0,1.0,bernoulli,10,52,2.0,205197.37352365922,143017.90817719256,31.0,0.07937335968017578,2.616105318069458,False
fig52,kmeans||,1,10000,15,50,50.0,3.0,1.0,bernoulli,0,42,3.0,199855.4202341265,143662.82476554805,41.0,0.16573286056518555,1.707254409790039,False
fig52,kmeans||,1,10000,15,50,50.0,3.0,1.0,bernoulli,1,43,3.0,196002.035573226,144275.86766480154,42.0,0.3361332416534424,1.5287346839904785,False
fig52,kmeans||,1,10000,15,50,50.0,3.0,1.0,bernoulli,2,44,3.0,201332.52713024148,144854.69867690187,28.0,0.0881962776184082,1.1152644157409668,False
fig52,kmeans||,1,10000,15,50,50.0,3.0,1.0,bernoulli,3,45,3.0,194750.29431303494,144097.30991587223,24.0,0.08035111427307129,1.0845224857330322,False
fig52,kmeans||,1,10000,15,50,50.0,3.0,1.0,bernoulli,4,46,3.0,204393.40358433512,143781.9884809683,41.0,0.12855100631713867,2.064964771270752,False
fig52,kmeans||,1,10000,15,50,50.0,3.0,1.0,bernoulli,5,47,3.0,193900.9611969898,143496.84239444736,45.0,0.09676480293273926,1.0238540172576904,False
fig52,kmeans||,1,10000,15,50,50.0,3.0,1.0,bernoulli,6,48,3.0,191895.70820922998,144631.53932884615,27.0,0.21210646629333496,1.3865416049957275,False
fig52,kmeans||,1,10000,15,50,50.0,3.0,1.0,bernoulli,7,49,3.0,196048.83182798437,144316.04250084123,35.0,0.29840731620788574,2.216574192047119,False
fig52,kmeans||,1,10000,15,50,50.0,3.0,1.0,bernoulli,8,50,3.0,193584.99401488237,143364.7742022922,32.0,0.22214341163635254,1.0776329040527344,False
fig52,kmeans||,1,10000,15,50,50.0,3.0,1.0,bernoulli,9,51,3.0,192979.38288853614,143478.87060206858,43.0,0.12280869483947754,1.925563097000122,False
fig52,kmeans||,1,10000,15,50,50.0,3.0,1.0,bernoulli,10,52,3.0,196615.13877863964,143823.66422190436,36.0,0.10762214660644531,1.7403295040130615,False
fig52,kmeans||,1,10000,15,50,50.0,4.0,1.0,bernoulli,0,42,4.0,192088.38520047237,144436.58610799428,20.0,0.38969850540161133,1.1018457412719727,False
fig52,kmeans||,1,10000,15,50,50.0,4.0,1.0,bernoulli,1,43,4.0,185464.52939162508,143841.97002179237,28.0,0.14664387702941895,1.2363877296447754,False
fig52,kmeans||,1,10000,15,50,50.0,4.0,1.0,bernoulli,2,44,4.0,192007.65881147695,143907.3977208067,29.0,0.0852656364440918,1.4228599071502686,False
fig52,kmeans||,1,10000,15,50,50.0,4.0,1.0,bernoulli,3,45,4.0,186878.05786171116,143349.53682169382,59.0,0.23954010009765625,3.1621029376983643,False
fig52,kmeans||,1,10000,15,50,50.0,4.0,1.0,bernoulli,4,46,4.0,193686.759489977,144616.59204545635,35.0,0.13212227821350098,2.465651035308838,False
fig52,kmeans||,1,10000,15,50,50.0,4.0,1.0,bernoulli,5,47,4.0,187004.02918659835,145248.2217471719,25.0,0.13108515739440918,1.2812142372131348,False
fig52,kmeans||,1,10000,15,50,50.0,4.0,1.0,bernoulli,6,48,4.0,186931.02068151213,144873.05568990816,40.0,0.1309337615966797,1.9494986534118652,False
fig52,kmeans||,1,10000,15,50,50.0,4.0,1.0,bernoulli,7,49,4.0,189297.67279208908,143566.75651786276,34.0,0.15128231048583984,1.0410022735595703,False
fig52,kmeans||,1,10000,15,50,50.0,4.0,1.0,bernoulli,8,50,4.0,185903.04384201704,144710.3023090487,31.0,0.2607448101043701,1.2840423583984375,False
fig52,kmeans||,1,10000,15,50,50.0,4.0,1.0,bernoulli,9,51,4.0,184940.2661636766,143528.64037580742,53.0,0.14184832572937012,2.06181001663208,False
fig52,kmeans||,1,10000,15,50,50.0,4.0,1.0,bernoulli,10,52,4.0,188671.23892613687,144041.10799563842,38.0,0.12202286720275879,1.790398120880127,False
fig52,kmeans||,1,10000,15,50,50.0,5.0,1.0,bernoulli,0,42,5.0,186434.5204257139,143419.09899286192,57.0,0.11629819869995117,0.7153055667877197,False
fig52,kmeans||,1,10000,15,50,50.0,5.0,1.0,bernoulli,1,43,5.0,180831.79109693813,143581.2266989778,34.0,0.13376665115356445,0.8268618583679199,False
fig52,kmeans||,1,10000,15,50,50.0,5.0,1.0,bernoulli,2,44,5.0,186641.7260775067,143338.04421010203,49.0,0.17958354949951172,2.420633316040039,False
fig52,kmeans||,1,10000,15,50,50.0,5.0,1.0,bernoulli,3,45,5.0,182710.15737984487,144668.07100607853,42.0,0.4364304542541504,2.120513677597046,False
fig52,kmeans||,1,10000,15,50,50.0,5.0,1.0,bernoulli,4,46,5.0,187289.6760576969,144049.40510867033,33.0,0.2592339515686035,1.7642526626586914,False
fig52,kmeans||,1,10000,15,50,50.0,5.0,1.0,bernoulli,5,47,5.0,182671.04662656362,143898.7743968889,51.0,0.09408164024353027,1.3728232383728027,False
fig52,kmeans||,1,10000,15,50,50.0,5.0,1.0,bernoulli,6,48,5.0,180360.00995279747,143470.21266495163,67.0,0.18720126152038574,3.5514800548553467,False
fig52,kmeans||,1,10000,15,50,50.0,5.0,1.0,bernoulli,7,49,5.0,183091.80818143015,143939.3996692775,34.0,0.13719940185546875,0.9111762046813965,False
fig52,kmeans||,1,10000,15,50,50.0,5.0,1.0,bernoulli,8,50,5.0,184421.8129256584,143751.60091026442,39.0,0.4450409412384033,2.8774220943450928,False
fig52,kmeans||,1,10000,15,50,50.0,5.0,1.0,bernoulli,9,51,5.0,181283.1943057538,143825.47308540606,29.0,0.15526485443115234,0.7921571731567383,False
fig52,kmeans||,1,10000,15,50,50.0,5.0,1.0,bernoulli,10,52,5.0,183011.89339646357,143971.95732539747,23.0,0.14464330673217773,1.0229651927947998,False
fig52,kmeans||,1,10000,15,50,50.0,6.0,1.0,bernoulli,0,42,6.0,182151.61734557705,144237.644352744,44.0,0.16683101654052734,1.645054578781128,False
fig52,kmeans||,1,10000,15,50,50.0,6.0,1.0,bernoulli,1,43,6.0,180612.37905650664,143914.9011719528,42.0,0.5875511169433594,2.724745512008667,False
fig52,kmeans||,1,10000,15,50,50.0,6.0,1.0,bernoulli,2,44,6.0,183458.23314597647,144016.98556633817,37.0,0.2901575565338135,1.7229478359222412,False
fig52,kmeans||,1,10000,15,50,50.0,6.0,1.0,bernoulli,3,45,6.0,177746.0545442356,145150.32261994656,29.0,0.5353009700775146,1.3483405113220215,False
fig52,kmeans||,1,10000,15,50,50.0,6.0,1.0,bernoulli,4,46,6.0,182279.69209819895,143978.18370087649,35.0,0.16817593574523926,1.3272755146026611,False
fig52,kmeans||,1,10000,15,50,50.0,6.0,1.0,bernoulli,5,47,6.0,176814.67445390776,143807.3174483058,38.0,0.19071197509765625,1.6783947944641113,False
fig52,kmeans||,1,10000,15,50,50.0,6.0,1.0,bernoulli,6,48,6.0,179230.21100131306,143440.65165240903,29.0,0.5393257141113281,1.1311571598052979,False
fig52,kmeans||,1,10000,15,50,50.0,6.0,1.0,bernoulli,7,49,6.0,181342.89177602998,143931.49601117297,44.0,0.19949126243591309,1.4987716674804688,False
fig52,kmeans||,1,10000,15,50,50.0,6.0,1.0,bernoulli,8,50,6.0,179698.93014608603,145411.34775734536,58.0,0.295851469039917,2.414067506790161,False
fig52,kmeans||,1,10000,15,50,50.0,6.0,1.0,bernoulli,9,51,6.0,175404.38091184222,144195.72332758852,36.0,0.4574258327484131,1.5944812297821045,False
fig52,kmeans||,1,10000,15,50,50.0,6.0,1.0,bernoulli,10,52,6.0,179618.45038905257,143770.8283963518,79.0,0.2670459747314453,1.4194591045379639,False
fig52,kmeans||,1,10000,15,50,50.0,7.0,1.0,bernoulli,0,42,7.0,178713.045894083,144063.97586327375,27.0,0.16751623153686523,0.7449448108673096,False
fig52,kmeans||,1,10000,15,50,50.0,7.0,1.0,bernoulli,1,43,7.0,179942.9191554058,144489.25255497877,28.0,0.18284034729003906,0.6615419387817383,False
fig52,kmeans||,1,10000,15,50,50.0,7.0,1.0,bernoulli,2,44,7.0,178459.39997964693,144504.8068762034,39.0,0.15535426139831543,1.56013822555542,False
fig52,kmeans||,1,10000,15,50,50.0,7.0,1.0,bernoulli,3,45,7.0,176351.82617562512,144055.77815788263,26.0,0.24054741859436035,1.368342399597168,False
fig52,kmeans||,1,10000,15,50,50.0,7.0,1.0,bernoulli,4,46,7.0,178998.13663772214,145782.58707115042,25.0,0.16352295875549316,0.9804902076721191,False
fig52,kmeans||,1,10000,15,50,50.0,7.0,1.0,bernoulli,5,47,7.0,177479.6412259457,144310.6238187839,30.0,0.1542346477508545,1.3632001876831055,False
fig52,kmeans||,1,10000,15,50,50.0,7.0,1.0,bernoulli,6,48,7.0,173498.9256285716,144514.13272219367,49.0,0.19412732124328613,2.151564359664917,False
fig52,kmeans||,1,10000,15,50,50.0,7.0,1.0,bernoulli,7,49,7.0,176843.4443579515,144076.69198713635,32.0,0.18412542343139648,1.1647436618804932,False
fig52,kmeans||,1,10000,15,50,50.0,7.0,1.0,bernoulli,8,50,7.0,176311.9746551547,143968.93612388606,32.0,0.5833747386932373,1.0660696029663086,False
fig52,kmeans||,1,10000,15,50,50.0,7.0,1.0,bernoulli,9,51,7.0,171967.69693660608,143671.8276203727,53.0,0.16303586959838867,1.7945060729980469,False
fig52,kmeans||,1,10000,15,50,50.0,7.0,1.0,bernoulli,10,52,7.0,174719.55669902693,143097.68146565766,34.0,0.15489506721496582,1.6718013286590576,False
fig52,kmeans||,1,10000,15,50,50.0,8.0,1.0,bernoulli,0,42,8.0,174629.68375347817,143465.11177339382,34.0,0.21618080139160156,2.01303768157959,False
fig52,kmeans||,1,10000,15,50,50.0,8.0,1.0,bernoulli,1,43,8.0,176416.73599768226,144421.68754241941,38.0,0.32523345947265625,1.4119789600372314,False
fig52,kmeans||,1,10000,15,50,50.0,8.0,1.0,bernoulli,2,44,8.0,176302.38262712263,143391.12741713529,38.0,0.25133681297302246,1.3704211711883545,False
fig52,kmeans||,1,10000,15,50,50.0,8.0,1.0,bernoulli,3,45,8.0,175257.1869131585,144859.0488244286,30.0,0.19549012184143066,1.0134718418121338,False
fig52,kmeans||,1,10000,15,50,50.0,8.0,1.0,bernoulli,4,46,8.0,177473.35753152924,143309.11766582378,28.0,0.6106886863708496,0.9294157028198242,False
fig52,kmeans||,1,10000,15,50,50.0,8.0,1.0,bernoulli,5,47,8.0,174424.2890530642,143619.19464026092,40.0,0.19460797309875488,2.391758918762207,False
fig52,kmeans||,1,10000,15,50,50.0,8.0,1.0,bernoulli,6,48,8.0,172502.92194255238,145403.69467000006,18.0,0.3190944194793701,0.44872212409973145,False
fig52,kmeans||,1,10000,15,50,50.0,8.0,1.0,bernoulli,7,49,8.0,173284.18054668762,143935.2861639868,37.0,0.3230321407318115,0.7468841075897217,False
fig52,kmeans||,1,10000,15,50,50.0,8.0,1.0,bernoulli,8,50,8.0,173097.6173794791,143812.02279857296,32.0,0.30324602127075195,0.6411628723144531,False
fig52,kmeans||,1,10000,15,50,50.0,8.0,1.0,bernoulli,9,51,8.0,172742.49130926328,144804.56883682907,35.0,0.17345595359802246,1.8912837505340576,False
fig52,kmeans||,1,10000,15,50,50.0,8.0,1.0,bernoulli,10,52,8.0,169083.38141863758,143042.86594064807,44.0,0.17121124267578125,1.8242199420928955,False
fig52,kmeans||,1,10000,15,50,50.0,9.0,1.0,bernoulli,0,42,9.0,171816.35203026255,144046.44798813137,27.0,0.41542482376098633,0.7616019248962402,False
fig52,kmeans||,1,10000,15,50,50.0,9.0,1.0,bernoulli,1,43,9.0,174255.9383674704,143959.15563346315,31.0,0.17201495170593262,1.3550074100494385,False
fig52,kmeans||,1,10000,15,50,50.0,9.0,1.0,bernoulli,2,44,9.0,171968.96333204766,144191.45987558068,43.0,0.31092357635498047,2.4579017162323,False
fig52,kmeans||,1,10000,15,50,50.0,9.0,1.0,bernoulli,3,45,9.0,172777.12075168555,144404.69930900904,29.0,0.20934367179870605,1.3553619384765625,False
fig52,kmeans||,1,10000,15,50,50.0,9.0,1.0,bernoulli,4,46,9.0,174150.49437544396,144614.30866075444,30.0,0.21741104125976562,0.7956669330596924,False
fig52,kmeans||,1,10000,15,50,50.0,9.0,1.0,bernoulli,5,47,9.0,173424.77441030336,143265.65852548968,43.0,0.18043041229248047,2.5147759914398193,False
fig52,kmeans||,1,10000,15,50,50.0,9.0,1.0,bernoulli,6,48,9.0,172883.1787849058,143555.82037663987,71.0,0.23833012580871582,1.677541732788086,False
fig52,kmeans||,1,10000,15,50,50.0,9.0,1.0,bernoulli,7,49,9.0,172002.43828702916,143048.1598857068,32.0,0.25124287605285645,0.8462469577789307,False
fig52,kmeans||,1,10000,15,50,50.0,9.0,1.0,bernoulli,8,50,9.0,172096.14320279812,143808.88367502933,25.0,0.28482842445373535,1.965766429901123,False
fig52,kmeans||,1,10000,15,50,50.0,9.0,1.0,bernoulli,9,51,9.0,171054.2958820242,144717.5702200481,33.0,0.42816829681396484,1.69704270362854,False
fig52,kmeans||,1,10000,15,50,50.0,9.0,1.0,bernoulli,10,52,9.0,168517.98388279226,144668.02969951276,25.0,0.2515523433685303,0.7889225482940674,False
fig52,kmeans||,1,10000,15,50,50.0,10.0,1.0,bernoulli,0,42,10.0,170386.97536308883,143894.84353067615,30.0,0.5806684494018555,1.6468298435211182,False
fig52,kmeans||,1,10000,15,50,50.0,10.0,1.0,bernoulli,1,43,10.0,168063.63639789342,144160.44453563477,37.0,0.5542745590209961,2.023050308227539,False
fig52,kmeans||,1,10000,15,50,50.0,10.0,1.0,bernoulli,2,44,10.0,170864.43118790071,143155.68545923676,75.0,0.2592647075653076,2.3001198768615723,False
fig52,kmeans||,1,10000,15,50,50.0,10.0,1.0,bernoulli,3,45,10.0,168752.1672336637,144674.687680131,39.0,0.2294607162475586,2.9147396087646484,False
fig52,kmeans||,1,10000,15,50,50.0,10.0,1.0,bernoulli,4,46,10.0,171080.8940080473,142998.57753202922,38.0,0.4326765537261963,2.327486753463745,False
fig52,kmeans||,1,10000,15,50,50.0,10.0,1.0,bernoulli,5,47,10.0,169647.30206687085,144585.51244867337,68.0,0.20953679084777832,2.9200408458709717,False
fig52,kmeans||,1,10000,15,50,50.0,10.0,1.0,bernoulli,6,48,10.0,170644.47405820823,144473.00726892988,25.0,0.1895895004272461,0.6838855743408203,False
fig52,kmeans||,1,10000,15,50,50.0,10.0,1.0,bernoulli,7,49,10.0,172469.63579925854,144087.09130410885,40.0,0.45542240142822266,1.2887074947357178,False
fig52,kmeans||,1,10000,15,50,50.0,10.0,1.0,bernoulli,8,50,10.0,168233.11407277867,143406.17508422353,30.0,0.5273616313934326,0.928417444229126,False
fig52,kmeans||,1,10000,15,50,50.0,10.0,1.0,bernoulli,9,51,10.0,169114.08134328018,143793.80470487612,37.0,0.20332574844360352,0.4705474376678467,False
fig52,kmeans||,1,10000,15,50,50.0,10.0,1.0,bernoulli,10,52,10.0,170578.9361002208,144546.93719675293,38.0,0.2003192901611328,2.003044843673706,False
fig52,kmeans||,1,10000,15,50,50.0,11.0,1.0,bernoulli,0,42,11.0,169189.35839942543,143712.58038678562,34.0,0.38605546951293945,1.9513306617736816,False
fig52,kmeans||,1,10000,15,50,50.0,11.0,1.0,bernoulli,1,43,11.0,170700.08776306565,144348.34707661456,34.0,0.4366004467010498,1.5907576084136963,False
fig52,kmeans||,1,10000,15,50,50.0,11.0,1.0,bernoulli,2,44,11.0,170477.96638632717,143653.8985044005,36.0,0.24969124794006348,1.68746018409729,False
fig52,kmeans||,1,10000,15,50,50.0,11.0,1.0,bernoulli,3,45,11.0,170894.25050560446,144893.85967263253,17.0,0.7274267673492432,0.9797356128692627,False
fig52,kmeans||,1,10000,15,50,50.0,11.0,1.0,bernoulli,4,46,11.0,167975.46232965036,143467.3542712814,36.0,0.2652761936187744,1.856269121170044,False
fig52,kmeans||,1,10000,15,50,50.0,11.0,1.0,bernoulli,5,47,11.0,168527.87926782484,144393.89572067573,19.0,0.3194098472595215,0.6642177104949951,False
fig52,kmeans||,1,10000,15,50,50.0,11.0,1.0,bernoulli,6,48,11.0,168798.4832758643,143758.07255670824,32.0,0.8545777797698975,1.9046299457550049,False
fig52,kmeans||,1,10000,15,50,50.0,11.0,1.0,bernoulli,7,49,11.0,168330.5225607489,143671.2771238688,41.0,0.5024130344390869,2.1562464237213135,False
fig52,kmeans||,1,10000,15,50,50.0,11.0,1.0,bernoulli,8,50,11.0,166339.16767924096,143757.6700192497,27.0,0.8329160213470459,2.785912036895752,False
fig52,kmeans||,1,10000,15,50,50.0,11.0,1.0,bernoulli,9,51,11.0,166746.22796086196,143562.28090160407,25.0,0.4258730411529541,1.615293264389038,False
fig52,kmeans||,1,10000,15,50,50.0,11.0,1.0,bernoulli,10,52,11.0,166169.2481456988,144530.28431051836,24.0,0.31607794761657715,0.9126710891723633,False
fig52,kmeans||,1,10000,15,50,50.0,12.0,1.0,bernoulli,0,42,12.0,166054.9014162663,144461.0052621191,31.0,0.6472897529602051,1.4381382465362549,False
fig52,kmeans||,1,10000,15,50,50.0,12.0,1.0,bernoulli,1,43,12.0,167555.37303772874,143887.22075357588,38.0,0.6917872428894043,2.2798783779144287,False
fig52,kmeans||,1,10000,15,50,50.0,12.0,1.0,bernoulli,2,44,12.0,167848.0188180526,144759.6598584732,45.0,0.5374624729156494,2.764317512512207,False
fig52,kmeans||,1,10000,15,50,50.0,12.0,1.0,bernoulli,3,45,12.0,168678.7392419446,143695.73754265954,39.0,0.549504280090332,0.9790499210357666,False
fig52,kmeans||,1,10000,15,50,50.0,12.0,1.0,bernoulli,4,46,12.0,166613.35685215794,143665.61048128107,17.0,0.273653507232666,1.4876055717468262,False
fig52,kmeans||,1,10000,15,50,50.0,12.0,1.0,bernoulli,5,47,12.0,172329.05709222908,144025.05557684856,43.0,0.3731684684753418,2.9042088985443115,False
fig52,kmeans||,1,10000,15,50,50.0,12.0,1.0,bernoulli,6,48,12.0,167439.64570148019,143998.4126572875,38.0,0.45037293434143066,2.3563051223754883,False
fig52,kmeans||,1,10000,15,50,50.0,12.0,1.0,bernoulli,7,49,12.0,164793.79366911523,143564.5679345895,33.0,0.5758466720581055,1.2459886074066162,False
fig52,kmeans||,1,10000,15,50,50.0,12.0,1.0,bernoulli,8,50,12.0,165111.76498464742,143417.91755655338,61.0,0.5832931995391846,3.6364917755126953,False
fig52,kmeans||,1,10000,15,50,50.0,12.0,1.0,bernoulli,9,51,12.0,164746.31677297488,143361.51159872726,38.0,0.38976478576660156,2.8388442993164062,False
fig52,kmeans||,1,10000,15,50,50.0,12.0,1.0,bernoulli,10,52,12.0,165769.11369190135,144083.86568993228,32.0,0.26032423973083496,1.5155532360076904,False
fig52,kmeans||,1,10000,15,50,50.0,13.0,1.0,bernoulli,0,42,13.0,166117.9832245381,143951.16383382046,47.0,0.6418161392211914,1.6083974838256836,False
fig52,kmeans||,1,10000,15,50,50.0,13.0,1.0,bernoulli,1,43,13.0,165396.65759067057,144348.37582313415,33.0,0.5822441577911377,1.4539785385131836,False
fig52,kmeans||,1,10000,15,50,50.0,13.0,1.0,bernoulli,2,44,13.0,165896.80580157836,143474.4587198926,40.0,0.38599586486816406,2.886141061782837,False
fig52,kmeans||,1,10000,15,50,50.0,13.0,1.0,bernoulli,3,45,13.0,165554.9814784066,144800.1684551543,18.0,0.40186190605163574,0.8307991027832031,False
fig52,kmeans||,1,10000,15,50,50.0,13.0,1.0,bernoulli,4,46,13.0,163678.83541587112,144379.48911983904,47.0,0.29437685012817383,1.929091453552246,False
fig52,kmeans||,1,10000,15,50,50.0,13.0,1.0,bernoulli,5,47,13.0,166184.2298840041,144107.90442528517,66.0,0.3207271099090576,3.7524900436401367,False
fig52,kmeans||,1,10000,15,50,50.0,13.0,1.0,bernoulli,6,48,13.0,162587.43173153925,144058.6641257994,26.0,0.7254548072814941,1.4144155979156494,False
fig52,kmeans||,1,10000,15,50,50.0,13.0,1.0,bernoulli,7,49,13.0,167922.71358901868,144857.41140878067,18.0,0.320659875869751,1.1894688606262207,False
fig52,kmeans||,1,10000,15,50,50.0,13.0,1.0,bernoulli,8,50,13.0,164858.44314069612,143851.2620865722,40.0,0.7339017391204834,2.723642349243164,False
fig52,kmeans||,1,10000,15,50,50.0,13.0,1.0,bernoulli,9,51,13.0,162612.96203717648,143387.47230943956,28.0,0.4367513656616211,1.9225437641143799,False
fig52,kmeans||,1,10000,15,50,50.0,13.0,1.0,bernoulli,10,52,13.0,163536.66634030378,143490.5282297912,40.0,0.514214277267456,2.5943281650543213,False
fig52,kmeans||,1,10000,15,50,50.0,14.0,1.0,bernoulli,0,42,14.0,166390.83281601992,144699.1494598046,39.0,0.6935081481933594,1.0381851196289062,False
fig52,kmeans||,1,10000,15,50,50.0,14.0,1.0,bernoulli,1,43,14.0,166224.40323339903,144310.6516900228,46.0,0.6288211345672607,2.3579626083374023,False
fig52,kmeans||,1,10000,15,50,50.0,14.0,1.0,bernoulli,2,44,14.0,167053.56794927904,144055.19491369236,22.0,0.7037868499755859,0.8132612705230713,False
fig52,kmeans||,1,10000,15,50,50.0,14.0,1.0,bernoulli,3,45,14.0,165604.04479124735,143954.15001464201,66.0,0.41097021102905273,3.7629916667938232,False
fig52,kmeans||,1,10000,15,50,50.0,14.0,1.0,bernoulli,4,46,14.0,165730.74798574316,144387.68902825174,27.0,0.447265625,0.8870701789855957,False
fig52,kmeans||,1,10000,15,50,50.0,14.0,1.0,bernoulli,5,47,14.0,163688.6421332267,146036.53290585298,71.0,0.2775273323059082,2.3825747966766357,False
fig52,kmeans||,1,10000,15,50,50.0,14.0,1.0,bernoulli,6,48,14.0,165198.1308041133,144116.57144211343,35.0,0.9170491695404053,2.3039045333862305,False
fig52,kmeans||,1,10000,15,50,50.0,14.0,1.0,bernoulli,7,49,14.0,167528.17534999765,143944.51241124392,21.0,0.5340919494628906,0.6493330001831055,False
fig52,kmeans||,1,10000,15,50,50.0,14.0,1.0,bernoulli,8,50,14.0,164476.64782544266,144401.2879568204,47.0,0.8595659732818604,2.2075626850128174,False
fig52,kmeans||,1,10000,15,50,50.0,14.0,1.0,bernoulli,9,51,14.0,163789.63820113198,144902.92824424696,48.0,0.5716001987457275,3.0564136505126953,False
fig52,kmeans||,1,10000,15,50,50.0,14.0,1.0,bernoulli,10,52,14.0,160600.65856554933,143966.82492148934,28.0,0.43932509422302246,0.9010791778564453,False
fig52,kmeans||,1,10000,15,50,50.0,15.0,1.0,bernoulli,0,42,15.0,164794.46337903955,143822.37323708404,24.0,0.42819833755493164,1.1945853233337402,False
fig52,kmeans||,1,10000,15,50,50.0,15.0,1.0,bernoulli,1,43,15.0,167810.24114127405,145763.06618424313,53.0,0.705697774887085,2.516719341278076,False
fig52,kmeans||,1,10000,15,50,50.0,15.0,1.0,bernoulli,2,44,15.0,164043.50043120622,143441.7853818386,38.0,0.4877321720123291,2.6037566661834717,False
fig52,kmeans||,1,10000,15,50,50.0,15.0,1.0,bernoulli,3,45,15.0,163510.25257109804,144528.94249626555,31.0,0.4064946174621582,1.3155462741851807,False
fig52,kmeans||,1,10000,15,50,50.0,15.0,1.0,bernoulli,4,46,15.0,163290.20491911643,144087.6235358224,36.0,0.4400632381439209,1.8862216472625732,False
fig52,kmeans||,1,10000,15,50,50.0,15.0,1.0,bernoulli,5,47,15.0,164844.53636246963,143380.69038386963,39.0,0.26064276695251465,1.0160400867462158,False
fig52,kmeans||,1,10000,15,50,50.0,15.0,1.0,bernoulli,6,48,15.0,161722.57805377664,143389.33787548429,22.0,0.7785582542419434,0.7906358242034912,False
fig52,kmeans||,1,10000,15,50,50.0,15.0,1.0,bernoulli,7,49,15.0,164884.27271784842,143774.53530283502,43.0,0.5310280323028564,2.7857203483581543,False
fig52,kmeans||,1,10000,15,50,50.0,15.0,1.0,bernoulli,8,50,15.0,163744.16671780523,144201.40061165526,48.0,0.4754371643066406,1.9887073040008545,False
fig52,kmeans||,1,10000,15,50,50.0,15.0,1.0,bernoulli,9,51,15.0,163161.7139373993,144422.01959425875,30.0,0.48666882514953613,1.2752161026000977,False
fig52,kmeans||,1,10000,15,50,50.0,15.0,1.0,bernoulli,10,52,15.0,158068.08428312372,143608.12355440907,26.0,0.3241724967956543,1.4039835929870605,False
fig52,kmeans||,1,10000,15,50,100.0,0.0,2.0,bernoulli,0,42,0.0,233607.185143099,143869.55467704526,37.0,0.0211179256439209,2.098930835723877,False
fig52,kmeans||,1,10000,15,50,100.0,0.0,2.0,bernoulli,1,43,0.0,229041.86799252656,144819.57738847376,51.0,0.021429061889648438,2.1953516006469727,False
fig52,kmeans||,1,10000,15,50,100.0,0.0,2.0,bernoulli,2,44,0.0,232125.56681468364,142947.23405671126,37.0,0.019820451736450195,1.2763142585754395,False
fig52,kmeans||,1,10000,15,50,100.0,0.0,2.0,bernoulli,3,45,0.0,241133.97974930896,144245.97833695874,70.0,0.020231962203979492,2.6511502265930176,False
fig52,kmeans||,1,10000,15,50,100.0,0.0,2.0,bernoulli,4,46,0.0,235899.24953818426,144368.12163175447,40.0,0.020074129104614258,2.2007815837860107,False
fig52,kmeans||,1,10000,15,50,100.0,0.0,2.0,bernoulli,5,47,0.0,231816.57786928586,144244.81332554016,40.0,0.02112269401550293,1.3473153114318848,False
fig52,kmeans||,1,10000,15,50,100.0,0.0,2.0,bernoulli,6,48,0.0,235063.60500962805,145058.11721723544,61.0,0.02032756805419922,3.0880722999572754,False
fig52,kmeans||,1,10000,15,50,100.0,0.0,2.0,bernoulli,7,49,0.0,232622.0944739139,144998.87056759582,33.0,0.020178556442260742,1.0422523021697998,False
fig52,kmeans||,1,10000,15,50,100.0,0.0,2.0,bernoulli,8,50,0.0,226772.57671175437,145342.87180807575,28.0,0.02022695541381836,1.2836625576019287,False
fig52,kmeans||,1,10000,15,50,100.0,0.0,2.0,bernoulli,9,51,0.0,237214.44208288338,143317.62734468546,51.0,0.02044367790222168,2.6205599308013916,False
fig52,kmeans||,1,10000,15,50,100.0,0.0,2.0,bernoulli,10,52,0.0,227018.4730972204,143622.45684095527,34.0,0.02013230323791504,0.7499039173126221,False
fig52,kmeans||,1,10000,15,50,100.0,1.0,2.0,bernoulli,0,42,1.0,206362.79012802744,143941.45847287535,23.0,0.06773972511291504,0.42031264305114746,False
fig52,kmeans||,1,10000,15,50,100.0,1.0,2.0,bernoulli,1,43,1.0,200762.16076451814,143046.78179850115,27.0,0.07808303833007812,1.4972412586212158,False
fig52,kmeans||,1,10000,15,50,100.0,1.0,2.0,bernoulli,2,44,1.0,208835.7834544234,143773.59212822837,35.0,0.07010221481323242,1.376138687133789,False
fig52,kmeans||,1,10000,15,50,100.0,1.0,2.0,bernoulli,3,45,1.0,201167.3078109483,143762.295776696,38.0,0.09556984901428223,1.9507105350494385,False
fig52,kmeans||,1,10000,15,50,100.0,1.0,2.0,bernoulli,4,46,1.0,217886.13743981486,145016.89178837196,68.0,0.06902289390563965,2.365874767303467,False
fig52,kmeans||,1,10000,15,50,100.0,1.0,2.0,bernoulli,5,47,1.0,206653.29651484505,143352.47547441107,28.0,0.09794807434082031,1.5262854099273682,False
fig52,kmeans||,1,10000,15,50,100.0,1.0,2.0,bernoulli,6,48,1.0,210773.33290535945,143342.88874667961,41.0,0.0908806324005127,0.6649563312530518,False
fig52,kmeans||,1,10000,15,50,100.0,1.0,2.0,bernoulli,7,49,1.0,209663.813969142,145468.6721221475,35.0,0.09134316444396973,1.5180628299713135,False
fig52,kmeans||,1,10000,15,50,100.0,1.0,2.0,bernoulli,8,50,1.0,210731.4087841585,145367.91550991518,37.0,0.07040286064147949,0.47408461570739746,False
fig52,kmeans||,1,10000,15,50,100.0,1.0,2.0,bernoulli,9,51,1.0,205933.62795596966,144337.4997857711,51.0,0.08522486686706543,1.2795591354370117,False
fig52,kmeans||,1,10000,15,50,100.0,1.0,2.0,bernoulli,10,52,1.0,209060.2806541802,144105.3585534862,48.0,0.09775328636169434,2.087671995162964,False
fig52,kmeans||,1,10000,15,50,100.0,2.0,2.0,bernoulli,0,42,2.0,185657.30015768425,143434.15228546457,25.0,0.06911015510559082,1.1714391708374023,False
fig52,kmeans||,1,10000,15,50,100.0,2.0,2.0,bernoulli,1,43,2.0,187386.43232893076,143796.4282361483,27.0,0.09329485893249512,2.686246395111084,False
fig52,kmeans||,1,10000,15,50,100.0,2.0,2.0,bernoulli,2,44,2.0,191715.6109633561,143114.76276249383,33.0,0.11443686485290527,2.4797985553741455,False
fig52,kmeans||,1,10000,15,50,100.0,2.0,2.0,bernoulli,3,45,2.0,186117.64093389577,144177.8163731151,52.0,0.08373093605041504,2.7099945545196533,False
fig52,kmeans||,1,10000,15,50,100.0,2.0,2.0,bernoulli,4,46,2.0,194769.3493745512,144629.977167111,30.0,0.11787009239196777,1.1968069076538086,False
fig52,kmeans||,1,10000,15,50,100.0,2.0,2.0,bernoulli,5,47,2.0,187279.9055831291,143658.0280444411,45.0,0.11118125915527344,2.3406338691711426,False
fig52,kmeans||,1,10000,15,50,100.0,2.0,2.0,bernoulli,6,48,2.0,189603.72039641725,144904.51627310843,40.0,0.10707426071166992,1.8406200408935547,False
fig52,kmeans||,1,10000,15,50,100.0,2.0,2.0,bernoulli,7,49,2.0,189208.82156016288,144941.49262116768,31.0,0.11496567726135254,1.7642881870269775,False
fig52,kmeans||,1,10000,15,50,100.0,2.0,2.0,bernoulli,8,50,2.0,187834.77121582054,143793.41089783542,48.0,0.10951805114746094,3.3177731037139893,False
fig52,kmeans||,1,10000,15,50,100.0,2.0,2.0,bernoulli,9,51,2.0,187020.00523507423,144014.35518638388,43.0,0.11398029327392578,2.9932732582092285,False
fig52,kmeans||,1,10000,15,50,100.0,2.0,2.0,bernoulli,10,52,2.0,186025.02635123406,144287.51009758364,38.0,0.10928082466125488,3.1564080715179443,False
fig52,kmeans||,1,10000,15,50,100.0,3.0,2.0,bernoulli,0,42,3.0,180972.9760235928,144381.49040878814,24.0,0.15206074714660645,2.167811155319214,False
fig52,kmeans||,1,10000,15,50,100.0,3.0,2.0,bernoulli,1,43,3.0,180982.263551863,143693.5951777165,32.0,0.16817188262939453,2.0819220542907715,False
fig52,kmeans||,1,10000,15,50,100.0,3.0,2.0,bernoulli,2,44,3.0,179764.9392062217,143466.7241056107,46.0,0.10771489143371582,2.7116448879241943,False
fig52,kmeans||,1,10000,15,50,100.0,3.0,2.0,bernoulli,3,45,3.0,177971.9904223297,142966.30069896096,40.0,0.1047966480255127,3.0323171615600586,False
fig52,kmeans||,1,10000,15,50,100.0,3.0,2.0,bernoulli,4,46,3.0,182921.20692435096,143895.42013290906,29.0,0.16214799880981445,1.3601853847503662,False
fig52,kmeans||,1,10000,15,50,100.0,3.0,2.0,bernoulli,5,47,3.0,178034.83784020995,143362.3846381543,36.0,0.10535240173339844,2.2868714332580566,False
fig52,kmeans||,1,10000,15,50,100.0,3.0,2.0,bernoulli,6,48,3.0,178938.37030870904,144542.48875505276,25.0,0.1250760555267334,1.4765398502349854,False
fig52,kmeans||,1,10000,15,50,100.0,3.0,2.0,bernoulli,7,49,3.0,177360.80725199764,143667.61506094344,45.0,0.12803268432617188,2.3823225498199463,False
fig52,kmeans||,1,10000,15,50,100.0,3.0,2.0,bernoulli,8,50,3.0,177784.44349810388,144566.89478817384,23.0,0.17263126373291016,1.7383437156677246,False
fig52,kmeans||,1,10000,15,50,100.0,3.0,2.0,bernoulli,9,51,3.0,179741.20561801104,144688.18481497187,45.0,0.11935186386108398,3.2109997272491455,False
fig52,kmeans||,1,10000,15,50,100.0,3.0,2.0,bernoulli,10,52,3.0,180003.44808261853,144476.70092202676,56.0,0.13059282302856445,2.936018705368042,False
fig52,kmeans||,1,10000,15,50,100.0,4.0,2.0,bernoulli,0,42,4.0,171993.35052330518,143686.225951636,37.0,0.13249421119689941,1.7718491554260254,False
fig52,kmeans||,1,10000,15,50,100.0,4.0,2.0,bernoulli,1,43,4.0,174049.79007641348,143673.8191784132,28.0,0.15932440757751465,2.2959396839141846,False
fig52,kmeans||,1,10000,15,50,100.0,4.0,2.0,bernoulli,2,44,4.0,177083.89171664233,145275.4092305336,26.0,0.21307802200317383,1.301732063293457,False
fig52,kmeans||,1,10000,15,50,100.0,4.0,2.0,bernoulli,3,45,4.0,172954.70152667793,144040.16319320744,32.0,0.13774871826171875,1.2490551471710205,False
fig52,kmeans||,1,10000,15,50,100.0,4.0,2.0,bernoulli,4,46,4.0,175053.7870680623,145320.59528963992,34.0,0.15552163124084473,1.8670268058776855,False
fig52,kmeans||,1,10000,15,50,100.0,4.0,2.0,bernoulli,5,47,4.0,173032.6058202752,143091.30025708376,23.0,0.14135432243347168,0.6842865943908691,False
fig52,kmeans||,1,10000,15,50,100.0,4.0,2.0,bernoulli,6,48,4.0,172869.841324114,143600.45716490486,28.0,0.18125271797180176,2.115532398223877,False
fig52,kmeans||,1,10000,15,50,100.0,4.0,2.0,bernoulli,7,49,4.0,170761.73498871105,144014.82605391683,32.0,0.191788911819458,1.9195892810821533,False
fig52,kmeans||,1,10000,15,50,100.0,4.0,2.0,bernoulli,8,50,4.0,174113.39569503025,144363.89599799528,30.0,0.14644503593444824,1.2894182205200195,False
fig52,kmeans||,1,10000,15,50,100.0,4.0,2.0,bernoulli,9,51,4.0,172702.6686486041,143746.1565432832,49.0,0.1269979476928711,1.1944897174835205,False
fig52,kmeans||,1,10000,15,50,100.0,4.0,2.0,bernoulli,10,52,4.0,173975.13338805918,145319.34502453005,29.0,0.14040517807006836,0.643052339553833,False
fig52,kmeans||,1,10000,15,50,100.0,5.0,2.0,bernoulli,0,42,5.0,169474.55118064082,146480.11635964148,26.0,0.20854496955871582,0.8872358798980713,False
fig52,kmeans||,1,10000,15,50,100.0,5.0,2.0,bernoulli,1,43,5.0,168433.0869199996,144159.82219037754,46.0,0.22489690780639648,1.525489330291748,False
fig52,kmeans||,1,10000,15,50,100.0,5.0,2.0,bernoulli,2,44,5.0,172118.14248468442,145140.25003437477,33.0,0.12737536430358887,1.678431749343872,False
fig52,kmeans||,1,10000,15,50,100.0,5.0,2.0,bernoulli,3,45,5.0,170633.03322939522,143099.12837316576,25.0,0.15614533424377441,0.32860827445983887,False
fig52,kmeans||,1,10000,15,50,100.0,5.0,2.0,bernoulli,4,46,5.0,172010.81636472288,144376.17271258094,23.0,0.13545727729797363,0.848482608795166,False
fig52,kmeans||,1,10000,15,50,100.0,5.0,2.0,bernoulli,5,47,5.0,170818.35114938676,144091.01642619882,41.0,0.18318891525268555,2.363417863845825,False
fig52,kmeans||,1,10000,15,50,100.0,5.0,2.0,bernoulli,6,48,5.0,169715.74412127907,144322.89940913243,29.0,0.2530975341796875,1.2801556587219238,False
fig52,kmeans||,1,10000,15,50,100.0,5.0,2.0,bernoulli,7,49,5.0,169297.60478927888,143813.50194218845,38.0,0.12714481353759766,1.5801289081573486,False
fig52,kmeans||,1,10000,15,50,100.0,5.0,2.0,bernoulli,8,50,5.0,173362.76308124405,144671.32872603295,29.0,0.2274324893951416,1.7173199653625488,False
fig52,kmeans||,1,10000,15,50,100.0,5.0,2.0,bernoulli,9,51,5.0,171175.8244332951,144003.50126513845,34.0,0.174940824508667,1.0988824367523193,False
fig52,kmeans||,1,10000,15,50,100.0,5.0,2.0,bernoulli,10,52,5.0,171172.40021175132,144708.3160895736,31.0,0.21953368186950684,1.7740066051483154,False
fig52,kmeans||,1,10000,15,50,100.0,6.0,2.0,bernoulli,0,42,6.0,167301.0959517919,144545.3312662398,32.0,0.31505703926086426,1.6996300220489502,False
fig52,kmeans||,1,10000,15,50,100.0,6.0,2.0,bernoulli,1,43,6.0,166915.86391635265,145547.22514910475,34.0,0.22057008743286133,1.556650161743164,False
fig52,kmeans||,1,10000,15,50,100.0,6.0,2.0,bernoulli,2,44,6.0,170158.14121602481,145289.07353045742,29.0,0.1671125888824463,1.6198453903198242,False
fig52,kmeans||,1,10000,15,50,100.0,6.0,2.0,bernoulli,3,45,6.0,166290.21707365254,144235.64062168542,33.0,0.2873866558074951,1.145172357559204,False
fig52,kmeans||,1,10000,15,50,100.0,6.0,2.0,bernoulli,4,46,6.0,170068.75657957682,144204.94384643252,22.0,0.23615670204162598,1.7278101444244385,False
fig52,kmeans||,1,10000,15,50,100.0,6.0,2.0,bernoulli,5,47,6.0,168267.31401890088,143638.94598316113,42.0,0.23886656761169434,2.711454391479492,False
fig52,kmeans||,1,10000,15,50,100.0,6.0,2.0,bernoulli,6,48,6.0,168447.9426385683,143304.21950447158,38.0,0.288022518157959,2.6874067783355713,False
fig52,kmeans||,1,10000,15,50,100.0,6.0,2.0,bernoulli,7,49,6.0,166521.22229357672,144115.1465995129,30.0,0.27390265464782715,2.2241857051849365,False
fig52,kmeans||,1,10000,15,50,100.0,6.0,2.0,bernoulli,8,50,6.0,168861.55331054743,144104.0170564271,27.0,0.23410725593566895,1.8334712982177734,False
fig52,kmeans||,1,10000,15,50,100.0,6.0,2.0,bernoulli,9,51,6.0,165128.53860531037,144957.44495173497,49.0,0.189924955368042,3.5273005962371826,False
fig52,kmeans||,1,10000,15,50,100.0,6.0,2.0,bernoulli,10,52,6.0,165320.54372603534,143686.69221693522,27.0,0.3171365261077881,0.7830352783203125,False
fig52,kmeans||,1,10000,15,50,100.0,7.0,2.0,bernoulli,0,42,7.0,164280.01346704198,143963.4413732589,24.0,0.26029133796691895,1.602851390838623,False
fig52,kmeans||,1,10000,15,50,100.0,7.0,2.0,bernoulli,1,43,7.0,162787.16285855146,143375.83697457815,44.0,0.2661592960357666,2.2904982566833496,False
fig52,kmeans||,1,10000,15,50,100.0,7.0,2.0,bernoulli,2,44,7.0,166469.50861883914,143244.09584600714,40.0,0.2636997699737549,3.086320400238037,False
fig52,kmeans||,1,10000,15,50,100.0,7.0,2.0,bernoulli,3,45,7.0,164446.3006729908,143483.3440364268,37.0,0.19167590141296387,2.0560123920440674,False
fig52,kmeans||,1,10000,15,50,100.0,7.0,2.0,bernoulli,4,46,7.0,163414.94930169813,145543.12901311915,28.0,0.20948100090026855,2.456174612045288,False
fig52,kmeans||,1,10000,15,50,100.0,7.0,2.0,bernoulli,5,47,7.0,163892.55572734674,143976.1150066947,49.0,0.3078763484954834,2.89327073097229,False
fig52,kmeans||,1,10000,15,50,100.0,7.0,2.0,bernoulli,6,48,7.0,166465.20331267902,143593.31538554578,51.0,0.31389760971069336,2.2591495513916016,False
fig52,kmeans||,1,10000,15,50,100.0,7.0,2.0,bernoulli,7,49,7.0,163159.7285925393,144177.1063497569,29.0,0.28299880027770996,2.192140817642212,False
fig52,kmeans||,1,10000,15,50,100.0,7.0,2.0,bernoulli,8,50,7.0,164850.0090070015,144158.6744518493,52.0,0.27210450172424316,2.0463860034942627,False
fig52,kmeans||,1,10000,15,50,100.0,7.0,2.0,bernoulli,9,51,7.0,161830.2525912137,144960.41055323515,50.0,0.24715876579284668,2.7081379890441895,False
fig52,kmeans||,1,10000,15,50,100.0,7.0,2.0,bernoulli,10,52,7.0,163497.27815577734,144671.75826126256,25.0,0.2505950927734375,0.8960118293762207,False
fig52,kmeans||,1,10000,15,50,100.0,8.0,2.0,bernoulli,0,42,8.0,161438.88259793833,143799.21651190356,24.0,0.2225940227508545,1.4212548732757568,False
fig52,kmeans||,1,10000,15,50,100.0,8.0,2.0,bernoulli,1,43,8.0,160920.58723059605,143415.39066558785,30.0,0.28516125679016113,1.55391526222229,False
fig52,kmeans||,1,10000,15,50,100.0,8.0,2.0,bernoulli,2,44,8.0,163112.27565138592,144747.4856432975,35.0,0.2807157039642334,2.6598012447357178,False
fig52,kmeans||,1,10000,15,50,100.0,8.0,2.0,bernoulli,3,45,8.0,164812.53334568723,144609.3004765529,29.0,0.1843729019165039,1.302980661392212,False
fig52,kmeans||,1,10000,15,50,100.0,8.0,2.0,bernoulli,4,46,8.0,161446.13848069814,145093.44316446874,25.0,0.2587602138519287,1.1733298301696777,False
fig52,kmeans||,1,10000,15,50,100.0,8.0,2.0,bernoulli,5,47,8.0,163606.56034044045,142959.25170962326,31.0,0.31586194038391113,1.5229430198669434,False
fig52,kmeans||,1,10000,15,50,100.0,8.0,2.0,bernoulli,6,48,8.0,162634.58295033712,144308.38237635448,25.0,0.18926763534545898,1.5128309726715088,False
fig52,kmeans||,1,10000,15,50,100.0,8.0,2.0,bernoulli,7,49,8.0,160387.30503497605,143994.2211762966,32.0,0.2937769889831543,1.9343757629394531,False
fig52,kmeans||,1,10000,15,50,100.0,8.0,2.0,bernoulli,8,50,8.0,163031.54339390955,144729.1851257306,27.0,0.19664788246154785,1.5677564144134521,False
fig52,kmeans||,1,10000,15,50,100.0,8.0,2.0,bernoulli,9,51,8.0,162190.44025471187,144803.5945833716,18.0,0.20060110092163086,0.8862218856811523,False
fig52,kmeans||,1,10000,15,50,100.0,8.0,2.0,bernoulli,10,52,8.0,164201.68038564204,144898.01465143845,45.0,0.22248578071594238,0.9334702491760254,False
fig52,kmeans||,1,10000,15,50,100.0,9.0,2.0,bernoulli,0,42,9.0,161250.0720948922,144535.85532457745,30.0,0.3587493896484375,1.786325454711914,False
fig52,kmeans||,1,10000,15,50,100.0,9.0,2.0,bernoulli,1,43,9.0,158284.3287362229,143467.83783793534,27.0,0.2920200824737549,1.4624135494232178,False
fig52,kmeans||,1,10000,15,50,100.0,9.0,2.0,bernoulli,2,44,9.0,160772.51238996146,144998.27636208106,51.0,0.2202303409576416,2.610609769821167,False
fig52,kmeans||,1,10000,15,50,100.0,9.0,2.0,bernoulli,3,45,9.0,158496.81584359892,143618.63634632653,21.0,0.3265352249145508,2.0382771492004395,False
fig52,kmeans||,1,10000,15,50,100.0,9.0,2.0,bernoulli,4,46,9.0,162792.36925865844,144751.82564243878,25.0,0.3762698173522949,1.1221017837524414,False
fig52,kmeans||,1,10000,15,50,100.0,9.0,2.0,bernoulli,5,47,9.0,159778.96147363173,144337.78691026915,34.0,0.27040719985961914,1.3829450607299805,False
fig52,kmeans||,1,10000,15,50,100.0,9.0,2.0,bernoulli,6,48,9.0,161485.80215989644,144965.881533479,48.0,0.30033349990844727,2.219822645187378,False
fig52,kmeans||,1,10000,15,50,100.0,9.0,2.0,bernoulli,7,49,9.0,160767.7101939941,144964.5658870115,37.0,0.34342432022094727,1.6752808094024658,False
fig52,kmeans||,1,10000,15,50,100.0,9.0,2.0,bernoulli,8,50,9.0,163648.96805886013,143077.52240783558,43.0,0.3463003635406494,2.7586348056793213,False
fig52,kmeans||,1,10000,15,50,100.0,9.0,2.0,bernoulli,9,51,9.0,161318.10850316595,144132.75516427425,34.0,0.21486353874206543,2.375953197479248,False
fig52,kmeans||,1,10000,15,50,100.0,9.0,2.0,bernoulli,10,52,9.0,159647.76418151575,145170.85157419796,27.0,0.336240291595459,1.6626319885253906,False
fig52,kmeans||,1,10000,15,50,100.0,10.0,2.0,bernoulli,0,42,10.0,156023.60218710068,144094.2740733414,18.0,0.19570136070251465,0.8915739059448242,False
fig52,kmeans||,1,10000,15,50,100.0,10.0,2.0,bernoulli,1,43,10.0,156893.37863617827,144714.07198647741,41.0,0.3120579719543457,2.423569679260254,False
fig52,kmeans||,1,10000,15,50,100.0,10.0,2.0,bernoulli,2,44,10.0,159488.5178408062,144010.87820057935,43.0,0.28921961784362793,2.2821457386016846,False
fig52,kmeans||,1,10000,15,50,100.0,10.0,2.0,bernoulli,3,45,10.0,161217.12060173677,144198.24556938384,42.0,0.31047892570495605,2.1383533477783203,False
fig52,kmeans||,1,10000,15,50,100.0,10.0,2.0,bernoulli,4,46,10.0,159336.48894662477,144413.79353747965,35.0,0.3527045249938965,2.286369800567627,False
fig52,kmeans||,1,10000,15,50,100.0,10.0,2.0,bernoulli,5,47,10.0,157299.979445353,143578.7951799745,32.0,0.30873775482177734,0.5061612129211426,False
fig52,kmeans||,1,10000,15,50,100.0,10.0,2.0,bernoulli,6,48,10.0,161303.38668806662,144095.77078708637,39.0,0.36853551864624023,2.518728256225586,False
fig52,kmeans||,1,10000,15,50,100.0,10.0,2.0,bernoulli,7,49,10.0,159566.63700811742,144067.02343962397,30.0,0.35007596015930176,2.309718132019043,False
fig52,kmeans||,1,10000,15,50,100.0,10.0,2.0,bernoulli,8,50,10.0,159797.49170054914,143814.16852750318,22.0,0.3488898277282715,0.6901242733001709,False
fig52,kmeans||,1,10000,15,50,100.0,10.0,2.0,bernoulli,9,51,10.0,158708.9690539378,144516.42909164922,23.0,0.2977592945098877,0.6877093315124512,False
fig52,kmeans||,1,10000,15,50,100.0,10.0,2.0,bernoulli,10,52,10.0,161059.33314587385,144134.18470724532,42.0,0.30516719818115234,1.2728989124298096,False
fig52,kmeans||,1,10000,15,50,100.0,11.0,2.0,bernoulli,0,42,11.0,155749.30467612133,143182.3870983678,20.0,0.3126800060272217,0.9831113815307617,False
fig52,kmeans||,1,10000,15,50,100.0,11.0,2.0,bernoulli,1,43,11.0,155680.93558149622,144284.21531705605,38.0,0.38831257820129395,2.307518482208252,False
fig52,kmeans||,1,10000,15,50,100.0,11.0,2.0,bernoulli,2,44,11.0,158287.55309489457,143590.2261126951,27.0,0.21256685256958008,0.8424763679504395,False
fig52,kmeans||,1,10000,15,50,100.0,11.0,2.0,bernoulli,3,45,11.0,155362.90645250873,144113.3359313201,29.0,0.32070374488830566,1.2389028072357178,False
fig52,kmeans||,1,10000,15,50,100.0,11.0,2.0,bernoulli,4,46,11.0,158814.5373991215,144070.12677562545,48.0,0.3526036739349365,1.9634289741516113,False
fig52,kmeans||,1,10000,15,50,100.0,11.0,2.0,bernoulli,5,47,11.0,157239.96140947254,143582.3379788375,28.0,0.3323071002960205,1.2475953102111816,False
fig52,kmeans||,1,10000,15,50,100.0,11.0,2.0,bernoulli,6,48,11.0,156173.0990485426,143487.76601105183,29.0,0.28687596321105957,1.4249746799468994,False
fig52,kmeans||,1,10000,15,50,100.0,11.0,2.0,bernoulli,7,49,11.0,156853.8744609041,143412.15841557205,45.0,0.45134401321411133,2.4045677185058594,False
fig52,kmeans||,1,10000,15,50,100.0,11.0,2.0,bernoulli,8,50,11.0,158702.00218018616,144620.50705606697,63.0,0.24981689453125,2.9984405040740967,False
fig52,kmeans||,1,10000,15,50,100.0,11.0,2.0,bernoulli,9,51,11.0,157862.10919369874,145310.4448779219,44.0,0.3704688549041748,1.3472535610198975,False
fig52,kmeans||,1,10000,15,50,100.0,11.0,2.0,bernoulli,10,52,11.0,157218.29773789816,143974.08491508893,30.0,0.2693827152252197,0.9230101108551025,False
fig52,kmeans||,1,10000,15,50,100.0,12.0,2.0,bernoulli,0,42,12.0,153603.58193378258,143476.01655651582,52.0,0.24675369262695312,3.5617599487304688,False
fig52,kmeans||,1,10000,15,50,100.0,12.0,2.0,bernoulli,1,43,12.0,157242.99144514347,144073.8365353987,25.0,0.2319650650024414,1.318960189819336,False
fig52,kmeans||,1,10000,15,50,100.0,12.0,2.0,bernoulli,2,44,12.0,157098.5269608112,144137.57627224008,20.0,0.23309755325317383,0.4269886016845703,False
fig52,kmeans||,1,10000,15,50,100.0,12.0,2.0,bernoulli,3,45,12.0,158229.54572119226,144206.26497037426,35.0,0.24733281135559082,2.0945918560028076,False
fig52,kmeans||,1,10000,15,50,100.0,12.0,2.0,bernoulli,4,46,12.0,157356.0787187787,143893.14322479986,59.0,0.24011993408203125,3.11671781539917,False
fig52,kmeans||,1,10000,15,50,100.0,12.0,2.0,bernoulli,5,47,12.0,156316.7136195185,144966.06956049055,18.0,0.36623692512512207,1.3565363883972168,False
fig52,kmeans||,1,10000,15,50,100.0,12.0,2.0,bernoulli,6,48,12.0,157201.31416999418,143296.44995418523,37.0,0.293170690536499,2.1542882919311523,False
fig52,kmeans||,1,10000,15,50,100.0,12.0,2.0,bernoulli,7,49,12.0,153984.37886539623,143043.12529836225,28.0,0.2686431407928467,1.0751144886016846,False
fig52,kmeans||,1,10000,15,50,100.0,12.0,2.0,bernoulli,8,50,12.0,156941.23699425498,144582.31171251048,20.0,0.40222668647766113,0.37247776985168457,False
fig52,kmeans||,1,10000,15,50,100.0,12.0,2.0,bernoulli,9,51,12.0,157381.31399004464,144157.78275852828,28.0,0.3062937259674072,1.6329221725463867,False
fig52,kmeans||,1,10000,15,50,100.0,12.0,2.0,bernoulli,10,52,12.0,157468.8540861228,144978.52306177228,36.0,0.36083173751831055,2.327043056488037,False
fig52,kmeans||,1,10000,15,50,100.0,13.0,2.0,bernoulli,0,42,13.0,153497.4280264185,144141.83030995703,17.0,0.3529019355773926,0.5467560291290283,False
fig52,kmeans||,1,10000,15,50,100.0,13.0,2.0,bernoulli,1,43,13.0,153234.98472905802,144495.2079339162,47.0,0.33182191848754883,2.1899447441101074,False
fig52,kmeans||,1,10000,15,50,100.0,13.0,2.0,bernoulli,2,44,13.0,158211.31924562546,144011.55657067333,30.0,0.49613475799560547,2.5867867469787598,False
fig52,kmeans||,1,10000,15,50,100.0,13.0,2.0,bernoulli,3,45,13.0,154701.3934583264,143874.50140076896,31.0,0.461850643157959,1.0713016986846924,False
fig52,kmeans||,1,10000,15,50,100.0,13.0,2.0,bernoulli,4,46,13.0,156180.0925145157,144939.614665028,33.0,0.2741272449493408,1.2392737865447998,False
fig52,kmeans||,1,10000,15,50,100.0,13.0,2.0,bernoulli,5,47,13.0,155724.5051317542,143751.21915488498,48.0,0.3522300720214844,2.2279367446899414,False
fig52,kmeans||,1,10000,15,50,100.0,13.0,2.0,bernoulli,6,48,13.0,154914.92113122434,144115.74429370713,29.0,0.4114668369293213,0.9303765296936035,False
fig52,kmeans||,1,10000,15,50,100.0,13.0,2.0,bernoulli,7,49,13.0,155746.65636261544,143523.8773025158,38.0,0.3061788082122803,1.951589822769165,False
fig52,kmeans||,1,10000,15,50,100.0,13.0,2.0,bernoulli,8,50,13.0,154987.386248728,144308.766412433,36.0,0.2908627986907959,1.599092721939087,False
fig52,kmeans||,1,10000,15,50,100.0,13.0,2.0,bernoulli,9,51,13.0,156827.74980598898,143583.2403805466,38.0,0.3509237766265869,1.5952951908111572,False
fig52,kmeans||,1,10000,15,50,100.0,13.0,2.0,bernoulli,10,52,13.0,154980.90389722612,144916.38399168302,22.0,0.2586495876312256,0.8663547039031982,False
fig52,kmeans||,1,10000,15,50,100.0,14.0,2.0,bernoulli,0,42,14.0,154391.63823068934,144026.97844273504,27.0,0.2759838104248047,0.3594787120819092,False
fig52,kmeans||,1,10000,15,50,100.0,14.0,2.0,bernoulli,1,43,14.0,154465.2309196568,143851.5858202724,46.0,0.30449819564819336,1.4477465152740479,False
fig52,kmeans||,1,10000,15,50,100.0,14.0,2.0,bernoulli,2,44,14.0,155325.75560793915,143400.83622599955,68.0,0.3947408199310303,3.7301197052001953,False
fig52,kmeans||,1,10000,15,50,100.0,14.0,2.0,bernoulli,3,45,14.0,153307.14114273014,144642.07254877972,33.0,0.37204408645629883,1.1791176795959473,False
fig52,kmeans||,1,10000,15,50,100.0,14.0,2.0,bernoulli,4,46,14.0,154624.58950456043,143736.42089548285,28.0,0.3558328151702881,1.770451307296753,False
fig52,kmeans||,1,10000,15,50,100.0,14.0,2.0,bernoulli,5,47,14.0,154536.83002800125,144186.31755951594,27.0,0.34041738510131836,1.8344194889068604,False
fig52,kmeans||,1,10000,15,50,100.0,14.0,2.0,bernoulli,6,48,14.0,154855.99834382103,143688.5146637849,31.0,0.29685282707214355,1.4288620948791504,False
fig52,kmeans||,1,10000,15,50,100.0,14.0,2.0,bernoulli,7,49,14.0,154138.42648661285,143432.097857713,27.0,0.4403681755065918,1.4669163227081299,False
fig52,kmeans||,1,10000,15,50,100.0,14.0,2.0,bernoulli,8,50,14.0,155171.19154528517,144882.8085004115,27.0,0.33584165573120117,2.2526633739471436,False
fig52,kmeans||,1,10000,15,50,100.0,14.0,2.0,bernoulli,9,51,14.0,152134.22068799107,143056.87214928586,36.0,0.3898618221282959,2.442887544631958,False
fig52,kmeans||,1,10000,15,50,100.0,14.0,2.0,bernoulli,10,52,14.0,150733.13642702758,143775.79082978432,27.0,0.3811960220336914,1.0239343643188477,False
fig52,kmeans||,1,10000,15,50,100.0,15.0,2.0,bernoulli,0,42,15.0,152766.82185714712,143629.58877052608,31.0,0.29351353645324707,1.944788932800293,False
fig52,kmeans||,1,10000,15,50,100.0,15.0,2.0,bernoulli,1,43,15.0,151359.8317712192,143238.34285216502,37.0,0.2982759475708008,1.7851409912109375,False
fig52,kmeans||,1,10000,15,50,100.0,15.0,2.0,bernoulli,2,44,15.0,155547.53715199704,144195.52139852082,33.0,0.283886194229126,2.232088088989258,False
fig52,kmeans||,1,10000,15,50,100.0,15.0,2.0,bernoulli,3,45,15.0,152512.01855576455,144107.0870334934,32.0,0.29256200790405273,1.8889083862304688,False
fig52,kmeans||,1,10000,15,50,100.0,15.0,2.0,bernoulli,4,46,15.0,152297.78439415887,144158.3873251912,26.0,0.3632934093475342,0.9703245162963867,False
fig52,kmeans||,1,10000,15,50,100.0,15.0,2.0,bernoulli,5,47,15.0,153378.18261348672,143351.05976666033,30.0,0.4618842601776123,2.1024997234344482,False
fig52,kmeans||,1,10000,15,50,100.0,15.0,2.0,bernoulli,6,48,15.0,155176.55852554666,144568.30434005897,27.0,0.45147228240966797,1.1670405864715576,False
fig52,kmeans||,1,10000,15,50,100.0,15.0,2.0,bernoulli,7,49,15.0,152555.19178188447,143773.8651822187,25.0,0.3330192565917969,0.7994592189788818,False
fig52,kmeans||,1,10000,15,50,100.0,15.0,2.0,bernoulli,8,50,15.0,154314.66025579695,144596.3590647452,28.0,0.37634754180908203,2.2562854290008545,False
fig52,kmeans||,1,10000,15,50,100.0,15.0,2.0,bernoulli,9,51,15.0,155163.0462050102,143736.08666806403,28.0,0.4214904308319092,0.6638290882110596,False
fig52,kmeans||,1,10000,15,50,100.0,15.0,2.0,bernoulli,10,52,15.0,151776.61937004945,144537.23724039586,23.0,0.41460156440734863,0.7167913913726807,False
fig52,kmeans||,1,10000,15,50,500.0,0.0,10.0,bernoulli,0,42,0.0,233607.185143099,143869.55467704526,37.0,0.02201366424560547,2.5919880867004395,False
fig52,kmeans||,1,10000,15,50,500.0,0.0,10.0,bernoulli,1,43,0.0,229041.86799252656,144819.57738847376,51.0,0.026044607162475586,1.9852769374847412,False
fig52,kmeans||,1,10000,15,50,500.0,0.0,10.0,bernoulli,2,44,0.0,232125.56681468364,142947.23405671126,37.0,0.024050474166870117,1.9239280223846436,False
fig52,kmeans||,1,10000,15,50,500.0,0.0,10.0,bernoulli,3,45,0.0,241133.97974930896,144245.97833695874,70.0,0.02189016342163086,3.7489795684814453,False
fig52,kmeans||,1,10000,15,50,500.0,0.0,10.0,bernoulli,4,46,0.0,235899.24953818426,144368.12163175447,40.0,0.021319866180419922,1.6022515296936035,False
fig52,kmeans||,1,10000,15,50,500.0,0.0,10.0,bernoulli,5,47,0.0,231816.57786928586,144244.81332554016,40.0,0.020466089248657227,1.5529146194458008,False
fig52,kmeans||,1,10000,15,50,500.0,0.0,10.0,bernoulli,6,48,0.0,235063.60500962805,145058.11721723544,61.0,0.03486180305480957,2.448580265045166,False
fig52,kmeans||,1,10000,15,50,500.0,0.0,10.0,bernoulli,7,49,0.0,232622.0944739139,144998.87056759582,33.0,0.023612260818481445,2.3766565322875977,False
fig52,kmeans||,1,10000,15,50,500.0,0.0,10.0,bernoulli,8,50,0.0,226772.57671175437,145342.87180807575,28.0,0.03465771675109863,2.1355321407318115,False
fig52,kmeans||,1,10000,15,50,500.0,0.0,10.0,bernoulli,9,51,0.0,237214.44208288338,143317.62734468546,51.0,0.03419756889343262,3.377457618713379,False
fig52,kmeans||,1,10000,15,50,500.0,0.0,10.0,bernoulli,10,52,0.0,227018.4730972204,143622.45684095527,34.0,0.0227811336517334,1.0757019519805908,False
fig52,kmeans||,1,10000,15,50,500.0,1.0,10.0,bernoulli,0,42,1.0,169052.56576853374,143592.63674817275,23.0,0.20314335823059082,0.5206246376037598,False
fig52,kmeans||,1,10000,15,50,500.0,1.0,10.0,bernoulli,1,43,1.0,169334.58705937624,143455.28581761292,42.0,0.10801219940185547,3.0616776943206787,False
fig52,kmeans||,1,10000,15,50,500.0,1.0,10.0,bernoulli,2,44,1.0,169236.99334908085,143790.18619479047,32.0,0.1481471061706543,2.075618028640747,False
fig52,kmeans||,1,10000,15,50,500.0,1.0,10.0,bernoulli,3,45,1.0,166102.96571471254,143772.26336885436,35.0,0.25544142723083496,1.7024314403533936,False
fig52,kmeans||,1,10000,15,50,500.0,1.0,10.0,bernoulli,4,46,1.0,171063.120940803,143371.1363922782,27.0,0.1151881217956543,0.7321500778198242,False
fig52,kmeans||,1,10000,15,50,500.0,1.0,10.0,bernoulli,5,47,1.0,167776.20956026125,143665.01479533818,34.0,0.12758779525756836,2.0193283557891846,False
fig52,kmeans||,1,10000,15,50,500.0,1.0,10.0,bernoulli,6,48,1.0,170147.55679850723,143278.69532324336,48.0,0.17101550102233887,1.5482852458953857,False
fig52,kmeans||,1,10000,15,50,500.0,1.0,10.0,bernoulli,7,49,1.0,169597.81978565129,143870.7533401868,19.0,0.15850353240966797,1.3121793270111084,False
fig52,kmeans||,1,10000,15,50,500.0,1.0,10.0,bernoulli,8,50,1.0,167368.46318949902,143501.41089673524,37.0,0.18041181564331055,2.106738805770874,False
fig52,kmeans||,1,10000,15,50,500.0,1.0,10.0,bernoulli,9,51,1.0,173970.20435520072,144451.28992093858,57.0,0.16111516952514648,3.675074577331543,False
fig52,kmeans||,1,10000,15,50,500.0,1.0,10.0,bernoulli,10,52,1.0,167121.11207858924,143356.26497678796,25.0,0.14825677871704102,0.7561218738555908,False
fig52,kmeans||,1,10000,15,50,500.0,2.0,10.0,bernoulli,0,42,2.0,157256.36855210023,143797.1175917148,33.0,0.24088001251220703,1.0302789211273193,False
fig52,kmeans||,1,10000,15,50,500.0,2.0,10.0,bernoulli,1,43,2.0,158095.47850815812,143584.9167446059,35.0,0.2229301929473877,1.3016266822814941,False
fig52,kmeans||,1,10000,15,50,500.0,2.0,10.0,bernoulli,2,44,2.0,159116.32816106587,144712.8325273862,24.0,0.2510373592376709,0.6362817287445068,False
fig52,kmeans||,1,10000,15,50,500.0,2.0,10.0,bernoulli,3,45,2.0,157704.39530987313,144194.61231213534,28.0,0.1195516586303711,0.7129249572753906,False
fig52,kmeans||,1,10000,15,50,500.0,2.0,10.0,bernoulli,4,46,2.0,161050.80194651312,144767.19795976,28.0,0.11377453804016113,2.0574655532836914,False
fig52,kmeans||,1,10000,15,50,500.0,2.0,10.0,bernoulli,5,47,2.0,157785.9985431728,143852.3940696592,48.0,0.19085001945495605,2.519580841064453,False
fig52,kmeans||,1,10000,15,50,500.0,2.0,10.0,bernoulli,6,48,2.0,157482.1047485178,145930.9207824108,60.0,0.21320199966430664,3.8706486225128174,False
fig52,kmeans||,1,10000,15,50,500.0,2.0,10.0,bernoulli,7,49,2.0,156544.9785197901,143386.28607102283,40.0,0.3047940731048584,2.038318395614624,False
fig52,kmeans||,1,10000,15,50,500.0,2.0,10.0,bernoulli,8,50,2.0,156346.3777925894,143057.45952475816,55.0,0.24823784828186035,3.227335214614868,False
fig52,kmeans||,1,10000,15,50,500.0,2.0,10.0,bernoulli,9,51,2.0,157256.09964440478,144630.4639892034,21.0,0.16673064231872559,1.7339930534362793,False
fig52,kmeans||,1,10000,15,50,500.0,2.0,10.0,bernoulli,10,52,2.0,159938.69295119925,143710.68601180584,31.0,0.23041486740112305,1.1005725860595703,False
fig52,kmeans||,1,10000,15,50,500.0,3.0,10.0,bernoulli,0,42,3.0,151426.01870230975,142616.77694235358,36.0,0.2633850574493408,2.178101062774658,False
fig52,kmeans||,1,10000,15,50,500.0,3.0,10.0,bernoulli,1,43,3.0,152074.3366646547,143960.41543585638,34.0,0.15750670433044434,0.7054364681243896,False
fig52,kmeans||,1,10000,15,50,500.0,3.0,10.0,bernoulli,2,44,3.0,155560.2581327755,144537.8821403127,19.0,0.13819289207458496,0.27431702613830566,False
fig52,kmeans||,1,10000,15,50,500.0,3.0,10.0,bernoulli,3,45,3.0,151252.2891850949,143514.80781112262,29.0,0.14342403411865234,0.5463736057281494,False
fig52,kmeans||,1,10000,15,50,500.0,3.0,10.0,bernoulli,4,46,3.0,152424.24933204043,143947.05963315896,33.0,0.12230634689331055,2.142456293106079,False
fig52,kmeans||,1,10000,15,50,500.0,3.0,10.0,bernoulli,5,47,3.0,152536.8982432674,143151.86404329818,32.0,0.23706746101379395,2.259089469909668,False
fig52,kmeans||,1,10000,15,50,500.0,3.0,10.0,bernoulli,6,48,3.0,154198.3114617889,145903.63550712742,24.0,0.23694515228271484,0.3130931854248047,False
fig52,kmeans||,1,10000,15,50,500.0,3.0,10.0,bernoulli,7,49,3.0,152395.7107043253,143649.27372718087,33.0,0.13114261627197266,1.3051519393920898,False
fig52,kmeans||,1,10000,15,50,500.0,3.0,10.0,bernoulli,8,50,3.0,151323.19868097993,144497.62680083554,21.0,0.2530703544616699,0.9293100833892822,False
fig52,kmeans||,1,10000,15,50,500.0,3.0,10.0,bernoulli,9,51,3.0,154838.09440193386,145400.96989611638,29.0,0.17336750030517578,1.518540859222412,False
fig52,kmeans||,1,10000,15,50,500.0,3.0,10.0,bernoulli,10,52,3.0,154016.23510895277,143660.12718558125,28.0,0.23637008666992188,1.4380161762237549,False
fig52,kmeans||,1,10000,15,50,500.0,4.0,10.0,bernoulli,0,42,4.0,150944.9768768377,144656.9735211359,34.0,0.2825496196746826,2.403940439224243,False
fig52,kmeans||,1,10000,15,50,500.0,4.0,10.0,bernoulli,1,43,4.0,148886.1023941393,143690.15844392605,35.0,0.1884479522705078,1.0680782794952393,False
fig52,kmeans||,1,10000,15,50,500.0,4.0,10.0,bernoulli,2,44,4.0,150561.09621747799,144233.8004196998,28.0,0.2669954299926758,0.9895012378692627,False
fig52,kmeans||,1,10000,15,50,500.0,4.0,10.0,bernoulli,3,45,4.0,150030.80704420482,144536.8607083904,32.0,0.23404407501220703,0.8856830596923828,False
fig52,kmeans||,1,10000,15,50,500.0,4.0,10.0,bernoulli,4,46,4.0,151137.00606853675,144394.75456819288,32.0,0.16043877601623535,1.0517945289611816,False
fig52,kmeans||,1,10000,15,50,500.0,4.0,10.0,bernoulli,5,47,4.0,151453.85745337442,144782.66302203026,35.0,0.5040819644927979,1.4364902973175049,False
fig52,kmeans||,1,10000,15,50,500.0,4.0,10.0,bernoulli,6,48,4.0,153696.21645361767,145870.67157912947,30.0,0.29040980339050293,0.9005918502807617,False
fig52,kmeans||,1,10000,15,50,500.0,4.0,10.0,bernoulli,7,49,4.0,151396.1033713684,145276.48648848166,21.0,0.2656726837158203,0.843881368637085,False
fig52,kmeans||,1,10000,15,50,500.0,4.0,10.0,bernoulli,8,50,4.0,151782.96304952566,144010.97978113833,43.0,0.22698450088500977,1.3080081939697266,False
fig52,kmeans||,1,10000,15,50,500.0,4.0,10.0,bernoulli,9,51,4.0,149147.2398144972,143531.6654613506,40.0,0.16573333740234375,2.3087995052337646,False
fig52,kmeans||,1,10000,15,50,500.0,4.0,10.0,bernoulli,10,52,4.0,150430.95972115768,143238.16833392438,27.0,0.3366672992706299,1.9892034530639648,False
fig52,kmeans||,1,10000,15,50,500.0,5.0,10.0,bernoulli,0,42,5.0,148540.99401664478,143291.81757263688,20.0,0.41539812088012695,1.5534741878509521,False
fig52,kmeans||,1,10000,15,50,500.0,5.0,10.0,bernoulli,1,43,5.0,148303.82896668138,143912.20750391466,21.0,0.34772515296936035,0.36572718620300293,False
fig52,kmeans||,1,10000,15,50,500.0,5.0,10.0,bernoulli,2,44,5.0,148194.03685830155,144315.15393065108,28.0,0.47936272621154785,1.7093570232391357,False
fig52,kmeans||,1,10000,15,50,500.0,5.0,10.0,bernoulli,3,45,5.0,148429.58716745162,143640.3756569295,30.0,0.4404275417327881,0.815222978591919,False
fig52,kmeans||,1,10000,15,50,500.0,5.0,10.0,bernoulli,4,46,5.0,149208.81208391656,144216.5126482667,28.0,0.4248545169830322,1.3780395984649658,False
fig52,kmeans||,1,10000,15,50,500.0,5.0,10.0,bernoulli,5,47,5.0,152360.73331264307,144838.77138316724,26.0,0.380779504776001,1.544182300567627,False
fig52,kmeans||,1,10000,15,50,500.0,5.0,10.0,bernoulli,6,48,5.0,147966.32371358588,143754.04681978593,32.0,0.36218976974487305,2.0570790767669678,False
fig52,kmeans||,1,10000,15,50,500.0,5.0,10.0,bernoulli,7,49,5.0,147308.51584702102,144215.261663713,17.0,0.4413588047027588,0.6968858242034912,False
fig52,kmeans||,1,10000,15,50,500.0,5.0,10.0,bernoulli,8,50,5.0,149325.8572992524,143415.48106435686,28.0,0.3326539993286133,2.078181743621826,False
fig52,kmeans||,1,10000,15,50,500.0,5.0,10.0,bernoulli,9,51,5.0,147643.46043059556,144867.3002805187,22.0,0.42250728607177734,1.561192512512207,False
fig52,kmeans||,1,10000,15,50,500.0,5.0,10.0,bernoulli,10,52,5.0,150522.2220312732,143566.12976665597,24.0,0.4787015914916992,1.7292437553405762,False
fig52,kmeans||,1,10000,15,50,500.0,6.0,10.0,bernoulli,0,42,6.0,146973.67446620407,143998.29021890953,17.0,0.42668628692626953,1.0709900856018066,False
fig52,kmeans||,1,10000,15,50,500.0,6.0,10.0,bernoulli,1,43,6.0,147982.7992200635,145400.48855100689,25.0,0.46619629859924316,1.3440947532653809,False
fig52,kmeans||,1,10000,15,50,500.0,6.0,10.0,bernoulli,2,44,6.0,147569.3943739484,144279.62635504693,33.0,0.520897388458252,2.550855875015259,False
fig52,kmeans||,1,10000,15,50,500.0,6.0,10.0,bernoulli,3,45,6.0,147449.03990473188,144214.1697741649,60.0,0.3643834590911865,2.9448397159576416,False
fig52,kmeans||,1,10000,15,50,500.0,6.0,10.0,bernoulli,4,46,6.0,147834.86090096773,143999.11815556348,17.0,0.3979761600494385,1.6168608665466309,False
fig52,kmeans||,1,10000,15,50,500.0,6.0,10.0,bernoulli,5,47,6.0,147238.13975676423,144077.81025496742,27.0,0.3968369960784912,1.061082363128662,False
fig52,kmeans||,1,10000,15,50,500.0,6.0,10.0,bernoulli,6,48,6.0,146855.0582295587,144143.6170486154,25.0,0.40806078910827637,1.4799396991729736,False
fig52,kmeans||,1,10000,15,50,500.0,6.0,10.0,bernoulli,7,49,6.0,149110.5817738255,145134.1763592933,35.0,0.42633700370788574,1.9029951095581055,False
fig52,kmeans||,1,10000,15,50,500.0,6.0,10.0,bernoulli,8,50,6.0,147715.93098137795,143049.54817342944,37.0,0.38074159622192383,1.8729865550994873,False
fig52,kmeans||,1,10000,15,50,500.0,6.0,10.0,bernoulli,9,51,6.0,147576.34362312013,144914.7223260803,24.0,0.41910505294799805,2.043365478515625,False
fig52,kmeans||,1,10000,15,50,500.0,6.0,10.0,bernoulli,10,52,6.0,147545.5462367168,144427.18427202402,23.0,0.3670370578765869,1.3524649143218994,False
fig52,kmeans||,1,10000,15,50,500.0,7.0,10.0,bernoulli,0,42,7.0,147625.5139216974,143881.29799775616,27.0,0.5061085224151611,1.8967578411102295,False
fig52,kmeans||,1,10000,15,50,500.0,7.0,10.0,bernoulli,1,43,7.0,146569.06287787162,144096.91256851587,20.0,0.7349255084991455,1.6231071949005127,False
fig52,kmeans||,1,10000,15,50,500.0,7.0,10.0,bernoulli,2,44,7.0,146429.28559081093,143600.0616339007,29.0,0.34603428840637207,2.0827443599700928,False
fig52,kmeans||,1,10000,15,50,500.0,7.0,10.0,bernoulli,3,45,7.0,147256.49490378535,144417.62778048273,50.0,0.6619176864624023,1.8281657695770264,False
fig52,kmeans||,1,10000,15,50,500.0,7.0,10.0,bernoulli,4,46,7.0,146898.28024004982,144702.41158201784,27.0,0.4094088077545166,1.3170392513275146,False
fig52,kmeans||,1,10000,15,50,500.0,7.0,10.0,bernoulli,5,47,7.0,146386.43250676818,142975.09607772704,28.0,0.40667080879211426,1.6256563663482666,False
fig52,kmeans||,1,10000,15,50,500.0,7.0,10.0,bernoulli,6,48,7.0,146522.24793779332,144281.59808127128,23.0,0.5787880420684814,1.171874761581421,False
fig52,kmeans||,1,10000,15,50,500.0,7.0,10.0,bernoulli,7,49,7.0,146094.73484103385,143893.62503464334,16.0,0.4290332794189453,1.097651720046997,False
fig52,kmeans||,1,10000,15,50,500.0,7.0,10.0,bernoulli,8,50,7.0,146273.90976382152,143461.60021714756,27.0,0.7008953094482422,1.632951021194458,False
fig52,kmeans||,1,10000,15,50,500.0,7.0,10.0,bernoulli,9,51,7.0,147180.10787600404,143758.03375503447,21.0,0.4266695976257324,1.554945707321167,False
fig52,kmeans||,1,10000,15,50,500.0,7.0,10.0,bernoulli,10,52,7.0,147488.67460901168,143822.9862113475,26.0,0.3859696388244629,1.0523827075958252,False
fig52,kmeans||,1,10000,15,50,500.0,8.0,10.0,bernoulli,0,42,8.0,146769.7124615288,143415.22122493866,24.0,0.5528988838195801,1.6303622722625732,False
fig52,kmeans||,1,10000,15,50,500.0,8.0,10.0,bernoulli,1,43,8.0,148746.26669685578,145243.55366391147,33.0,0.7151381969451904,1.8763158321380615,False
fig52,kmeans||,1,10000,15,50,500.0,8.0,10.0,bernoulli,2,44,8.0,148290.63509465088,144637.70071331828,40.0,0.5176997184753418,2.421860933303833,False
fig52,kmeans||,1,10000,15,50,500.0,8.0,10.0,bernoulli,3,45,8.0,147808.2614921293,144989.05553774815,19.0,0.5157806873321533,1.3359153270721436,False
fig52,kmeans||,1,10000,15,50,500.0,8.0,10.0,bernoulli,4,46,8.0,146241.5956246223,144200.08140123778,23.0,0.551609992980957,1.4237849712371826,False
fig52,kmeans||,1,10000,15,50,500.0,8.0,10.0,bernoulli,5,47,8.0,146409.2031068369,144786.0217675066,21.0,0.46832704544067383,1.1398694515228271,False
fig52,kmeans||,1,10000,15,50,500.0,8.0,10.0,bernoulli,6,48,8.0,147624.77700181789,143896.91520590137,29.0,0.5010457038879395,1.6328401565551758,False
fig52,kmeans||,1,10000,15,50,500.0,8.0,10.0,bernoulli,7,49,8.0,146813.40526074622,144400.97181252346,17.0,0.6088738441467285,1.5065698623657227,False
fig52,kmeans||,1,10000,15,50,500.0,8.0,10.0,bernoulli,8,50,8.0,145790.47249476888,143958.73560314754,16.0,0.7197225093841553,1.6556181907653809,False
fig52,kmeans||,1,10000,15,50,500.0,8.0,10.0,bernoulli,9,51,8.0,146425.37983299687,144418.2165949008,13.0,0.5080232620239258,0.5969769954681396,False
fig52,kmeans||,1,10000,15,50,500.0,8.0,10.0,bernoulli,10,52,8.0,146286.8727122069,144595.38511631233,15.0,0.4795570373535156,0.7497231960296631,False
fig52,kmeans||,1,10000,15,50,500.0,9.0,10.0,bernoulli,0,42,9.0,146169.59980704953,143711.2007758986,26.0,0.6490378379821777,0.8426980972290039,False
fig52,kmeans||,1,10000,15,50,500.0,9.0,10.0,bernoulli,1,43,9.0,147241.3488331767,144039.08643871965,41.0,0.7460951805114746,2.639310598373413,False
fig52,kmeans||,1,10000,15,50,500.0,9.0,10.0,bernoulli,2,44,9.0,146771.93687433496,144033.20907233207,34.0,0.7474625110626221,0.7988932132720947,False
fig52,kmeans||,1,10000,15,50,500.0,9.0,10.0,bernoulli,3,45,9.0,145482.76104447158,143373.66964054437,21.0,0.6158275604248047,0.8985462188720703,False
fig52,kmeans||,1,10000,15,50,500.0,9.0,10.0,bernoulli,4,46,9.0,144702.24169208252,143378.0917557311,24.0,0.727318525314331,1.3995733261108398,False
fig52,kmeans||,1,10000,15,50,500.0,9.0,10.0,bernoulli,5,47,9.0,145547.53830902997,144149.6664124844,19.0,0.5053830146789551,1.4206790924072266,False
fig52,kmeans||,1,10000,15,50,500.0,9.0,10.0,bernoulli,6,48,9.0,146206.8047869722,144077.02659625886,23.0,0.4886772632598877,1.701488971710205,False
fig52,kmeans||,1,10000,15,50,500.0,9.0,10.0,bernoulli,7,49,9.0,147055.24622258657,144109.41777959524,56.0,0.5761010646820068,3.1990931034088135,False
fig52,kmeans||,1,10000,15,50,500.0,9.0,10.0,bernoulli,8,50,9.0,145976.5871156671,144652.50631083653,28.0,0.46051764488220215,0.9632205963134766,False
fig52,kmeans||,1,10000,15,50,500.0,9.0,10.0,bernoulli,9,51,9.0,146359.21566943408,145430.89991631414,11.0,0.435405969619751,0.42512989044189453,False
fig52,kmeans||,1,10000,15,50,500.0,9.0,10.0,bernoulli,10,52,9.0,144457.86936357134,143387.481840952,21.0,0.7165143489837646,1.2544574737548828,False
fig52,kmeans||,1,10000,15,50,500.0,10.0,10.0,bernoulli,0,42,10.0,146465.94932315825,143967.32718674353,18.0,0.6123614311218262,1.2035243511199951,False
fig52,kmeans||,1,10000,15,50,500.0,10.0,10.0,bernoulli,1,43,10.0,145255.69365372116,144123.44214002407,26.0,0.5940797328948975,1.3865630626678467,False
fig52,kmeans||,1,10000,15,50,500.0,10.0,10.0,bernoulli,2,44,10.0,144846.95268130355,143614.3253301422,16.0,0.6003847122192383,0.8605372905731201,False
fig52,kmeans||,1,10000,15,50,500.0,10.0,10.0,bernoulli,3,45,10.0,145669.72081770733,144444.37403955622,30.0,0.9783492088317871,1.4181244373321533,False
fig52,kmeans||,1,10000,15,50,500.0,10.0,10.0,bernoulli,4,46,10.0,145803.4843870728,144733.95209920162,27.0,0.616673469543457,1.5392627716064453,False
fig52,kmeans||,1,10000,15,50,500.0,10.0,10.0,bernoulli,5,47,10.0,144674.8722751763,143810.78620356263,13.0,0.5549638271331787,1.0957276821136475,False
fig52,kmeans||,1,10000,15,50,500.0,10.0,10.0,bernoulli,6,48,10.0,145717.66802350906,143839.58772400988,32.0,0.670691728591919,1.7544071674346924,False
fig52,kmeans||,1,10000,15,50,500.0,10.0,10.0,bernoulli,7,49,10.0,146794.2832167198,145851.47760922217,14.0,0.6097462177276611,0.3072783946990967,False
fig52,kmeans||,1,10000,15,50,500.0,10.0,10.0,bernoulli,8,50,10.0,145728.34182997583,144205.11317646102,26.0,0.568366527557373,1.3715152740478516,False
fig52,kmeans||,1,10000,15,50,500.0,10.0,10.0,bernoulli,9,51,10.0,145788.19766254452,144157.68576520972,20.0,0.6036932468414307,1.1307711601257324,False
fig52,kmeans||,1,10000,15,50,500.0,10.0,10.0,bernoulli,10,52,10.0,145507.64182249954,144563.9477593106,14.0,0.5529446601867676,0.7548584938049316,False
fig52,kmeans||,1,10000,15,50,500.0,11.0,10.0,bernoulli,0,42,11.0,145029.72196677703,143369.4698246036,21.0,0.693213939666748,0.946474552154541,False
fig52,kmeans||,1,10000,15,50,500.0,11.0,10.0,bernoulli,1,43,11.0,146259.09736558117,145480.91468573763,28.0,0.6661698818206787,2.4192233085632324,False
fig52,kmeans||,1,10000,15,50,500.0,11.0,10.0,bernoulli,2,44,11.0,146341.8096812123,144126.82551966654,25.0,0.6512384414672852,1.3838419914245605,False
fig52,kmeans||,1,10000,15,50,500.0,11.0,10.0,bernoulli,3,45,11.0,143743.6667252169,143019.0594976934,9.0,0.6316239833831787,0.14639735221862793,False
fig52,kmeans||,1,10000,15,50,500.0,11.0,10.0,bernoulli,4,46,11.0,145811.14348361734,144946.1421778962,27.0,0.642683744430542,2.856623411178589,False
fig52,kmeans||,1,10000,15,50,500.0,11.0,10.0,bernoulli,5,47,11.0,145524.70583815206,144455.61691493326,39.0,0.6608765125274658,2.4971842765808105,False
fig52,kmeans||,1,10000,15,50,500.0,11.0,10.0,bernoulli,6,48,11.0,144847.27808503975,143471.6131952485,24.0,0.5686359405517578,1.3028357028961182,False
fig52,kmeans||,1,10000,15,50,500.0,11.0,10.0,bernoulli,7,49,11.0,143970.86571966068,143296.05558687163,10.0,0.8399531841278076,0.7585306167602539,False
fig52,kmeans||,1,10000,15,50,500.0,11.0,10.0,bernoulli,8,50,11.0,144598.20630480966,143785.6179245824,21.0,0.5985805988311768,1.5966002941131592,False
fig52,kmeans||,1,10000,15,50,500.0,11.0,10.0,bernoulli,9,51,11.0,146024.30226397282,144033.33944402574,34.0,0.6354794502258301,1.6081559658050537,False
fig52,kmeans||,1,10000,15,50,500.0,11.0,10.0,bernoulli,10,52,11.0,145296.07526569182,143422.88442960446,23.0,0.8546402454376221,1.6159090995788574,False
fig52,kmeans||,1,10000,15,50,500.0,12.0,10.0,bernoulli,0,42,12.0,144212.9592819329,142952.9554479754,26.0,0.6063079833984375,1.0701680183410645,False
fig52,kmeans||,1,10000,15,50,500.0,12.0,10.0,bernoulli,1,43,12.0,146686.2874903147,145016.21411959888,32.0,0.5914003849029541,0.5262351036071777,False
fig52,kmeans||,1,10000,15,50,500.0,12.0,10.0,bernoulli,2,44,12.0,144818.72057218198,144075.57749581704,27.0,0.7038326263427734,1.8501079082489014,False
fig52,kmeans||,1,10000,15,50,500.0,12.0,10.0,bernoulli,3,45,12.0,145701.68031706617,145042.95107347972,13.0,0.7769773006439209,0.7777574062347412,False
fig52,kmeans||,1,10000,15,50,500.0,12.0,10.0,bernoulli,4,46,12.0,145771.58903274062,145139.0587330973,14.0,0.8299176692962646,0.8847665786743164,False
fig52,kmeans||,1,10000,15,50,500.0,12.0,10.0,bernoulli,5,47,12.0,144251.0545656933,143662.2948464165,17.0,0.7291593551635742,1.0287644863128662,False
fig52,kmeans||,1,10000,15,50,500.0,12.0,10.0,bernoulli,6,48,12.0,144540.75652775267,143178.44231151626,37.0,0.6771013736724854,2.215546131134033,False
fig52,kmeans||,1,10000,15,50,500.0,12.0,10.0,bernoulli,7,49,12.0,145000.37564571624,143423.67049837715,21.0,0.6594624519348145,0.9692509174346924,False
fig52,kmeans||,1,10000,15,50,500.0,12.0,10.0,bernoulli,8,50,12.0,144850.70623181472,143736.30184842137,40.0,0.6522445678710938,2.296579599380493,False
fig52,kmeans||,1,10000,15,50,500.0,12.0,10.0,bernoulli,9,51,12.0,145706.9394497933,144492.47801957605,25.0,0.7205522060394287,0.9191961288452148,False
fig52,kmeans||,1,10000,15,50,500.0,12.0,10.0,bernoulli,10,52,12.0,145782.79736311364,142935.17708204454,51.0,0.6784179210662842,1.185732364654541,False
fig52,kmeans||,1,10000,15,50,500.0,13.0,10.0,bernoulli,0,42,13.0,146435.51456528425,145692.67073681217,36.0,0.6432299613952637,1.9105920791625977,False
fig52,kmeans||,1,10000,15,50,500.0,13.0,10.0,bernoulli,1,43,13.0,145372.78029425922,144188.35484965594,26.0,0.7352848052978516,1.4147276878356934,False
fig52,kmeans||,1,10000,15,50,500.0,13.0,10.0,bernoulli,2,44,13.0,144166.47393109038,143637.84412352648,10.0,0.7740671634674072,0.6071653366088867,False
fig52,kmeans||,1,10000,15,50,500.0,13.0,10.0,bernoulli,3,45,13.0,143390.70225595604,142962.86411664018,14.0,0.71112060546875,1.3880140781402588,False
fig52,kmeans||,1,10000,15,50,500.0,13.0,10.0,bernoulli,4,46,13.0,144935.04404205777,143362.28846440086,50.0,0.9343020915985107,2.1539084911346436,False
fig52,kmeans||,1,10000,15,50,500.0,13.0,10.0,bernoulli,5,47,13.0,143850.17059437037,143362.2331361828,14.0,0.671593427658081,0.7603697776794434,False
fig52,kmeans||,1,10000,15,50,500.0,13.0,10.0,bernoulli,6,48,13.0,145571.9050602266,144293.7754211941,31.0,0.7384190559387207,1.49855375289917,False
fig52,kmeans||,1,10000,15,50,500.0,13.0,10.0,bernoulli,7,49,13.0,143417.46229027642,142971.75014411652,19.0,0.8022394180297852,0.6156573295593262,False
fig52,kmeans||,1,10000,15,50,500.0,13.0,10.0,bernoulli,8,50,13.0,145461.0794445116,144776.29090381824,20.0,0.7332725524902344,0.8640809059143066,False
fig52,kmeans||,1,10000,15,50,500.0,13.0,10.0,bernoulli,9,51,13.0,146486.42815106275,145078.7659530321,59.0,0.6232247352600098,3.9970781803131104,False
fig52,kmeans||,1,10000,15,50,500.0,13.0,10.0,bernoulli,10,52,13.0,144140.26141940508,143686.62568177277,16.0,0.7756690979003906,0.576824426651001,False
fig52,kmeans||,1,10000,15,50,500.0,14.0,10.0,bernoulli,0,42,14.0,144813.6749215266,143776.2773679493,32.0,0.771580696105957,2.7501275539398193,False
fig52,kmeans||,1,10000,15,50,500.0,14.0,10.0,bernoulli,1,43,14.0,145709.11757469166,144144.81335941365,23.0,0.8380856513977051,1.7966821193695068,False
fig52,kmeans||,1,10000,15,50,500.0,14.0,10.0,bernoulli,2,44,14.0,144384.2144061575,143896.22455971804,12.0,0.7539849281311035,0.3245856761932373,False
fig52,kmeans||,1,10000,15,50,500.0,14.0,10.0,bernoulli,3,45,14.0,144807.80408369808,144383.14275966026,13.0,0.8099062442779541,0.8006515502929688,False
fig52,kmeans||,1,10000,15,50,500.0,14.0,10.0,bernoulli,4,46,14.0,145128.1796696353,144714.2179462606,22.0,0.6846168041229248,0.45761919021606445,False
fig52,kmeans||,1,10000,15,50,500.0,14.0,10.0,bernoulli,5,47,14.0,143795.27153107955,143431.5479816313,17.0,1.0247323513031006,1.1584644317626953,False
fig52,kmeans||,1,10000,15,50,500.0,14.0,10.0,bernoulli,6,48,14.0,143798.49728011835,143424.81539942606,12.0,0.8675293922424316,0.4061615467071533,False
fig52,kmeans||,1,10000,15,50,500.0,14.0,10.0,bernoulli,7,49,14.0,144154.63031322396,143768.02762818986,12.0,0.7228703498840332,1.3163583278656006,False
fig52,kmeans||,1,10000,15,50,500.0,14.0,10.0,bernoulli,8,50,14.0,145399.3482255567,144365.62217039563,37.0,0.8178317546844482,2.277843952178955,False
fig52,kmeans||,1,10000,15,50,500.0,14.0,10.0,bernoulli,9,51,14.0,145806.33027649487,144092.76903917512,25.0,0.7466175556182861,0.994638204574585,False
fig52,kmeans||,1,10000,15,50,500.0,14.0,10.0,bernoulli,10,52,14.0,145103.7820542558,144675.30659661442,21.0,0.7304294109344482,0.6495156288146973,False
fig52,kmeans||,1,10000,15,50,500.0,15.0,10.0,bernoulli,0,42,15.0,145012.9481312451,143998.0527488285,37.0,0.7705438137054443,1.5050747394561768,False
fig52,kmeans||,1,10000,15,50,500.0,15.0,10.0,bernoulli,1,43,15.0,144279.31598056838,143454.14700079375,31.0,0.7030344009399414,1.3652851581573486,False
fig52,kmeans||,1,10000,15,50,500.0,15.0,10.0,bernoulli,2,44,15.0,145592.23473002468,145206.73087260075,17.0,0.7368965148925781,0.665118932723999,False
fig52,kmeans||,1,10000,15,50,500.0,15.0,10.0,bernoulli,3,45,15.0,145843.23030540854,144437.7982009751,18.0,0.714813232421875,0.7929713726043701,False
fig52,kmeans||,1,10000,15,50,500.0,15.0,10.0,bernoulli,4,46,15.0,144086.5332503209,143807.9610585599,13.0,0.7651147842407227,0.8339054584503174,False
fig52,kmeans||,1,10000,15,50,500.0,15.0,10.0,bernoulli,5,47,15.0,144231.56994311386,143308.37645097933,51.0,1.0492019653320312,2.9501023292541504,False
fig52,kmeans||,1,10000,15,50,500.0,15.0,10.0,bernoulli,6,48,15.0,145105.25905398722,143996.44313391036,21.0,0.8027682304382324,1.1508331298828125,False
fig52,kmeans||,1,10000,15,50,500.0,15.0,10.0,bernoulli,7,49,15.0,145225.8449005257,144470.03264013864,20.0,0.6528940200805664,1.3105709552764893,False
fig52,kmeans||,1,10000,15,50,500.0,15.0,10.0,bernoulli,8,50,15.0,143673.44714848153,143338.78767478355,13.0,0.7591454982757568,0.6104435920715332,False
fig52,kmeans||,1,10000,15,50,500.0,15.0,10.0,bernoulli,9,51,15.0,144069.79323406995,143774.2560781404,12.0,0.760474443435669,0.8275995254516602,False
fig52,kmeans||,1,10000,15,50,500.0,15.0,10.0,bernoulli,10,52,15.0,144441.32292009954,144170.28493703197,10.0,0.6286060810089111,0.6191549301147461,False
fig52,k-means++,10,10000,15,50,,,,bernoulli,0,42,,,170205.55564896727,11.0,,,False
fig52,k-means++,10,10000,15,50,,,,bernoulli,1,43,,,149301.87982926195,3.0,,,False
fig52,k-means++,10,10000,15,50,,,,bernoulli,2,44,,,159385.81606750414,10.0,,,False
fig52,k-means++,10,10000,15,50,,,,bernoulli,3,45,,,182954.34034358428,12.0,,,False
fig52,k-means++,10,10000,15,50,,,,bernoulli,4,46,,,163482.74583292106,16.0,,,False
fig52,k-means++,10,10000,15,50,,,,bernoulli,5,47,,,157704.37388929448,9.0,,,False
fig52,k-means++,10,10000,15,50,,,,bernoulli,6,48,,,163783.631677321,10.0,,,False
fig52,k-means++,10,10000,15,50,,,,bernoulli,7,49,,,165275.9058110669,11.0,,,False
fig52,k-means++,10,10000,15,50,,,,bernoulli,8,50,,,173640.8083326061,24.0,,,False
fig52,k-means++,10,10000,15,50,,,,bernoulli,9,51,,,168987.00265879423,16.0,,,False
fig52,k-means++,10,10000,15,50,,,,bernoulli,10,52,,,165231.8014126299,15.0,,,False
fig52,kmeans||,10,10000,15,50,5.0,0.0,0.1,bernoulli,0,42,0.0,661467.0876447323,221481.1271398189,19.0,0.021991252899169922,1.6230170726776123,False
fig52,kmeans||,10,10000,15,50,5.0,0.0,0.1,bernoulli,1,43,0.0,634207.6568229028,264850.0890148214,22.0,0.02338385581970215,0.5757656097412109,False
fig52,kmeans||,10,10000,15,50,5.0,0.0,0.1,bernoulli,2,44,0.0,710435.2838245393,268408.8093454819,18.0,0.02073502540588379,1.2486472129821777,False
fig52,kmeans||,10,10000,15,50,5.0,0.0,0.1,bernoulli,3,45,0.0,707762.6576896175,237996.213528864,20.0,0.02195262908935547,1.3334684371948242,False
fig52,kmeans||,10,10000,15,50,5.0,0.0,0.1,bernoulli,4,46,0.0,686472.5742089733,238337.04505730706,21.0,0.01956462860107422,0.4129307270050049,False
fig52,kmeans||,10,10000,15,50,5.0,0.0,0.1,bernoulli,5,47,0.0,694439.6348732258,292320.6758109427,21.0,0.0214996337890625,1.107140302658081,False
fig52,kmeans||,10,10000,15,50,5.0,0.0,0.1,bernoulli,6,48,0.0,693069.962063112,280545.75140966993,13.0,0.02085590362548828,0.31627631187438965,False
fig52,kmeans||,10,10000,15,50,5.0,0.0,0.1,bernoulli,7,49,0.0,644648.3333171861,270232.2519455081,15.0,0.02155160903930664,0.6189496517181396,False
fig52,kmeans||,10,10000,15,50,5.0,0.0,0.1,bernoulli,8,50,0.0,706470.1271886883,275070.94446740753,24.0,0.02017998695373535,1.0501387119293213,False
fig52,kmeans||,10,10000,15,50,5.0,0.0,0.1,bernoulli,9,51,0.0,654755.4484379527,283171.59786243143,16.0,0.019784212112426758,1.2900948524475098,False
fig52,kmeans||,10,10000,15,50,5.0,0.0,0.1,bernoulli,10,52,0.0,724966.9302947266,208942.61730337312,20.0,0.020507097244262695,1.0102074146270752,False
fig52,kmeans||,10,10000,15,50,5.0,1.0,0.1,bernoulli,0,42,,,,,,,True
fig52,kmeans||,10,10000,15,50,5.0,1.0,0.1,bernoulli,1,43,,,,,,,True
fig52,kmeans||,10,10000,15,50,5.0,1.0,0.1,bernoulli,2,44,,,,,,,True
fig52,kmeans||,10,10000,15,50,5.0,1.0,0.1,bernoulli,3,45,,,,,,,True
fig52,kmeans||,10,10000,15,50,5.0,1.0,0.1,bernoulli,4,46,,,,,,,True
fig52,kmeans||,10,10000,15,50,5.0,1.0,0.1,bernoulli,5,47,,,,,,,True
fig52,kmeans||,10,10000,15,50,5.0,1.0,0.1,bernoulli,6,48,,,,,,,True
fig52,kmeans||,10,10000,15,50,5.0,1.0,0.1,bernoulli,7,49,,,,,,,True
fig52,kmeans||,10,10000,15,50,5.0,1.0,0.1,bernoulli,8,50,,,,,,,True
fig52,kmeans||,10,10000,15,50,5.0,1.0,0.1,bernoulli,9,51,,,,,,,True
fig52,kmeans||,10,10000,15,50,5.0,1.0,0.1,bernoulli,10,52,,,,,,,True
fig52,kmeans||,10,10000,15,50,5.0,2.0,0.1,bernoulli,0,42,,,,,,,True
fig52,kmeans||,10,10000,15,50,5.0,2.0,0.1,bernoulli,1,43,,,,,,,True
fig52,kmeans||,10,10000,15,50,5.0,2.0,0.1,bernoulli,2,44,,,,,,,True
fig52,kmeans||,10,10000,15,50,5.0,2.0,0.1,bernoulli,3,45,,,,,,,True
fig52,kmeans||,10,10000,15,50,5.0,2.0,0.1,bernoulli,4,46,,,,,,,True
fig52,kmeans||,10,10000,15,50,5.0,2.0,0.1,bernoulli,5,47,,,,,,,True
fig52,kmeans||,10,10000,15,50,5.0,2.0,0.1,bernoulli,6,48,,,,,,,True
fig52,kmeans||,10,10000,15,50,5.0,2.0,0.1,bernoulli,7,49,,,,,,,True
fig52,kmeans||,10,10000,15,50,5.0,2.0,0.1,bernoulli,8,50,,,,,,,True
fig52,kmeans||,10,10000,15,50,5.0,2.0,0.1,bernoulli,9,51,,,,,,,True
fig52,kmeans||,10,10000,15,50,5.0,2.0,0.1,bernoulli,10,52,,,,,,,True
fig52,kmeans||,10,10000,15,50,5.0,3.0,0.1,bernoulli,0,42,,,,,,,True
fig52,kmeans||,10,10000,15,50,5.0,3.0,0.1,bernoulli,1,43,,,,,,,True
fig52,kmeans||,10,10000,15,50,5.0,3.0,0.1,bernoulli,2,44,,,,,,,True
fig52,kmeans||,10,10000,15,50,5.0,3.0,0.1,bernoulli,3,45,,,,,,,True
fig52,kmeans||,10,10000,15,50,5.0,3.0,0.1,bernoulli,4,46,,,,,,,True
fig52,kmeans||,10,10000,15,50,5.0,3.0,0.1,bernoulli,5,47,,,,,,,True
fig52,kmeans||,10,10000,15,50,5.0,3.0,0.1,bernoulli,6,48,,,,,,,True
fig52,kmeans||,10,10000,15,50,5.0,3.0,0.1,bernoulli,7,49,,,,,,,True
fig52,kmeans||,10,10000,15,50,5.0,3.0,0.1,bernoulli,8,50,,,,,,,True
fig52,kmeans||,10,10000,15,50,5.0,3.0,0.1,bernoulli,9,51,,,,,,,True
fig52,kmeans||,10,10000,15,50,5.0,3.0,0.1,bernoulli,10,52,,,,,,,True
fig52,kmeans||,10,10000,15,50,5.0,4.0,0.1,bernoulli,0,42,,,,,,,True
fig52,kmeans||,10,10000,15,50,5.0,4.0,0.1,bernoulli,1,43,,,,,,,True
fig52,kmeans||,10,10000,15,50,5.0,4.0,0.1,bernoulli,2,44,,,,,,,True
fig52,kmeans||,10,10000,15,50,5.0,4.0,0.1,bernoulli,3,45,,,,,,,True
fig52,kmeans||,10,10000,15,50,5.0,4.0,0.1,bernoulli,4,46,,,,,,,True
fig52,kmeans||,10,10000,15,50,5.0,4.0,0.1,bernoulli,5,47,,,,,,,True
fig52,kmeans||,10,10000,15,50,5.0,4.0,0.1,bernoulli,6,48,,,,,,,True
fig52,kmeans||,10,10000,15,50,5.0,4.0,0.1,bernoulli,7,49,,,,,,,True
fig52,kmeans||,10,10000,15,50,5.0,4.0,0.1,bernoulli,8,50,,,,,,,True
fig52,kmeans||,10,10000,15,50,5.0,4.0,0.1,bernoulli,9,51,,,,,,,True
fig52,kmeans||,10,10000,15,50,5.0,4.0,0.1,bernoulli,10,52,,,,,,,True
fig52,kmeans||,10,10000,15,50,5.0,5.0,0.1,bernoulli,0,42,,,,,,,True
fig52,kmeans||,10,10000,15,50,5.0,5.0,0.1,bernoulli,1,43,,,,,,,True
fig52,kmeans||,10,10000,15,50,5.0,5.0,0.1,bernoulli,2,44,,,,,,,True
fig52,kmeans||,10,10000,15,50,5.0,5.0,0.1,bernoulli,3,45,,,,,,,True
fig52,kmeans||,10,10000,15,50,5.0,5.0,0.1,bernoulli,4,46,,,,,,,True
fig52,kmeans||,10,10000,15,50,5.0,5.0,0.1,bernoulli,5,47,,,,,,,True
fig52,kmeans||,10,10000,15,50,5.0,5.0,0.1,bernoulli,6,48,,,,,,,True
fig52,kmeans||,10,10000,15,50,5.0,5.0,0.1,bernoulli,7,49,,,,,,,True
fig52,kmeans||,10,10000,15,50,5.0,5.0,0.1,bernoulli,8,50,,,,,,,True
fig52,kmeans||,10,10000,15,50,5.0,5.0,0.1,bernoulli,9,51,,,,,,,True
fig52,kmeans||,10,10000,15,50,5.0,5.0,0.1,bernoulli,10,52,,,,,,,True
fig52,kmeans||,10,10000,15,50,5.0,6.0,0.1,bernoulli,0,42,,,,,,,True
fig52,kmeans||,10,10000,15,50,5.0,6.0,0.1,bernoulli,1,43,,,,,,,True
fig52,kmeans||,10,10000,15,50,5.0,6.0,0.1,bernoulli,2,44,,,,,,,True
fig52,kmeans||,10,10000,15,50,5.0,6.0,0.1,bernoulli,3,45,,,,,,,True
fig52,kmeans||,10,10000,15,50,5.0,6.0,0.1,bernoulli,4,46,,,,,,,True
fig52,kmeans||,10,10000,15,50,5.0,6.0,0.1,bernoulli,5,47,,,,,,,True
fig52,kmeans||,10,10000,15,50,5.0,6.0,0.1,bernoulli,6,48,,,,,,,True
fig52,kmeans||,10,10000,15,50,5.0,6.0,0.1,bernoulli,7,49,,,,,,,True
fig52,kmeans||,10,10000,15,50,5.0,6.0,0.1,bernoulli,8,50,,,,,,,True
fig52,kmeans||,10,10000,15,50,5.0,6.0,0.1,bernoulli,9,51,,,,,,,True
fig52,kmeans||,10,10000,15,50,5.0,6.0,0.1,bernoulli,10,52,,,,,,,True
fig52,kmeans||,10,10000,15,50,5.0,7.0,0.1,bernoulli,0,42,,,,,,,True
fig52,kmeans||,10,10000,15,50,5.0,7.0,0.1,bernoulli,1,43,,,,,,,True
fig52,kmeans||,10,10000,15,50,5.0,7.0,0.1,bernoulli,2,44,,,,,,,True
fig52,kmeans||,10,10000,15,50,5.0,7.0,0.1,bernoulli,3,45,,,,,,,True
fig52,kmeans||,10,10000,15,50,5.0,7.0,0.1,bernoulli,4,46,,,,,,,True
fig52,kmeans||,10,10000,15,50,5.0,7.0,0.1,bernoulli,5,47,,,,,,,True
fig52,kmeans||,10,10000,15,50,5.0,7.0,0.1,bernoulli,6,48,,,,,,,True
fig52,kmeans||,10,10000,15,50,5.0,7.0,0.1,bernoulli,7,49,,,,,,,True
fig52,kmeans||,10,10000,15,50,5.0,7.0,0.1,bernoulli,8,50,,,,,,,True
fig52,kmeans||,10,10000,15,50,5.0,7.0,0.1,bernoulli,9,51,,,,,,,True
fig52,kmeans||,10,10000,15,50,5.0,7.0,0.1,bernoulli,10,52,,,,,,,True
fig52,kmeans||,10,10000,15,50,5.0,8.0,0.1,bernoulli,0,42,,,,,,,True
fig52,kmeans||,10,10000,15,50,5.0,8.0,0.1,bernoulli,1,43,,,,,,,True
fig52,kmeans||,10,10000,15,50,5.0,8.0,0.1,bernoulli,2,44,,,,,,,True
fig52,kmeans||,10,10000,15,50,5.0,8.0,0.1,bernoulli,3,45,,,,,,,True
fig52,kmeans||,10,10000,15,50,5.0,8.0,0.1,bernoulli,4,46,,,,,,,True
fig52,kmeans||,10,10000,15,50,5.0,8.0,0.1,bernoulli,5,47,,,,,,,True
fig52,kmeans||,10,10000,15,50,5.0,8.0,0.1,bernoulli,6,48,,,,,,,True
fig52,kmeans||,10,10000,15,50,5.0,8.0,0.1,bernoulli,7,49,,,,,,,True
fig52,kmeans||,10,10000,15,50,5.0,8.0,0.1,bernoulli,8,50,,,,,,,True
fig52,kmeans||,10,10000,15,50,5.0,8.0,0.1,bernoulli,9,51,,,,,,,True
fig52,kmeans||,10,10000,15,50,5.0,8.0,0.1,bernoulli,10,52,8.0,428286.2160110392,213787.49259894638,16.0,0.1549241542816162,0.26520490646362305,False
fig52,kmeans||,10,10000,15,50,5.0,9.0,0.1,bernoulli,0,42,,,,,,,True
fig52,kmeans||,10,10000,15,50,5.0,9.0,0.1,bernoulli,1,43,,,,,,,True
fig52,kmeans||,10,10000,15,50,5.0,9.0,0.1,bernoulli,2,44,,,,,,,True
fig52,kmeans||,10,10000,15,50,5.0,9.0,0.1,bernoulli,3,45,,,,,,,True
fig52,kmeans||,10,10000,15,50,5.0,9.0,0.1,bernoulli,4,46,,,,,,,True
fig52,kmeans||,10,10000,15,50,5.0,9.0,0.1,bernoulli,5,47,,,,,,,True
fig52,kmeans||,10,10000,15,50,5.0,9.0,0.1,bernoulli,6,48,9.0,481350.9966964143,187917.43803481892,19.0,0.16090989112854004,0.6962239742279053,False
fig52,kmeans||,10,10000,15,50,5.0,9.0,0.1,bernoulli,7,49,,,,,,,True
fig52,kmeans||,10,10000,15,50,5.0,9.0,0.1,bernoulli,8,50,,,,,,,True
fig52,kmeans||,10,10000,15,50,5.0,9.0,0.1,bernoulli,9,51,,,,,,,True
fig52,kmeans||,10,10000,15,50,5.0,9.0,0.1,bernoulli,10,52,9.0,382429.41745450965,188519.06455612104,13.0,0.18225407600402832,0.3111562728881836,False
fig52,kmeans||,10,10000,15,50,5.0,10.0,0.1,bernoulli,0,42,10.0,505064.7619848059,213649.73770590927,17.0,0.17468857765197754,0.46619272232055664,False
fig52,kmeans||,10,10000,15,50,5.0,10.0,0.1,bernoulli,1,43,,,,,,,True
fig52,kmeans||,10,10000,15,50,5.0,10.0,0.1,bernoulli,2,44,,,,,,,True
fig52,kmeans||,10,10000,15,50,5.0,10.0,0.1,bernoulli,3,45,,,,,,,True
fig52,kmeans||,10,10000,15,50,5.0,10.0,0.1,bernoulli,4,46,,,,,,,True
fig52,kmeans||,10,10000,15,50,5.0,10.0,0.1,bernoulli,5,47,,,,,,,True
fig52,kmeans||,10,10000,15,50,5.0,10.0,0.1,bernoulli,6,48,10.0,410628.84636799124,179481.7127708795,15.0,0.19112014770507812,0.756328821182251,False
fig52,kmeans||,10,10000,15,50,5.0,10.0,0.1,bernoulli,7,49,10.0,514044.21445203817,266255.7542928281,25.0,0.15959811210632324,1.20640230178833,False
fig52,kmeans||,10,10000,15,50,5.0,10.0,0.1,bernoulli,8,50,,,,,,,True
fig52,kmeans||,10,10000,15,50,5.0,10.0,0.1,bernoulli,9,51,,,,,,,True
fig52,kmeans||,10,10000,15,50,5.0,10.0,0.1,bernoulli,10,52,10.0,359858.1988928621,186984.65855481738,16.0,0.18715476989746094,1.0938663482666016,False
fig52,kmeans||,10,10000,15,50,5.0,11.0,0.1,bernoulli,0,42,11.0,461812.6758686212,188868.86762179562,24.0,0.1875758171081543,1.4116413593292236,False
fig52,kmeans||,10,10000,15,50,5.0,11.0,0.1,bernoulli,1,43,11.0,484571.712881154,206868.537654779,14.0,0.1713731288909912,1.0729701519012451,False
fig52,kmeans||,10,10000,15,50,5.0,11.0,0.1,bernoulli,2,44,,,,,,,True
fig52,kmeans||,10,10000,15,50,5.0,11.0,0.1,bernoulli,3,45,,,,,,,True
fig52,kmeans||,10,10000,15,50,5.0,11.0,0.1,bernoulli,4,46,,,,,,,True
fig52,kmeans||,10,10000,15,50,5.0,11.0,0.1,bernoulli,5,47,11.0,437848.8693000792,207139.43168953407,35.0,0.20728230476379395,0.9115147590637207,False
fig52,kmeans||,10,10000,15,50,5.0,11.0,0.1,bernoulli,6,48,11.0,405780.9415235927,188638.79019996975,26.0,0.16244077682495117,1.2569429874420166,False
fig52,kmeans||,10,10000,15,50,5.0,11.0,0.1,bernoulli,7,49,11.0,423674.9496778097,215647.47948838797,18.0,0.16747784614562988,0.9397857189178467,False
fig52,kmeans||,10,10000,15,50,5.0,11.0,0.1,bernoulli,8,50,11.0,456531.7839661005,224352.21614220814,12.0,0.17481708526611328,0.8600170612335205,False
fig52,kmeans||,10,10000,15,50,5.0,11.0,0.1,bernoulli,9,51,11.0,471436.8832447711,223055.13685030772,16.0,0.1558535099029541,0.684727668762207,False
fig52,kmeans||,10,10000,15,50,5.0,11.0,0.1,bernoulli,10,52,11.0,318695.95246684045,173724.81102332042,18.0,0.16253137588500977,1.02083420753479,False
fig52,kmeans||,10,10000,15,50,5.0,12.0,0.1,bernoulli,0,42,12.0,379470.3171376,178746.5518848874,17.0,0.21535205841064453,0.22262024879455566,False
fig52,kmeans||,10,10000,15,50,5.0,12.0,0.1,bernoulli,1,43,12.0,480480.6214249039,208594.63853195825,14.0,0.21651506423950195,0.5398092269897461,False
fig52,kmeans||,10,10000,15,50,5.0,12.0,0.1,bernoulli,2,44,,,,,,,True
fig52,kmeans||,10,10000,15,50,5.0,12.0,0.1,bernoulli,3,45,12.0,458140.81454623694,186288.45609420844,13.0,0.21442127227783203,0.6639280319213867,False
fig52,kmeans||,10,10000,15,50,5.0,12.0,0.1,bernoulli,4,46,12.0,454683.23131479375,208344.00124098762,26.0,0.1924452781677246,1.4835548400878906,False
fig52,kmeans||,10,10000,15,50,5.0,12.0,0.1,bernoulli,5,47,12.0,358712.8286894396,181051.4728684682,18.0,0.20018887519836426,0.9164392948150635,False
fig52,kmeans||,10,10000,15,50,5.0,12.0,0.1,bernoulli,6,48,12.0,406482.1907967325,188604.3677952271,15.0,0.17458319664001465,1.1240324974060059,False
fig52,kmeans||,10,10000,15,50,5.0,12.0,0.1,bernoulli,7,49,12.0,369123.70115316904,207947.4254214698,12.0,0.17913532257080078,0.339266300201416,False
fig52,kmeans||,10,10000,15,50,5.0,12.0,0.1,bernoulli,8,50,12.0,455717.52456869517,224352.21614220814,12.0,0.18756437301635742,1.0487885475158691,False
fig52,kmeans||,10,10000,15,50,5.0,12.0,0.1,bernoulli,9,51,12.0,396902.94132062217,179634.90694366707,14.0,0.18132281303405762,0.5314340591430664,False
fig52,kmeans||,10,10000,15,50,5.0,12.0,0.1,bernoulli,10,52,12.0,276169.54346848396,165285.7900471249,8.0,0.17574310302734375,0.22838187217712402,False
fig52,kmeans||,10,10000,15,50,5.0,13.0,0.1,bernoulli,0,42,13.0,367174.9929489874,178764.95086530223,20.0,0.21158313751220703,0.9893009662628174,False
fig52,kmeans||,10,10000,15,50,5.0,13.0,0.1,bernoulli,1,43,13.0,423156.4670859794,207174.89221888312,16.0,0.20173096656799316,0.37583160400390625,False
fig52,kmeans||,10,10000,15,50,5.0,13.0,0.1,bernoulli,2,44,13.0,401771.1831965349,211789.68015618104,14.0,0.1948866844177246,0.9284243583679199,False
fig52,kmeans||,10,10000,15,50,5.0,13.0,0.1,bernoulli,3,45,13.0,419155.81927889737,177080.47822594747,20.0,0.19973134994506836,0.7044837474822998,False
fig52,kmeans||,10,10000,15,50,5.0,13.0,0.1,bernoulli,4,46,13.0,379112.49561410636,192017.28786063765,16.0,0.20360136032104492,0.8966569900512695,False
fig52,kmeans||,10,10000,15,50,5.0,13.0,0.1,bernoulli,5,47,13.0,336521.3382896927,177944.97318650462,10.0,0.2194979190826416,0.29890012741088867,False
fig52,kmeans||,10,10000,15,50,5.0,13.0,0.1,bernoulli,6,48,13.0,373962.25970690255,167451.34947046626,20.0,0.18983817100524902,1.1040916442871094,False
fig52,kmeans||,10,10000,15,50,5.0,13.0,0.1,bernoulli,7,49,13.0,342729.5593111563,195369.122664969,18.0,0.20934748649597168,0.5682253837585449,False
fig52,kmeans||,10,10000,15,50,5.0,13.0,0.1,bernoulli,8,50,13.0,388782.65125142864,232224.59694469091,20.0,0.20531725883483887,0.8598325252532959,False
fig52,kmeans||,10,10000,15,50,5.0,13.0,0.1,bernoulli,9,51,13.0,373158.26695168676,169564.39914071053,11.0,0.18121719360351562,1.179638147354126,False
fig52,kmeans||,10,10000,15,50,5.0,13.0,0.1,bernoulli,10,52,13.0,274887.95328293764,165182.41501044144,18.0,0.20089936256408691,0.5504968166351318,False
fig52,kmeans||,10,10000,15,50,5.0,14.0,0.1,bernoulli,0,42,14.0,347033.619231681,172976.23867469284,10.0,0.21658611297607422,0.9804930686950684,False
fig52,kmeans||,10,10000,15,50,5.0,14.0,0.1,bernoulli,1,43,14.0,345598.4106438399,169973.59172501203,9.0,0.25116991996765137,0.33627796173095703,False
fig52,kmeans||,10,10000,15,50,5.0,14.0,0.1,bernoulli,2,44,14.0,355923.4622442347,190648.3939119094,21.0,0.2114245891571045,1.1994614601135254,False
fig52,kmeans||,10,10000,15,50,5.0,14.0,0.1,bernoulli,3,45,14.0,289424.9907584112,157683.5353631996,9.0,0.21031808853149414,0.1824495792388916,False
fig52,kmeans||,10,10000,15,50,5.0,14.0,0.1,bernoulli,4,46,14.0,351455.963287215,177274.09433944058,13.0,0.23345494270324707,0.5613894462585449,False
fig52,kmeans||,10,10000,15,50,5.0,14.0,0.1,bernoulli,5,47,14.0,304478.7309156004,167555.72004619948,15.0,0.2053699493408203,0.6540322303771973,False
fig52,kmeans||,10,10000,15,50,5.0,14.0,0.1,bernoulli,6,48,14.0,371681.94847047987,176331.6588868712,20.0,0.23140692710876465,1.9551019668579102,False
fig52,kmeans||,10,10000,15,50,5.0,14.0,0.1,bernoulli,7,49,14.0,322304.7888049874,170580.00491833864,6.0,0.26773858070373535,0.7045888900756836,False
fig52,kmeans||,10,10000,15,50,5.0,14.0,0.1,bernoulli,8,50,14.0,369152.0921925411,220931.50575664698,11.0,0.20686006546020508,1.0462357997894287,False
fig52,kmeans||,10,10000,15,50,5.0,14.0,0.1,bernoulli,9,51,14.0,320210.0029199877,170265.839808242,11.0,0.2633192539215088,0.528963565826416,False
fig52,kmeans||,10,10000,15,50,5.0,14.0,0.1,bernoulli,10,52,14.0,258667.5208680551,156629.6764919709,13.0,0.2190840244293213,0.8655836582183838,False
fig52,kmeans||,10,10000,15,50,5.0,15.0,0.1,bernoulli,0,42,15.0,328885.879310947,178514.90607848493,14.0,0.22918415069580078,0.5063228607177734,False
fig52,kmeans||,10,10000,15,50,5.0,15.0,0.1,bernoulli,1,43,15.0,335241.1656216395,182640.07412205913,20.0,0.2796502113342285,0.968285322189331,False
fig52,kmeans||,10,10000,15,50,5.0,15.0,0.1,bernoulli,2,44,15.0,298115.67914507014,160092.52386358788,7.0,0.26630139350891113,0.49242448806762695,False
fig52,kmeans||,10,10000,15,50,5.0,15.0,0.1,bernoulli,3,45,15.0,276508.9491508063,162395.20640337915,7.0,0.2638387680053711,0.7335245609283447,False
fig52,kmeans||,10,10000,15,50,5.0,15.0,0.1,bernoulli,4,46,15.0,317076.9773301066,172858.51655008626,13.0,0.27480363845825195,0.8096251487731934,False
fig52,kmeans||,10,10000,15,50,5.0,15.0,0.1,bernoulli,5,47,15.0,298894.8975471373,167514.04040760797,17.0,0.2875025272369385,1.4435179233551025,False
fig52,kmeans||,10,10000,15,50,5.0,15.0,0.1,bernoulli,6,48,15.0,371681.94847047987,176331.6588868712,20.0,0.21383404731750488,1.2340643405914307,False
fig52,kmeans||,10,10000,15,50,5.0,15.0,0.1,bernoulli,7,49,15.0,297440.7687315311,174553.20435693793,12.0,0.27989816665649414,1.1840534210205078,False
fig52,kmeans||,10,10000,15,50,5.0,15.0,0.1,bernoulli,8,50,15.0,358101.8303419542,213563.31420815733,12.0,0.23560500144958496,0.757530689239502,False
fig52,kmeans||,10,10000,15,50,5.0,15.0,0.1,bernoulli,9,51,15.0,288345.5783010921,155128.36020197667,10.0,0.23580050468444824,0.653527021408081,False
fig52,kmeans||,10,10000,15,50,5.0,15.0,0.1,bernoulli,10,52,15.0,241787.4591168182,149301.87982926192,3.0,0.2713937759399414,0.15970253944396973,False
fig52,kmeans||,10,10000,15,50,25.0,0.0,0.5,bernoulli,0,42,0.0,661467.0876447323,221481.1271398189,19.0,0.021533489227294922,0.7851605415344238,False
fig52,kmeans||,10,10000,15,50,25.0,0.0,0.5,bernoulli,1,43,0.0,634207.6568229028,264850.0890148214,22.0,0.01960468292236328,1.8068439960479736,False
fig52,kmeans||,10,10000,15,50,25.0,0.0,0.5,bernoulli,2,44,0.0,710435.2838245393,268408.8093454819,18.0,0.022533893585205078,1.3241753578186035,False
fig52,kmeans||,10,10000,15,50,25.0,0.0,0.5,bernoulli,3,45,0.0,707762.6576896175,237996.213528864,20.0,0.024381160736083984,0.8775801658630371,False
fig52,kmeans||,10,10000,15,50,25.0,0.0,0.5,bernoulli,4,46,0.0,686472.5742089733,238337.04505730706,21.0,0.025898218154907227,1.245835542678833,False
fig52,kmeans||,10,10000,15,50,25.0,0.0,0.5,bernoulli,5,47,0.0,694439.6348732258,292320.6758109427,21.0,0.024382591247558594,1.5747742652893066,False
fig52,kmeans||,10,10000,15,50,25.0,0.0,0.5,bernoulli,6,48,0.0,693069.962063112,280545.75140966993,13.0,0.025644302368164062,0.6894497871398926,False
fig52,kmeans||,10,10000,15,50,25.0,0.0,0.5,bernoulli,7,49,0.0,644648.3333171861,270232.2519455081,15.0,0.02394866943359375,0.729536771774292,False
fig52,kmeans||,10,10000,15,50,25.0,0.0,0.5,bernoulli,8,50,0.0,706470.1271886883,275070.94446740753,24.0,0.020979642868041992,1.5338404178619385,False
fig52,kmeans||,10,10000,15,50,25.0,0.0,0.5,bernoulli,9,51,0.0,654755.4484379527,283171.59786243143,16.0,0.023302793502807617,1.1280517578125,False
fig52,kmeans||,10,10000,15,50,25.0,0.0,0.5,bernoulli,10,52,0.0,724966.9302947266,208942.61730337312,20.0,0.020201444625854492,1.153907299041748,False
fig52,kmeans||,10,10000,15,50,25.0,1.0,0.5,bernoulli,0,42,,,,,,,True
fig52,kmeans||,10,10000,15,50,25.0,1.0,0.5,bernoulli,1,43,,,,,,,True
fig52,kmeans||,10,10000,15,50,25.0,1.0,0.5,bernoulli,2,44,,,,,,,True
fig52,kmeans||,10,10000,15,50,25.0,1.0,0.5,bernoulli,3,45,,,,,,,True
fig52,kmeans||,10,10000,15,50,25.0,1.0,0.5,bernoulli,4,46,,,,,,,True
fig52,kmeans||,10,10000,15,50,25.0,1.0,0.5,bernoulli,5,47,,,,,,,True
fig52,kmeans||,10,10000,15,50,25.0,1.0,0.5,bernoulli,6,48,,,,,,,True
fig52,kmeans||,10,10000,15,50,25.0,1.0,0.5,bernoulli,7,49,,,,,,,True
fig52,kmeans||,10,10000,15,50,25.0,1.0,0.5,bernoulli,8,50,,,,,,,True
fig52,kmeans||,10,10000,15,50,25.0,1.0,0.5,bernoulli,9,51,,,,,,,True
fig52,kmeans||,10,10000,15,50,25.0,1.0,0.5,bernoulli,10,52,,,,,,,True
fig52,kmeans||,10,10000,15,50,25.0,2.0,0.5,bernoulli,0,42,,,,,,,True
fig52,kmeans||,10,10000,15,50,25.0,2.0,0.5,bernoulli,1,43,,,,,,,True
fig52,kmeans||,10,10000,15,50,25.0,2.0,0.5,bernoulli,2,44,,,,,,,True
fig52,kmeans||,10,10000,15,50,25.0,2.0,0.5,bernoulli,3,45,2.0,553771.3053717995,206833.5335425104,16.0,0.06681585311889648,1.0230252742767334,False
fig52,kmeans||,10,10000,15,50,25.0,2.0,0.5,bernoulli,4,46,,,,,,,True
fig52,kmeans||,10,10000,15,50,25.0,2.0,0.5,bernoulli,5,47,,,,,,,True
fig52,kmeans||,10,10000,15,50,25.0,2.0,0.5,bernoulli,6,48,2.0,477286.39739255264,193136.07057550378,13.0,0.10599279403686523,0.5672469139099121,False
fig52,kmeans||,10,10000,15,50,25.0,2.0,0.5,bernoulli,7,49,2.0,578790.1760211337,234771.70607574272,20.0,0.10148262977600098,0.5979006290435791,False
fig52,kmeans||,10,10000,15,50,25.0,2.0,0.5,bernoulli,8,50,,,,,,,True
fig52,kmeans||,10,10000,15,50,25.0,2.0,0.5,bernoulli,9,51,2.0,532334.089993922,235307.9992645993,20.0,0.08157849311828613,1.115018367767334,False
fig52,kmeans||,10,10000,15,50,25.0,2.0,0.5,bernoulli,10,52,2.0,519565.70692150586,257607.858989701,18.0,0.07196617126464844,0.5200860500335693,False
fig52,kmeans||,10,10000,15,50,25.0,3.0,0.5,bernoulli,0,42,3.0,427707.5812488975,208491.42510947923,26.0,0.0854499340057373,2.2379140853881836,False
fig52,kmeans||,10,10000,15,50,25.0,3.0,0.5,bernoulli,1,43,3.0,532016.2893832377,224985.25869077127,21.0,0.08395075798034668,0.9749248027801514,False
fig52,kmeans||,10,10000,15,50,25.0,3.0,0.5,bernoulli,2,44,3.0,543127.5493642313,213858.77031809336,18.0,0.1022484302520752,1.0923354625701904,False
fig52,kmeans||,10,10000,15,50,25.0,3.0,0.5,bernoulli,3,45,3.0,368653.47859254526,155136.01648555594,9.0,0.10182404518127441,0.20205950736999512,False
fig52,kmeans||,10,10000,15,50,25.0,3.0,0.5,bernoulli,4,46,3.0,355851.51802141353,183671.95847617785,15.0,0.08860611915588379,0.7384934425354004,False
fig52,kmeans||,10,10000,15,50,25.0,3.0,0.5,bernoulli,5,47,3.0,502364.40871946944,247702.29654787664,14.0,0.11227583885192871,0.5984292030334473,False
fig52,kmeans||,10,10000,15,50,25.0,3.0,0.5,bernoulli,6,48,3.0,292934.8926576432,168959.35935766713,13.0,0.11127185821533203,0.7193541526794434,False
fig52,kmeans||,10,10000,15,50,25.0,3.0,0.5,bernoulli,7,49,3.0,333799.0070817747,188293.75986975082,11.0,0.09537291526794434,0.6221578121185303,False
fig52,kmeans||,10,10000,15,50,25.0,3.0,0.5,bernoulli,8,50,3.0,389845.6234275772,209925.77959877008,13.0,0.09568071365356445,0.7620370388031006,False
fig52,kmeans||,10,10000,15,50,25.0,3.0,0.5,bernoulli,9,51,3.0,286897.0462105563,168307.22592977015,10.0,0.09530973434448242,0.6626489162445068,False
fig52,kmeans||,10,10000,15,50,25.0,3.0,0.5,bernoulli,10,52,3.0,332745.14760916686,179632.08292238007,12.0,0.1051020622253418,1.2237353324890137,False
fig52,kmeans||,10,10000,15,50,25.0,4.0,0.5,bernoulli,0,42,4.0,307872.50885270507,178100.80979785655,18.0,0.09948992729187012,0.9478559494018555,False
fig52,kmeans||,10,10000,15,50,25.0,4.0,0.5,bernoulli,1,43,4.0,296809.015671181,176085.16180641644,14.0,0.10988855361938477,0.5939505100250244,False
fig52,kmeans||,10,10000,15,50,25.0,4.0,0.5,bernoulli,2,44,4.0,338082.45454245893,172953.7566850095,10.0,0.0956277847290039,0.3905940055847168,False
fig52,kmeans||,10,10000,15,50,25.0,4.0,0.5,bernoulli,3,45,4.0,260471.3743814438,163076.29886626854,16.0,0.09920883178710938,1.0510871410369873,False
fig52,kmeans||,10,10000,15,50,25.0,4.0,0.5,bernoulli,4,46,4.0,269290.3998671694,166781.31522802502,15.0,0.11406135559082031,0.7303040027618408,False
fig52,kmeans||,10,10000,15,50,25.0,4.0,0.5,bernoulli,5,47,4.0,326062.35477155406,181239.62994079146,9.0,0.10375165939331055,0.24827027320861816,False
fig52,kmeans||,10,10000,15,50,25.0,4.0,0.5,bernoulli,6,48,4.0,228223.79056308974,149301.87982926192,3.0,0.09293055534362793,0.2903306484222412,False
fig52,kmeans||,10,10000,15,50,25.0,4.0,0.5,bernoulli,7,49,4.0,251185.0089392809,165260.4676567435,10.0,0.1101067066192627,0.7098729610443115,False
fig52,kmeans||,10,10000,15,50,25.0,4.0,0.5,bernoulli,8,50,4.0,316607.3385682594,164577.24915722798,13.0,0.11128449440002441,0.41621899604797363,False
fig52,kmeans||,10,10000,15,50,25.0,4.0,0.5,bernoulli,9,51,4.0,270115.7981324329,160957.2696308897,10.0,0.11007022857666016,0.43256664276123047,False
fig52,kmeans||,10,10000,15,50,25.0,4.0,0.5,bernoulli,10,52,4.0,253221.0836032216,155107.71224233325,9.0,0.08143830299377441,0.797208309173584,False
fig52,kmeans||,10,10000,15,50,25.0,5.0,0.5,bernoulli,0,42,5.0,246894.15157340877,155145.49165418113,29.0,0.09597611427307129,1.2517054080963135,False
fig52,kmeans||,10,10000,15,50,25.0,5.0,0.5,bernoulli,1,43,5.0,241347.2382037429,157894.25813777355,7.0,0.10861420631408691,0.35022473335266113,False
fig52,kmeans||,10,10000,15,50,25.0,5.0,0.5,bernoulli,2,44,5.0,271587.05767534225,162046.0240936122,18.0,0.1300954818725586,1.0053250789642334,False
fig52,kmeans||,10,10000,15,50,25.0,5.0,0.5,bernoulli,3,45,5.0,223322.56789237642,149301.87982926192,3.0,0.11781525611877441,0.22054409980773926,False
fig52,kmeans||,10,10000,15,50,25.0,5.0,0.5,bernoulli,4,46,5.0,213849.60506368894,149301.87982926192,3.0,0.11358308792114258,0.18195605278015137,False
fig52,kmeans||,10,10000,15,50,25.0,5.0,0.5,bernoulli,5,47,5.0,270175.25777860964,159733.22687563073,7.0,0.1105959415435791,0.43914151191711426,False
fig52,kmeans||,10,10000,15,50,25.0,5.0,0.5,bernoulli,6,48,5.0,232419.69902024948,168263.8146442719,13.0,0.12634801864624023,0.8007707595825195,False
fig52,kmeans||,10,10000,15,50,25.0,5.0,0.5,bernoulli,7,49,5.0,222041.39321992145,162421.1255407633,9.0,0.11906957626342773,0.5708403587341309,False
fig52,kmeans||,10,10000,15,50,25.0,5.0,0.5,bernoulli,8,50,5.0,244867.13684451327,160203.8054579582,8.0,0.1196584701538086,0.47776079177856445,False
fig52,kmeans||,10,10000,15,50,25.0,5.0,0.5,bernoulli,9,51,5.0,233366.85873885645,149301.87982926192,3.0,0.12768864631652832,0.08278727531433105,False
fig52,kmeans||,10,10000,15,50,25.0,5.0,0.5,bernoulli,10,52,5.0,224034.35405858146,164828.1930532581,12.0,0.1180419921875,0.271756649017334,False
fig52,kmeans||,10,10000,15,50,25.0,6.0,0.5,bernoulli,0,42,6.0,220231.51873210716,155118.74120438314,18.0,0.22011232376098633,1.2556955814361572,False
fig52,kmeans||,10,10000,15,50,25.0,6.0,0.5,bernoulli,1,43,6.0,215921.86966580898,149301.87982926192,2.0,0.13540410995483398,0.15494465827941895,False
fig52,kmeans||,10,10000,15,50,25.0,6.0,0.5,bernoulli,2,44,6.0,230773.28777424386,155140.53125907655,10.0,0.15051722526550293,1.012319803237915,False
fig52,kmeans||,10,10000,15,50,25.0,6.0,0.5,bernoulli,3,45,6.0,219149.24041381764,159392.44814591753,15.0,0.12217879295349121,0.41960716247558594,False
fig52,kmeans||,10,10000,15,50,25.0,6.0,0.5,bernoulli,4,46,6.0,217113.28105324024,159420.6793477066,10.0,0.1098785400390625,0.7267684936523438,False
fig52,kmeans||,10,10000,15,50,25.0,6.0,0.5,bernoulli,5,47,6.0,234146.878963303,162062.81918990848,14.0,0.1135413646697998,1.121767282485962,False
fig52,kmeans||,10,10000,15,50,25.0,6.0,0.5,bernoulli,6,48,6.0,219829.03928710907,167811.33299739374,10.0,0.11030936241149902,0.16376042366027832,False
fig52,kmeans||,10,10000,15,50,25.0,6.0,0.5,bernoulli,7,49,6.0,210634.08675128187,158220.84306326372,7.0,0.11376595497131348,0.31877636909484863,False
fig52,kmeans||,10,10000,15,50,25.0,6.0,0.5,bernoulli,8,50,6.0,216320.71227659335,149301.87982926192,3.0,0.1728801727294922,0.16689062118530273,False
fig52,kmeans||,10,10000,15,50,25.0,6.0,0.5,bernoulli,9,51,6.0,215650.99171503267,155103.14269512903,20.0,0.13739991188049316,1.2042121887207031,False
fig52,kmeans||,10,10000,15,50,25.0,6.0,0.5,bernoulli,10,52,6.0,222887.74309390236,173230.32253894326,12.0,0.15118885040283203,0.8819584846496582,False
fig52,kmeans||,10,10000,15,50,25.0,7.0,0.5,bernoulli,0,42,7.0,220545.7109674252,166276.20827731432,10.0,0.13606572151184082,0.42911791801452637,False
fig52,kmeans||,10,10000,15,50,25.0,7.0,0.5,bernoulli,1,43,7.0,216818.30067926404,155144.26136414864,7.0,0.14873600006103516,0.11309361457824707,False
fig52,kmeans||,10,10000,15,50,25.0,7.0,0.5,bernoulli,2,44,7.0,228837.15731484478,167048.66518610308,11.0,0.12412071228027344,1.0597255229949951,False
fig52,kmeans||,10,10000,15,50,25.0,7.0,0.5,bernoulli,3,45,7.0,207049.0584776805,155144.1835892573,20.0,0.1393451690673828,1.221116304397583,False
fig52,kmeans||,10,10000,15,50,25.0,7.0,0.5,bernoulli,4,46,7.0,198976.61548096995,159023.96230015572,15.0,0.14313077926635742,0.3205540180206299,False
fig52,kmeans||,10,10000,15,50,25.0,7.0,0.5,bernoulli,5,47,7.0,214307.3925681742,156611.1050274996,15.0,0.1321871280670166,0.9578430652618408,False
fig52,kmeans||,10,10000,15,50,25.0,7.0,0.5,bernoulli,6,48,7.0,193097.84170606133,149301.87982926192,2.0,0.14877629280090332,0.10735392570495605,False
fig52,kmeans||,10,10000,15,50,25.0,7.0,0.5,bernoulli,7,49,7.0,215569.67819556542,171417.27760477015,22.0,0.13578009605407715,0.49105381965637207,False
fig52,kmeans||,10,10000,15,50,25.0,7.0,0.5,bernoulli,8,50,7.0,209981.68137143104,155125.04277231175,12.0,0.14723610877990723,0.5801506042480469,False
fig52,kmeans||,10,10000,15,50,25.0,7.0,0.5,bernoulli,9,51,7.0,218515.20663957438,163999.43558893062,16.0,0.1422886848449707,0.5569543838500977,False
fig52,kmeans||,10,10000,15,50,25.0,7.0,0.5,bernoulli,10,52,7.0,198546.75593010953,155159.32361988438,8.0,0.17911243438720703,0.2278735637664795,False
fig52,kmeans||,10,10000,15,50,25.0,8.0,0.5,bernoulli,0,42,8.0,201003.37891577987,155146.0179560475,15.0,0.18552446365356445,0.8853609561920166,False
fig52,kmeans||,10,10000,15,50,25.0,8.0,0.5,bernoulli,1,43,8.0,206234.66562290417,155127.95898020646,14.0,0.19143199920654297,1.3616235256195068,False
fig52,kmeans||,10,10000,15,50,25.0,8.0,0.5,bernoulli,2,44,8.0,207855.42358360853,155139.57903473565,11.0,0.15883946418762207,0.7584719657897949,False
fig52,kmeans||,10,10000,15,50,25.0,8.0,0.5,bernoulli,3,45,8.0,209170.61760863947,165234.73298499774,20.0,0.14327287673950195,1.4294016361236572,False
fig52,kmeans||,10,10000,15,50,25.0,8.0,0.5,bernoulli,4,46,8.0,196183.62586152882,157699.85368924355,19.0,0.14760184288024902,1.2288100719451904,False
fig52,kmeans||,10,10000,15,50,25.0,8.0,0.5,bernoulli,5,47,8.0,203152.52671661417,155146.77058582453,13.0,0.12808775901794434,0.5825705528259277,False
fig52,kmeans||,10,10000,15,50,25.0,8.0,0.5,bernoulli,6,48,8.0,195599.30683443497,158351.08924233698,12.0,0.1862773895263672,0.578441858291626,False
fig52,kmeans||,10,10000,15,50,25.0,8.0,0.5,bernoulli,7,49,8.0,188481.97865208195,149301.87982926192,2.0,0.17552709579467773,0.12740659713745117,False
fig52,kmeans||,10,10000,15,50,25.0,8.0,0.5,bernoulli,8,50,8.0,215858.17581494676,172809.59476149577,10.0,0.15462303161621094,0.4438190460205078,False
fig52,kmeans||,10,10000,15,50,25.0,8.0,0.5,bernoulli,9,51,8.0,210722.89555358893,161296.49854114756,10.0,0.17383742332458496,0.2161083221435547,False
fig52,kmeans||,10,10000,15,50,25.0,8.0,0.5,bernoulli,10,52,8.0,192817.83107531542,156628.51322859453,13.0,0.1643376350402832,0.24268341064453125,False
fig52,kmeans||,10,10000,15,50,25.0,9.0,0.5,bernoulli,0,42,9.0,192522.48393392196,155140.363280172,17.0,0.18773412704467773,1.0303630828857422,False
fig52,kmeans||,10,10000,15,50,25.0,9.0,0.5,bernoulli,1,43,9.0,219884.86432063917,160924.89289702638,11.0,0.2072129249572754,0.7101716995239258,False
fig52,kmeans||,10,10000,15,50,25.0,9.0,0.5,bernoulli,2,44,9.0,191917.55028382473,149301.87982926192,3.0,0.21271395683288574,0.08199906349182129,False
fig52,kmeans||,10,10000,15,50,25.0,9.0,0.5,bernoulli,3,45,9.0,195715.41768715243,161168.655632622,16.0,0.1807699203491211,1.289123773574829,False
fig52,kmeans||,10,10000,15,50,25.0,9.0,0.5,bernoulli,4,46,9.0,194166.69148952226,160628.42207447827,7.0,0.1669299602508545,0.4543581008911133,False
fig52,kmeans||,10,10000,15,50,25.0,9.0,0.5,bernoulli,5,47,9.0,204551.11696805526,165211.30938536074,17.0,0.2060554027557373,1.0244085788726807,False
fig52,kmeans||,10,10000,15,50,25.0,9.0,0.5,bernoulli,6,48,9.0,182675.30446510905,149301.87982926192,2.0,0.1572566032409668,0.05220913887023926,False
fig52,kmeans||,10,10000,15,50,25.0,9.0,0.5,bernoulli,7,49,9.0,184497.11946809795,149301.87982926192,2.0,0.2636568546295166,0.13431334495544434,False
fig52,kmeans||,10,10000,15,50,25.0,9.0,0.5,bernoulli,8,50,9.0,197560.00711011744,165171.51758256034,10.0,0.24968457221984863,0.6695239543914795,False
fig52,kmeans||,10,10000,15,50,25.0,9.0,0.5,bernoulli,9,51,9.0,192743.43172337013,149301.87982926192,2.0,0.14837384223937988,0.06867718696594238,False
fig52,kmeans||,10,10000,15,50,25.0,9.0,0.5,bernoulli,10,52,9.0,179219.07023585006,149301.87982926192,2.0,0.20770692825317383,0.11332941055297852,False
fig52,kmeans||,10,10000,15,50,25.0,10.0,0.5,bernoulli,0,42,10.0,194635.9334683386,162463.4974231351,15.0,0.2054271697998047,0.7972593307495117,False
fig52,kmeans||,10,10000,15,50,25.0,10.0,0.5,bernoulli,1,43,10.0,204269.21177028544,167854.44916906563,11.0,0.22896027565002441,0.6447689533233643,False
fig52,kmeans||,10,10000,15,50,25.0,10.0,0.5,bernoulli,2,44,10.0,190215.04004177224,157733.70947486736,5.0,0.22289657592773438,0.4817826747894287,False
fig52,kmeans||,10,10000,15,50,25.0,10.0,0.5,bernoulli,3,45,10.0,194253.1835670167,160622.96046826948,14.0,0.2126615047454834,0.43962574005126953,False
fig52,kmeans||,10,10000,15,50,25.0,10.0,0.5,bernoulli,4,46,10.0,188451.2991984375,157927.6564465785,7.0,0.2008519172668457,0.3225696086883545,False
fig52,kmeans||,10,10000,15,50,25.0,10.0,0.5,bernoulli,5,47,10.0,191949.84942179322,157837.3703927524,15.0,0.22974061965942383,1.5496001243591309,False
fig52,kmeans||,10,10000,15,50,25.0,10.0,0.5,bernoulli,6,48,10.0,195975.64011159292,165519.74466861808,10.0,0.15180611610412598,0.3398616313934326,False
fig52,kmeans||,10,10000,15,50,25.0,10.0,0.5,bernoulli,7,49,10.0,181493.20494943633,149301.87982926192,2.0,0.1740124225616455,0.12138867378234863,False
fig52,kmeans||,10,10000,15,50,25.0,10.0,0.5,bernoulli,8,50,10.0,185764.38721336695,155131.98091600946,15.0,0.195112943649292,1.5419883728027344,False
fig52,kmeans||,10,10000,15,50,25.0,10.0,0.5,bernoulli,9,51,10.0,191375.9333062513,155148.20431249554,12.0,0.17838621139526367,0.40038490295410156,False
fig52,kmeans||,10,10000,15,50,25.0,10.0,0.5,bernoulli,10,52,10.0,191059.90204682472,157814.28188242877,9.0,0.1561288833618164,0.4592750072479248,False
fig52,kmeans||,10,10000,15,50,25.0,11.0,0.5,bernoulli,0,42,11.0,176652.765700187,149301.87982926192,2.0,0.16913652420043945,0.25481152534484863,False
fig52,kmeans||,10,10000,15,50,25.0,11.0,0.5,bernoulli,1,43,11.0,200659.74715791456,166435.19528159618,12.0,0.19365739822387695,1.113290786743164,False
fig52,kmeans||,10,10000,15,50,25.0,11.0,0.5,bernoulli,2,44,11.0,194613.6979454803,163217.30878174191,9.0,0.2551844120025635,0.7219357490539551,False
fig52,kmeans||,10,10000,15,50,25.0,11.0,0.5,bernoulli,3,45,11.0,196833.24841034363,166450.2113056038,14.0,0.18480706214904785,0.6880877017974854,False
fig52,kmeans||,10,10000,15,50,25.0,11.0,0.5,bernoulli,4,46,11.0,190429.16626134404,163737.8675773017,17.0,0.17575812339782715,0.22522664070129395,False
fig52,kmeans||,10,10000,15,50,25.0,11.0,0.5,bernoulli,5,47,11.0,187074.77149197285,158323.0158966006,19.0,0.20795059204101562,0.5955028533935547,False
fig52,kmeans||,10,10000,15,50,25.0,11.0,0.5,bernoulli,6,48,11.0,192597.30271178603,165565.64949232066,10.0,0.1977384090423584,0.5188901424407959,False
fig52,kmeans||,10,10000,15,50,25.0,11.0,0.5,bernoulli,7,49,11.0,195611.91566617193,169924.9296163089,10.0,0.2102491855621338,0.8232426643371582,False
fig52,kmeans||,10,10000,15,50,25.0,11.0,0.5,bernoulli,8,50,11.0,189539.53246041154,165222.744865564,7.0,0.18974089622497559,0.42019033432006836,False
fig52,kmeans||,10,10000,15,50,25.0,11.0,0.5,bernoulli,9,51,11.0,181683.8251644043,149301.87982926192,2.0,0.1832737922668457,0.13962507247924805,False
fig52,kmeans||,10,10000,15,50,25.0,11.0,0.5,bernoulli,10,52,11.0,180923.38053344106,159448.05151346544,8.0,0.20297622680664062,0.2115628719329834,False
fig52,kmeans||,10,10000,15,50,25.0,12.0,0.5,bernoulli,0,42,12.0,179723.47003350247,155109.3681111351,10.0,0.22584939002990723,0.2208864688873291,False
fig52,kmeans||,10,10000,15,50,25.0,12.0,0.5,bernoulli,1,43,12.0,193123.14160264668,162441.85452215595,16.0,0.22130990028381348,0.9867041110992432,False
fig52,kmeans||,10,10000,15,50,25.0,12.0,0.5,bernoulli,2,44,12.0,195257.61033404426,169035.97717167786,9.0,0.21953821182250977,0.4712986946105957,False
fig52,kmeans||,10,10000,15,50,25.0,12.0,0.5,bernoulli,3,45,12.0,192741.35124738124,165193.56593965727,18.0,0.19777226448059082,0.4418153762817383,False
fig52,kmeans||,10,10000,15,50,25.0,12.0,0.5,bernoulli,4,46,12.0,180265.82739929185,156599.92930335723,7.0,0.2298269271850586,0.36678266525268555,False
fig52,kmeans||,10,10000,15,50,25.0,12.0,0.5,bernoulli,5,47,12.0,184454.45211766392,159685.92632800288,10.0,0.21253442764282227,0.5822398662567139,False
fig52,kmeans||,10,10000,15,50,25.0,12.0,0.5,bernoulli,6,48,12.0,180263.36913640783,155120.10406081929,18.0,0.2161545753479004,1.4009387493133545,False
fig52,kmeans||,10,10000,15,50,25.0,12.0,0.5,bernoulli,7,49,12.0,182371.48220771606,160976.79257294873,12.0,0.20236706733703613,0.9498398303985596,False
fig52,kmeans||,10,10000,15,50,25.0,12.0,0.5,bernoulli,8,50,12.0,195877.6284649549,174286.45349093957,30.0,0.22536063194274902,1.0603997707366943,False
fig52,kmeans||,10,10000,15,50,25.0,12.0,0.5,bernoulli,9,51,12.0,184294.96423435744,156619.52382934614,14.0,0.19678163528442383,0.9233570098876953,False
fig52,kmeans||,10,10000,15,50,25.0,12.0,0.5,bernoulli,10,52,12.0,188931.89024789803,169050.36391559744,16.0,0.23839616775512695,1.114316701889038,False
fig52,kmeans||,10,10000,15,50,25.0,13.0,0.5,bernoulli,0,42,13.0,171582.61904705627,149301.87982926192,2.0,0.22485780715942383,0.09330415725708008,False
fig52,kmeans||,10,10000,15,50,25.0,13.0,0.5,bernoulli,1,43,13.0,184532.3553578878,157839.22710299332,12.0,0.22128582000732422,0.7464911937713623,False
fig52,kmeans||,10,10000,15,50,25.0,13.0,0.5,bernoulli,2,44,13.0,180655.30081628455,149301.87982926192,4.0,0.21941423416137695,0.09392952919006348,False
fig52,kmeans||,10,10000,15,50,25.0,13.0,0.5,bernoulli,3,45,13.0,190374.40182919882,166456.2531457254,16.0,0.2157754898071289,0.5472540855407715,False
fig52,kmeans||,10,10000,15,50,25.0,13.0,0.5,bernoulli,4,46,13.0,188563.35885518725,166969.43192192382,11.0,0.24047493934631348,0.6110796928405762,False
fig52,kmeans||,10,10000,15,50,25.0,13.0,0.5,bernoulli,5,47,13.0,173345.44361141144,149301.87982926192,2.0,0.21926593780517578,0.14820504188537598,False
fig52,kmeans||,10,10000,15,50,25.0,13.0,0.5,bernoulli,6,48,13.0,186664.9393848639,164989.46497517868,15.0,0.23227190971374512,0.313478946685791,False
fig52,kmeans||,10,10000,15,50,25.0,13.0,0.5,bernoulli,7,49,13.0,190006.11917457965,164831.96828752005,13.0,0.30185675621032715,1.1616930961608887,False
fig52,kmeans||,10,10000,15,50,25.0,13.0,0.5,bernoulli,8,50,13.0,182780.10211154202,163513.64019102266,15.0,0.20262622833251953,0.43440937995910645,False
fig52,kmeans||,10,10000,15,50,25.0,13.0,0.5,bernoulli,9,51,13.0,184935.78206137125,159401.44926607303,8.0,0.22752785682678223,0.19376039505004883,False
fig52,kmeans||,10,10000,15,50,25.0,13.0,0.5,bernoulli,10,52,13.0,181882.36744729636,164054.06851679663,18.0,0.2335214614868164,0.24009013175964355,False
fig52,kmeans||,10,10000,15,50,25.0,14.0,0.5,bernoulli,0,42,14.0,175600.05206591423,155119.49354372945,22.0,0.2499094009399414,0.2816331386566162,False
fig52,kmeans||,10,10000,15,50,25.0,14.0,0.5,bernoulli,1,43,14.0,180023.1120008573,155115.3691403219,10.0,0.24597930908203125,0.7105057239532471,False
fig52,kmeans||,10,10000,15,50,25.0,14.0,0.5,bernoulli,2,44,14.0,181089.81224777052,157829.57294600946,10.0,0.27858591079711914,0.6246891021728516,False
fig52,kmeans||,10,10000,15,50,25.0,14.0,0.5,bernoulli,3,45,14.0,186124.52092792332,165233.40409605246,13.0,0.23098015785217285,1.1480169296264648,False
fig52,kmeans||,10,10000,15,50,25.0,14.0,0.5,bernoulli,4,46,14.0,187883.10033330016,168032.1760619894,20.0,0.2795107364654541,1.089521884918213,False
fig52,kmeans||,10,10000,15,50,25.0,14.0,0.5,bernoulli,5,47,14.0,196111.44961892802,173874.1703450937,19.0,0.2452869415283203,0.771136999130249,False
fig52,kmeans||,10,10000,15,50,25.0,14.0,0.5,bernoulli,6,48,14.0,169214.6991036121,149301.87982926192,2.0,0.22970080375671387,0.2643105983734131,False
fig52,kmeans||,10,10000,15,50,25.0,14.0,0.5,bernoulli,7,49,14.0,174928.50952438306,158181.06008967114,21.0,0.24643778800964355,1.5163350105285645,False
fig52,kmeans||,10,10000,15,50,25.0,14.0,0.5,bernoulli,8,50,14.0,184874.3910805828,167411.10141866148,8.0,0.30361437797546387,0.6222379207611084,False
fig52,kmeans||,10,10000,15,50,25.0,14.0,0.5,bernoulli,9,51,14.0,186998.11002759394,160956.04481314434,14.0,0.22185087203979492,0.5995559692382812,False
fig52,kmeans||,10,10000,15,50,25.0,14.0,0.5,bernoulli,10,52,14.0,171969.53901036925,155176.68595446856,8.0,0.34200239181518555,0.930206298828125,False
fig52,kmeans||,10,10000,15,50,25.0,15.0,0.5,bernoulli,0,42,15.0,184363.72315925686,166903.57984508201,9.0,0.24093317985534668,0.452007532119751,False
fig52,kmeans||,10,10000,15,50,25.0,15.0,0.5,bernoulli,1,43,15.0,192554.89947785236,168333.26217342474,11.0,0.2881968021392822,0.7916357517242432,False
fig52,kmeans||,10,10000,15,50,25.0,15.0,0.5,bernoulli,2,44,15.0,179149.6352369943,157855.68526704886,12.0,0.2795248031616211,0.26363587379455566,False
fig52,kmeans||,10,10000,15,50,25.0,15.0,0.5,bernoulli,3,45,15.0,168174.71089493594,149301.87982926192,2.0,0.31139183044433594,0.08416008949279785,False
fig52,kmeans||,10,10000,15,50,25.0,15.0,0.5,bernoulli,4,46,15.0,168575.102256289,149301.87982926192,2.0,0.34609365463256836,0.17120885848999023,False
fig52,kmeans||,10,10000,15,50,25.0,15.0,0.5,bernoulli,5,47,15.0,189003.38435656502,168221.856379178,14.0,0.2786734104156494,0.5112335681915283,False
fig52,kmeans||,10,10000,15,50,25.0,15.0,0.5,bernoulli,6,48,15.0,173851.0017628633,155136.5368608517,8.0,0.2951314449310303,0.5521450042724609,False
fig52,kmeans||,10,10000,15,50,25.0,15.0,0.5,bernoulli,7,49,15.0,171428.98609834176,155160.18229851805,10.0,0.3161356449127197,0.3029444217681885,False
fig52,kmeans||,10,10000,15,50,25.0,15.0,0.5,bernoulli,8,50,15.0,183000.99269792912,166236.50262610396,14.0,0.2783169746398926,0.5466949939727783,False
fig52,kmeans||,10,10000,15,50,25.0,15.0,0.5,bernoulli,9,51,15.0,179867.56699351413,160253.71529433146,7.0,0.24572110176086426,0.4939577579498291,False
fig52,kmeans||,10,10000,15,50,25.0,15.0,0.5,bernoulli,10,52,15.0,178658.2473117369,164039.42532304046,8.0,0.34868693351745605,0.3921091556549072,False
fig52,kmeans||,10,10000,15,50,50.0,0.0,1.0,bernoulli,0,42,0.0,661467.0876447323,221481.1271398189,19.0,0.026326656341552734,1.1103229522705078,False
fig52,kmeans||,10,10000,15,50,50.0,0.0,1.0,bernoulli,1,43,0.0,634207.6568229028,264850.0890148214,22.0,0.022987842559814453,1.32161545753479,False
fig52,kmeans||,10,10000,15,50,50.0,0.0,1.0,bernoulli,2,44,0.0,710435.2838245393,268408.8093454819,18.0,0.02250075340270996,0.7486872673034668,False
fig52,kmeans||,10,10000,15,50,50.0,0.0,1.0,bernoulli,3,45,0.0,707762.6576896175,237996.213528864,20.0,0.020145893096923828,1.369960069656372,False
fig52,kmeans||,10,10000,15,50,50.0,0.0,1.0,bernoulli,4,46,0.0,686472.5742089733,238337.04505730706,21.0,0.019887447357177734,0.3390169143676758,False
fig52,kmeans||,10,10000,15,50,50.0,0.0,1.0,bernoulli,5,47,0.0,694439.6348732258,292320.6758109427,21.0,0.023378372192382812,0.5417962074279785,False
fig52,kmeans||,10,10000,15,50,50.0,0.0,1.0,bernoulli,6,48,0.0,693069.962063112,280545.75140966993,13.0,0.01946854591369629,0.2994983196258545,False
fig52,kmeans||,10,10000,15,50,50.0,0.0,1.0,bernoulli,7,49,0.0,644648.3333171861,270232.2519455081,15.0,0.019999265670776367,0.5363254547119141,False
fig52,kmeans||,10,10000,15,50,50.0,0.0,1.0,bernoulli,8,50,0.0,706470.1271886883,275070.94446740753,24.0,0.0235598087310791,1.0363514423370361,False
fig52,kmeans||,10,10000,15,50,50.0,0.0,1.0,bernoulli,9,51,0.0,654755.4484379527,283171.59786243143,16.0,0.019881248474121094,1.3664593696594238,False
fig52,kmeans||,10,10000,15,50,50.0,0.0,1.0,bernoulli,10,52,0.0,724966.9302947266,208942.61730337312,20.0,0.01986861228942871,1.1294023990631104,False
fig52,kmeans||,10,10000,15,50,50.0,1.0,1.0,bernoulli,0,42,1.0,677330.623569672,229524.00597831185,16.0,0.0693049430847168,1.2703030109405518,False
fig52,kmeans||,10,10000,15,50,50.0,1.0,1.0,bernoulli,1,43,1.0,699080.374401148,272668.29368071747,23.0,0.1939077377319336,1.5022380352020264,False
fig52,kmeans||,10,10000,15,50,50.0,1.0,1.0,bernoulli,2,44,,,,,,,True
fig52,kmeans||,10,10000,15,50,50.0,1.0,1.0,bernoulli,3,45,1.0,592207.9266201311,222874.74630035058,15.0,0.06825828552246094,0.20276474952697754,False
fig52,kmeans||,10,10000,15,50,50.0,1.0,1.0,bernoulli,4,46,,,,,,,True
fig52,kmeans||,10,10000,15,50,50.0,1.0,1.0,bernoulli,5,47,,,,,,,True
fig52,kmeans||,10,10000,15,50,50.0,1.0,1.0,bernoulli,6,48,,,,,,,True
fig52,kmeans||,10,10000,15,50,50.0,1.0,1.0,bernoulli,7,49,,,,,,,True
fig52,kmeans||,10,10000,15,50,50.0,1.0,1.0,bernoulli,8,50,,,,,,,True
fig52,kmeans||,10,10000,15,50,50.0,1.0,1.0,bernoulli,9,51,1.0,452943.2430596641,218554.3993806797,19.0,0.07374358177185059,0.3681936264038086,False
fig52,kmeans||,10,10000,15,50,50.0,1.0,1.0,bernoulli,10,52,1.0,461568.4516932178,246374.3216642323,18.0,0.09009122848510742,0.38944435119628906,False
fig52,kmeans||,10,10000,15,50,50.0,2.0,1.0,bernoulli,0,42,2.0,319240.42507294076,177636.01443270652,17.0,0.07818794250488281,0.23198413848876953,False
fig52,kmeans||,10,10000,15,50,50.0,2.0,1.0,bernoulli,1,43,2.0,274519.66082212,169828.14824243603,13.0,0.08432817459106445,0.40302038192749023,False
fig52,kmeans||,10,10000,15,50,50.0,2.0,1.0,bernoulli,2,44,2.0,347888.94704911276,167883.90077415333,13.0,0.1241309642791748,0.27681469917297363,False
fig52,kmeans||,10,10000,15,50,50.0,2.0,1.0,bernoulli,3,45,2.0,260832.38530116825,155123.98192526953,11.0,0.16153669357299805,0.19246149063110352,False
fig52,kmeans||,10,10000,15,50,50.0,2.0,1.0,bernoulli,4,46,2.0,333217.813320859,160136.26265708404,24.0,0.1805276870727539,1.741697072982788,False
fig52,kmeans||,10,10000,15,50,50.0,2.0,1.0,bernoulli,5,47,2.0,335897.4782928671,186499.61316903587,12.0,0.09700942039489746,0.5922677516937256,False
fig52,kmeans||,10,10000,15,50,50.0,2.0,1.0,bernoulli,6,48,2.0,318886.5655193578,181261.24703565944,10.0,0.09951543807983398,0.38133907318115234,False
fig52,kmeans||,10,10000,15,50,50.0,2.0,1.0,bernoulli,7,49,2.0,301950.2965041261,172615.71939068832,12.0,0.1818699836730957,0.46903347969055176,False
fig52,kmeans||,10,10000,15,50,50.0,2.0,1.0,bernoulli,8,50,2.0,247168.42905479934,155133.68715313802,8.0,0.10957908630371094,0.557736873626709,False
fig52,kmeans||,10,10000,15,50,50.0,2.0,1.0,bernoulli,9,51,2.0,261877.54755320755,155123.952704957,26.0,0.08679842948913574,1.13816499710083,False
fig52,kmeans||,10,10000,15,50,50.0,2.0,1.0,bernoulli,10,52,2.0,234114.45523127227,160419.24082632945,20.0,0.11373782157897949,1.441559076309204,False
fig52,kmeans||,10,10000,15,50,50.0,3.0,1.0,bernoulli,0,42,3.0,229522.08385529058,155138.00568203014,22.0,0.29413676261901855,1.0492451190948486,False
fig52,kmeans||,10,10000,15,50,50.0,3.0,1.0,bernoulli,1,43,3.0,235019.35526758738,167910.54694868627,15.0,0.19119668006896973,0.5081946849822998,False
fig52,kmeans||,10,10000,15,50,50.0,3.0,1.0,bernoulli,2,44,3.0,231215.5546676179,156611.66482444044,19.0,0.21494507789611816,0.949918270111084,False
fig52,kmeans||,10,10000,15,50,50.0,3.0,1.0,bernoulli,3,45,3.0,216107.29262428265,155169.93670477235,12.0,0.1165304183959961,0.5054745674133301,False
fig52,kmeans||,10,10000,15,50,50.0,3.0,1.0,bernoulli,4,46,3.0,220845.88760882302,149301.87982926192,2.0,0.22237014770507812,0.26177024841308594,False
fig52,kmeans||,10,10000,15,50,50.0,3.0,1.0,bernoulli,5,47,3.0,218276.0583072145,158181.9844295262,11.0,0.07491755485534668,0.15245771408081055,False
fig52,kmeans||,10,10000,15,50,50.0,3.0,1.0,bernoulli,6,48,3.0,209166.21859652796,149301.87982926192,2.0,0.08259963989257812,0.03940939903259277,False
fig52,kmeans||,10,10000,15,50,50.0,3.0,1.0,bernoulli,7,49,3.0,222015.97971326788,156649.99971771773,6.0,0.13418912887573242,0.12528085708618164,False
fig52,kmeans||,10,10000,15,50,50.0,3.0,1.0,bernoulli,8,50,3.0,213323.6462594645,149301.87982926192,3.0,0.1270914077758789,0.05403566360473633,False
fig52,kmeans||,10,10000,15,50,50.0,3.0,1.0,bernoulli,9,51,3.0,206900.02328512757,158205.92247922887,10.0,0.11128687858581543,0.2598450183868408,False
fig52,kmeans||,10,10000,15,50,50.0,3.0,1.0,bernoulli,10,52,3.0,208816.86680012115,156623.1840842379,17.0,0.09248542785644531,0.33135390281677246,False
fig52,kmeans||,10,10000,15,50,50.0,4.0,1.0,bernoulli,0,42,4.0,199383.041070796,149301.87982926192,2.0,0.15335726737976074,0.08187675476074219,False
fig52,kmeans||,10,10000,15,50,50.0,4.0,1.0,bernoulli,1,43,4.0,195758.25549452467,155165.9646005449,10.0,0.09623599052429199,0.294877290725708,False
fig52,kmeans||,10,10000,15,50,50.0,4.0,1.0,bernoulli,2,44,4.0,212243.2709017531,164477.91105239614,9.0,0.13459539413452148,0.1888902187347412,False
fig52,kmeans||,10,10000,15,50,50.0,4.0,1.0,bernoulli,3,45,4.0,194062.51942997082,155139.40768173584,8.0,0.1171576976776123,0.4442453384399414,False
fig52,kmeans||,10,10000,15,50,50.0,4.0,1.0,bernoulli,4,46,4.0,220793.45200130076,171512.9721375339,13.0,0.2213444709777832,0.40044474601745605,False
fig52,kmeans||,10,10000,15,50,50.0,4.0,1.0,bernoulli,5,47,4.0,223114.04877045623,176139.91084679717,11.0,0.34601593017578125,0.5621998310089111,False
fig52,kmeans||,10,10000,15,50,50.0,4.0,1.0,bernoulli,6,48,4.0,203640.88156936687,158201.49037434967,9.0,0.34305691719055176,0.4517378807067871,False
fig52,kmeans||,10,10000,15,50,50.0,4.0,1.0,bernoulli,7,49,4.0,194560.26179472773,149301.87982926192,3.0,0.10689949989318848,0.10141515731811523,False
fig52,kmeans||,10,10000,15,50,50.0,4.0,1.0,bernoulli,8,50,4.0,200778.36201357795,155159.2266344921,10.0,0.17649054527282715,0.20217251777648926,False
fig52,kmeans||,10,10000,15,50,50.0,4.0,1.0,bernoulli,9,51,4.0,196587.5630570521,159693.40037850672,11.0,0.12094521522521973,0.6466434001922607,False
fig52,kmeans||,10,10000,15,50,50.0,4.0,1.0,bernoulli,10,52,4.0,183491.82488361828,149301.87982926192,2.0,0.11854720115661621,0.03639817237854004,False
fig52,kmeans||,10,10000,15,50,50.0,5.0,1.0,bernoulli,0,42,5.0,193466.19179300044,155157.32509467076,5.0,0.3058609962463379,0.27017927169799805,False
fig52,kmeans||,10,10000,15,50,50.0,5.0,1.0,bernoulli,1,43,5.0,181940.37624326954,149301.87982926192,2.0,0.12698626518249512,0.07249569892883301,False
fig52,kmeans||,10,10000,15,50,50.0,5.0,1.0,bernoulli,2,44,5.0,191456.22445339724,157870.3047268471,19.0,0.18659758567810059,0.9636943340301514,False
fig52,kmeans||,10,10000,15,50,50.0,5.0,1.0,bernoulli,3,45,5.0,192692.60523884674,161300.60289894283,8.0,0.3375978469848633,0.6955809593200684,False
fig52,kmeans||,10,10000,15,50,50.0,5.0,1.0,bernoulli,4,46,5.0,200985.8549746444,166928.99286072736,10.0,0.19225120544433594,0.6640176773071289,False
fig52,kmeans||,10,10000,15,50,50.0,5.0,1.0,bernoulli,5,47,5.0,198777.85253933712,164901.9537965899,13.0,0.14153552055358887,0.8139309883117676,False
fig52,kmeans||,10,10000,15,50,50.0,5.0,1.0,bernoulli,6,48,5.0,189072.9065459712,156612.00927779952,10.0,0.49224853515625,0.3035242557525635,False
fig52,kmeans||,10,10000,15,50,50.0,5.0,1.0,bernoulli,7,49,5.0,201236.1209000987,168374.932934248,22.0,0.10912466049194336,1.284895420074463,False
fig52,kmeans||,10,10000,15,50,50.0,5.0,1.0,bernoulli,8,50,5.0,197715.7764503975,162070.86030926552,12.0,0.12852978706359863,0.47565484046936035,False
fig52,kmeans||,10,10000,15,50,50.0,5.0,1.0,bernoulli,9,51,5.0,184514.94629566727,155118.27404213668,13.0,0.13788390159606934,0.47421956062316895,False
fig52,kmeans||,10,10000,15,50,50.0,5.0,1.0,bernoulli,10,52,5.0,193902.60970017908,168969.89648436944,10.0,0.21323823928833008,0.5062577724456787,False
fig52,kmeans||,10,10000,15,50,50.0,6.0,1.0,bernoulli,0,42,6.0,180612.0124824777,155110.13717591856,22.0,0.2544519901275635,1.5240685939788818,False
fig52,kmeans||,10,10000,15,50,50.0,6.0,1.0,bernoulli,1,43,6.0,184581.8050296394,160142.68366818415,14.0,0.16866230964660645,0.3673853874206543,False
fig52,kmeans||,10,10000,15,50,50.0,6.0,1.0,bernoulli,2,44,6.0,188483.16930868238,163690.11381430848,16.0,0.22358441352844238,0.6189982891082764,False
fig52,kmeans||,10,10000,15,50,50.0,6.0,1.0,bernoulli,3,45,6.0,193632.80950477778,169514.9124591906,15.0,0.18500852584838867,0.3455660343170166,False
fig52,kmeans||,10,10000,15,50,50.0,6.0,1.0,bernoulli,4,46,6.0,182124.6381136506,155145.62740075233,11.0,0.40368032455444336,0.5002763271331787,False
fig52,kmeans||,10,10000,15,50,50.0,6.0,1.0,bernoulli,5,47,6.0,194817.23088135448,168074.68700709136,8.0,0.23831391334533691,0.699927806854248,False
fig52,kmeans||,10,10000,15,50,50.0,6.0,1.0,bernoulli,6,48,6.0,179480.32646116425,155113.39892139443,12.0,0.2859625816345215,0.2215733528137207,False
fig52,kmeans||,10,10000,15,50,50.0,6.0,1.0,bernoulli,7,49,6.0,197155.0504358858,172621.88954327893,13.0,0.12888002395629883,0.23990416526794434,False
fig52,kmeans||,10,10000,15,50,50.0,6.0,1.0,bernoulli,8,50,6.0,180710.1520993798,155163.49397256525,10.0,0.1313469409942627,0.5763435363769531,False
fig52,kmeans||,10,10000,15,50,50.0,6.0,1.0,bernoulli,9,51,6.0,173213.4865030335,149301.87982926192,2.0,0.13586688041687012,0.0678715705871582,False
fig52,kmeans||,10,10000,15,50,50.0,6.0,1.0,bernoulli,10,52,6.0,178292.4807000042,156630.29434813373,12.0,0.3515632152557373,0.33235979080200195,False
fig52,kmeans||,10,10000,15,50,50.0,7.0,1.0,bernoulli,0,42,7.0,176038.92022068004,155143.13952699056,10.0,0.2227628231048584,0.14280438423156738,False
fig52,kmeans||,10,10000,15,50,50.0,7.0,1.0,bernoulli,1,43,7.0,178568.52450414328,157675.89286894913,13.0,0.16894221305847168,0.25952935218811035,False
fig52,kmeans||,10,10000,15,50,50.0,7.0,1.0,bernoulli,2,44,7.0,182398.4697901207,162454.49243734984,9.0,0.19068193435668945,0.14459824562072754,False
fig52,kmeans||,10,10000,15,50,50.0,7.0,1.0,bernoulli,3,45,7.0,174779.34876201025,155138.11024607887,8.0,0.20797324180603027,0.3409423828125,False
fig52,kmeans||,10,10000,15,50,50.0,7.0,1.0,bernoulli,4,46,7.0,179245.9932177332,157917.96444058785,6.0,0.1832425594329834,0.24880647659301758,False
fig52,kmeans||,10,10000,15,50,50.0,7.0,1.0,bernoulli,5,47,7.0,177466.98228192393,155148.67286525227,14.0,0.33837437629699707,0.7441792488098145,False
fig52,kmeans||,10,10000,15,50,50.0,7.0,1.0,bernoulli,6,48,7.0,176561.74075738614,155164.80773589783,11.0,0.363417387008667,0.15804457664489746,False
fig52,kmeans||,10,10000,15,50,50.0,7.0,1.0,bernoulli,7,49,7.0,186818.8994382675,163589.67598841936,16.0,0.2155625820159912,0.4999072551727295,False
fig52,kmeans||,10,10000,15,50,50.0,7.0,1.0,bernoulli,8,50,7.0,202032.05697470362,173522.80084843448,16.0,0.14758062362670898,0.289839506149292,False
fig52,kmeans||,10,10000,15,50,50.0,7.0,1.0,bernoulli,9,51,7.0,176921.11497186805,156614.80908290407,18.0,0.16829204559326172,0.9485409259796143,False
fig52,kmeans||,10,10000,15,50,50.0,7.0,1.0,bernoulli,10,52,7.0,181563.73987248036,155131.22820473555,13.0,0.17621088027954102,0.6268346309661865,False
fig52,kmeans||,10,10000,15,50,50.0,8.0,1.0,bernoulli,0,42,8.0,173402.68695021924,155157.92705251434,14.0,0.37915945053100586,0.35153746604919434,False
fig52,kmeans||,10,10000,15,50,50.0,8.0,1.0,bernoulli,1,43,8.0,192389.1977485918,174656.26671723524,10.0,0.23448991775512695,0.3326420783996582,False
fig52,kmeans||,10,10000,15,50,50.0,8.0,1.0,bernoulli,2,44,8.0,194721.63799116196,177616.70989474366,10.0,0.2006392478942871,0.18887877464294434,False
fig52,kmeans||,10,10000,15,50,50.0,8.0,1.0,bernoulli,3,45,8.0,175554.91260345065,158199.06023257386,10.0,0.16135454177856445,0.8077571392059326,False
fig52,kmeans||,10,10000,15,50,50.0,8.0,1.0,bernoulli,4,46,8.0,181265.01165838417,162462.6154592549,14.0,0.2154555320739746,0.48419713973999023,False
fig52,kmeans||,10,10000,15,50,50.0,8.0,1.0,bernoulli,5,47,8.0,174711.63503714625,157705.50165457866,6.0,0.24283528327941895,0.37689709663391113,False
fig52,kmeans||,10,10000,15,50,50.0,8.0,1.0,bernoulli,6,48,8.0,181145.02805985571,164151.52254182074,16.0,0.24335932731628418,0.696089506149292,False
fig52,kmeans||,10,10000,15,50,50.0,8.0,1.0,bernoulli,7,49,8.0,180417.7391294054,160962.66843544997,21.0,0.3537886142730713,1.251356601715088,False
fig52,kmeans||,10,10000,15,50,50.0,8.0,1.0,bernoulli,8,50,8.0,190187.90919941696,173278.5313652898,18.0,0.17914843559265137,0.8599777221679688,False
fig52,kmeans||,10,10000,15,50,50.0,8.0,1.0,bernoulli,9,51,8.0,171809.54515682269,155125.4958445206,10.0,0.20848870277404785,0.5320029258728027,False
fig52,kmeans||,10,10000,15,50,50.0,8.0,1.0,bernoulli,10,52,8.0,173353.06591178649,159039.57485740015,8.0,0.2150254249572754,0.26781415939331055,False
fig52,kmeans||,10,10000,15,50,50.0,9.0,1.0,bernoulli,0,42,9.0,170411.84798782313,155136.13623348568,11.0,0.3124053478240967,0.911658525466919,False
fig52,kmeans||,10,10000,15,50,50.0,9.0,1.0,bernoulli,1,43,9.0,170072.3641655683,155154.6176903414,9.0,0.44994378089904785,0.12441372871398926,False
fig52,kmeans||,10,10000,15,50,50.0,9.0,1.0,bernoulli,2,44,9.0,177307.85354223946,162453.3028791913,11.0,0.2300560474395752,0.246476411819458,False
fig52,kmeans||,10,10000,15,50,50.0,9.0,1.0,bernoulli,3,45,9.0,170632.7807718069,155138.67492241063,13.0,0.23994016647338867,0.7229118347167969,False
fig52,kmeans||,10,10000,15,50,50.0,9.0,1.0,bernoulli,4,46,9.0,181273.41029267292,165239.38653631016,16.0,0.2295689582824707,0.47139501571655273,False
fig52,kmeans||,10,10000,15,50,50.0,9.0,1.0,bernoulli,5,47,9.0,169572.42467003997,155138.61851780536,13.0,0.2577481269836426,0.80218505859375,False
fig52,kmeans||,10,10000,15,50,50.0,9.0,1.0,bernoulli,6,48,9.0,164079.65624197718,149301.87982926192,2.0,0.43615245819091797,0.04662036895751953,False
fig52,kmeans||,10,10000,15,50,50.0,9.0,1.0,bernoulli,7,49,9.0,188501.5605993443,170853.99866694267,16.0,0.212752103805542,0.6915743350982666,False
fig52,kmeans||,10,10000,15,50,50.0,9.0,1.0,bernoulli,8,50,9.0,175822.67766040342,162413.91180872967,12.0,0.34729647636413574,1.192140817642212,False
fig52,kmeans||,10,10000,15,50,50.0,9.0,1.0,bernoulli,9,51,9.0,181301.3538942267,167728.10841525462,12.0,0.37666869163513184,0.4992563724517822,False
fig52,kmeans||,10,10000,15,50,50.0,9.0,1.0,bernoulli,10,52,9.0,162911.7231698939,149301.87982926192,2.0,0.3634011745452881,0.09232568740844727,False
fig52,kmeans||,10,10000,15,50,50.0,10.0,1.0,bernoulli,0,42,10.0,173766.24262546786,160962.72705414705,12.0,0.4634876251220703,0.44705843925476074,False
fig52,kmeans||,10,10000,15,50,50.0,10.0,1.0,bernoulli,1,43,10.0,168767.10970424235,155116.10790022925,12.0,0.5396115779876709,0.5743727684020996,False
fig52,kmeans||,10,10000,15,50,50.0,10.0,1.0,bernoulli,2,44,10.0,174875.66016941986,161969.63617619753,13.0,0.6233701705932617,0.4723353385925293,False
fig52,kmeans||,10,10000,15,50,50.0,10.0,1.0,bernoulli,3,45,10.0,181905.16835592015,167736.19682721575,17.0,0.8877992630004883,0.903109073638916,False
fig52,kmeans||,10,10000,15,50,50.0,10.0,1.0,bernoulli,4,46,10.0,172274.65728358377,157918.802759637,9.0,0.5798161029815674,0.6205463409423828,False
fig52,kmeans||,10,10000,15,50,50.0,10.0,1.0,bernoulli,5,47,10.0,170926.45909791894,157864.98900817672,15.0,0.2761383056640625,0.7993404865264893,False
fig52,kmeans||,10,10000,15,50,50.0,10.0,1.0,bernoulli,6,48,10.0,182530.60085414659,169414.7485443392,16.0,0.4468197822570801,1.3247694969177246,False
fig52,kmeans||,10,10000,15,50,50.0,10.0,1.0,bernoulli,7,49,10.0,169710.9403096533,155133.5857408123,12.0,0.32158780097961426,0.3327186107635498,False
fig52,kmeans||,10,10000,15,50,50.0,10.0,1.0,bernoulli,8,50,10.0,166610.02932615744,155148.64905808363,15.0,0.27881932258605957,1.3353216648101807,False
fig52,kmeans||,10,10000,15,50,50.0,10.0,1.0,bernoulli,9,51,10.0,173264.3366740819,161565.6848659009,15.0,0.4349074363708496,0.9726607799530029,False
fig52,kmeans||,10,10000,15,50,50.0,10.0,1.0,bernoulli,10,52,10.0,183974.32015201933,172102.03545669548,18.0,0.26998066902160645,0.7847814559936523,False
fig52,kmeans||,10,10000,15,50,50.0,11.0,1.0,bernoulli,0,42,11.0,170426.48997491878,159399.0096294908,12.0,0.3157336711883545,0.3918304443359375,False
fig52,kmeans||,10,10000,15,50,50.0,11.0,1.0,bernoulli,1,43,11.0,167109.77017043694,155122.57887339685,8.0,0.5396363735198975,0.32465362548828125,False
fig52,kmeans||,10,10000,15,50,50.0,11.0,1.0,bernoulli,2,44,11.0,168240.23557758628,156653.29124900047,9.0,0.31281089782714844,0.43642473220825195,False
fig52,kmeans||,10,10000,15,50,50.0,11.0,1.0,bernoulli,3,45,11.0,175298.4447513399,162479.2206909034,17.0,0.4028205871582031,0.7842607498168945,False
fig52,kmeans||,10,10000,15,50,50.0,11.0,1.0,bernoulli,4,46,11.0,176147.18065021513,163492.83982640982,18.0,0.4066891670227051,0.8886909484863281,False
fig52,kmeans||,10,10000,15,50,50.0,11.0,1.0,bernoulli,5,47,11.0,171017.38293985004,159395.66159174877,22.0,0.8752367496490479,1.6822001934051514,False
fig52,kmeans||,10,10000,15,50,50.0,11.0,1.0,bernoulli,6,48,11.0,183591.18794331397,164143.90421345702,13.0,0.30739283561706543,0.5758585929870605,False
fig52,kmeans||,10,10000,15,50,50.0,11.0,1.0,bernoulli,7,49,11.0,173024.61950783883,160243.37599659368,10.0,0.4414703845977783,0.4346773624420166,False
fig52,kmeans||,10,10000,15,50,50.0,11.0,1.0,bernoulli,8,50,11.0,177167.914885712,166757.01254044083,10.0,0.23044109344482422,0.7574658393859863,False
fig52,kmeans||,10,10000,15,50,50.0,11.0,1.0,bernoulli,9,51,11.0,170275.5000386192,159444.62771863714,10.0,0.5116214752197266,0.333864688873291,False
fig52,kmeans||,10,10000,15,50,50.0,11.0,1.0,bernoulli,10,52,11.0,178535.1154412147,167646.91541848236,9.0,0.25122547149658203,0.3491818904876709,False
fig52,kmeans||,10,10000,15,50,50.0,12.0,1.0,bernoulli,0,42,12.0,175227.70600382116,165008.89253192022,13.0,0.6925375461578369,0.7114112377166748,False
fig52,kmeans||,10,10000,15,50,50.0,12.0,1.0,bernoulli,1,43,12.0,168995.91474884996,158346.47112594257,8.0,0.39153075218200684,0.26740050315856934,False
fig52,kmeans||,10,10000,15,50,50.0,12.0,1.0,bernoulli,2,44,12.0,182890.37300813186,172490.25403295882,25.0,0.32329297065734863,0.7210640907287598,False
fig52,kmeans||,10,10000,15,50,50.0,12.0,1.0,bernoulli,3,45,12.0,160679.49094489554,149301.87982926192,2.0,0.38344788551330566,0.11141276359558105,False
fig52,kmeans||,10,10000,15,50,50.0,12.0,1.0,bernoulli,4,46,12.0,177610.87796532075,165949.55850653612,13.0,0.5751533508300781,0.9229187965393066,False
fig52,kmeans||,10,10000,15,50,50.0,12.0,1.0,bernoulli,5,47,12.0,173103.5951661623,162504.2237733942,21.0,0.6678276062011719,1.2219910621643066,False
fig52,kmeans||,10,10000,15,50,50.0,12.0,1.0,bernoulli,6,48,12.0,173530.228620775,163704.6599197792,11.0,0.4972038269042969,0.6782848834991455,False
fig52,kmeans||,10,10000,15,50,50.0,12.0,1.0,bernoulli,7,49,12.0,169901.18544223584,159450.2739603008,21.0,0.548630952835083,1.1704175472259521,False
fig52,kmeans||,10,10000,15,50,50.0,12.0,1.0,bernoulli,8,50,12.0,164914.09691613648,155151.8566627716,11.0,0.7668106555938721,0.5954034328460693,False
fig52,kmeans||,10,10000,15,50,50.0,12.0,1.0,bernoulli,9,51,12.0,167889.53499474886,157696.68386589066,7.0,0.3998091220855713,0.7360241413116455,False
fig52,kmeans||,10,10000,15,50,50.0,12.0,1.0,bernoulli,10,52,12.0,177312.64809384898,167770.8409249485,20.0,0.33515095710754395,1.056051254272461,False
fig52,kmeans||,10,10000,15,50,50.0,13.0,1.0,bernoulli,0,42,13.0,167223.7476834108,157718.15538650178,11.0,0.73219895362854,0.5082182884216309,False
fig52,kmeans||,10,10000,15,50,50.0,13.0,1.0,bernoulli,1,43,13.0,173747.70083321413,164039.51934532993,8.0,0.6122214794158936,0.1735386848449707,False
fig52,kmeans||,10,10000,15,50,50.0,13.0,1.0,bernoulli,2,44,13.0,164939.4680458132,155159.87437904318,7.0,0.28053712844848633,0.719595193862915,False
fig52,kmeans||,10,10000,15,50,50.0,13.0,1.0,bernoulli,3,45,13.0,169799.41929571237,159411.27113174903,11.0,0.369412899017334,0.47428464889526367,False
fig52,kmeans||,10,10000,15,50,50.0,13.0,1.0,bernoulli,4,46,13.0,165531.53740658093,155118.63220582643,9.0,0.4619755744934082,0.8007333278656006,False
fig52,kmeans||,10,10000,15,50,50.0,13.0,1.0,bernoulli,5,47,13.0,172842.548543304,163483.69935671054,17.0,0.6202654838562012,0.5696189403533936,False
fig52,kmeans||,10,10000,15,50,50.0,13.0,1.0,bernoulli,6,48,13.0,164690.51070289392,155155.78447768887,14.0,1.0403244495391846,0.8979156017303467,False
fig52,kmeans||,10,10000,15,50,50.0,13.0,1.0,bernoulli,7,49,13.0,166590.9335354583,157683.51415802608,22.0,0.383120059967041,1.6566753387451172,False
fig52,kmeans||,10,10000,15,50,50.0,13.0,1.0,bernoulli,8,50,13.0,165455.9903121916,156634.1698350143,7.0,0.5351963043212891,0.2687714099884033,False
fig52,kmeans||,10,10000,15,50,50.0,13.0,1.0,bernoulli,9,51,13.0,174297.79138928754,164915.7748845445,12.0,0.41644883155822754,0.4314260482788086,False
fig52,kmeans||,10,10000,15,50,50.0,13.0,1.0,bernoulli,10,52,13.0,163864.8908913853,155123.96537290598,21.0,0.7085182666778564,1.311758279800415,False
fig52,kmeans||,10,10000,15,50,50.0,14.0,1.0,bernoulli,0,42,14.0,163979.13281326654,155129.12475038978,15.0,0.8803291320800781,1.1271858215332031,False
fig52,kmeans||,10,10000,15,50,50.0,14.0,1.0,bernoulli,1,43,14.0,164097.59005680803,155129.39423145814,17.0,0.39728665351867676,0.6963660717010498,False
fig52,kmeans||,10,10000,15,50,50.0,14.0,1.0,bernoulli,2,44,14.0,168627.2069545152,159429.74494430574,9.0,0.8083322048187256,0.6998534202575684,False
fig52,kmeans||,10,10000,15,50,50.0,14.0,1.0,bernoulli,3,45,14.0,172109.2945465742,162425.58759389055,9.0,0.4600074291229248,0.44759273529052734,False
fig52,kmeans||,10,10000,15,50,50.0,14.0,1.0,bernoulli,4,46,14.0,167616.5492129317,157915.60994030678,14.0,0.6879703998565674,0.3099207878112793,False
fig52,kmeans||,10,10000,15,50,50.0,14.0,1.0,bernoulli,5,47,14.0,158030.23927471272,149301.87982926192,2.0,0.7840070724487305,0.24785971641540527,False
fig52,kmeans||,10,10000,15,50,50.0,14.0,1.0,bernoulli,6,48,14.0,165810.06219910833,157669.6206247362,10.0,0.7564117908477783,0.5604369640350342,False
fig52,kmeans||,10,10000,15,50,50.0,14.0,1.0,bernoulli,7,49,14.0,163256.91606637766,155143.8439062165,8.0,0.674863338470459,0.16239213943481445,False
fig52,kmeans||,10,10000,15,50,50.0,14.0,1.0,bernoulli,8,50,14.0,162780.3631825797,155168.748779695,10.0,0.45046353340148926,0.5398597717285156,False
fig52,kmeans||,10,10000,15,50,50.0,14.0,1.0,bernoulli,9,51,14.0,175507.80620493658,167423.2054090156,17.0,0.6097760200500488,0.7989449501037598,False
fig52,kmeans||,10,10000,15,50,50.0,14.0,1.0,bernoulli,10,52,14.0,166005.4977322498,157903.7919215493,10.0,0.45703649520874023,0.2053089141845703,False
fig52,kmeans||,10,10000,15,50,50.0,15.0,1.0,bernoulli,0,42,15.0,163281.2014836712,155149.3453704891,20.0,0.8549652099609375,0.5644347667694092,False
fig52,kmeans||,10,10000,15,50,50.0,15.0,1.0,bernoulli,1,43,15.0,165871.76227913538,157886.62570919064,8.0,0.8796346187591553,0.5990164279937744,False
fig52,kmeans||,10,10000,15,50,50.0,15.0,1.0,bernoulli,2,44,15.0,166521.11176745547,158180.36511704995,13.0,0.5443072319030762,0.6916894912719727,False
fig52,kmeans||,10,10000,15,50,50.0,15.0,1.0,bernoulli,3,45,15.0,168045.21802999498,159408.4984296038,10.0,0.37619543075561523,0.6086044311523438,False
fig52,kmeans||,10,10000,15,50,50.0,15.0,1.0,bernoulli,4,46,15.0,163226.67381565872,155137.80100010213,8.0,0.30686140060424805,0.3831291198730469,False
fig52,kmeans||,10,10000,15,50,50.0,15.0,1.0,bernoulli,5,47,15.0,163217.3319428408,155112.77206840803,11.0,0.7115540504455566,0.7769451141357422,False
fig52,kmeans||,10,10000,15,50,50.0,15.0,1.0,bernoulli,6,48,15.0,167860.04613197656,160417.61655423057,17.0,0.631840705871582,1.0113303661346436,False
fig52,kmeans||,10,10000,15,50,50.0,15.0,1.0,bernoulli,7,49,15.0,170244.04117369256,162401.87362721266,10.0,0.27432966232299805,0.45667433738708496,False
fig52,kmeans||,10,10000,15,50,50.0,15.0,1.0,bernoulli,8,50,15.0,162352.154640242,155149.8930982607,12.0,0.7392194271087646,0.6365602016448975,False
fig52,kmeans||,10,10000,15,50,50.0,15.0,1.0,bernoulli,9,51,15.0,181359.54330286043,173647.1504866453,12.0,0.48584556579589844,0.6893281936645508,False
fig52,kmeans||,10,10000,15,50,50.0,15.0,1.0,bernoulli,10,52,15.0,183834.30545384245,176804.57630197913,12.0,0.3711254596710205,0.6998958587646484,False
fig52,kmeans||,10,10000,15,50,100.0,0.0,2.0,bernoulli,0,42,0.0,661467.0876447323,221481.1271398189,19.0,0.02276611328125,0.6252200603485107,False
fig52,kmeans||,10,10000,15,50,100.0,0.0,2.0,bernoulli,1,43,0.0,634207.6568229028,264850.0890148214,22.0,0.021153926849365234,0.7281157970428467,False
fig52,kmeans||,10,10000,15,50,100.0,0.0,2.0,bernoulli,2,44,0.0,710435.2838245393,268408.8093454819,18.0,0.03206276893615723,1.1632518768310547,False
fig52,kmeans||,10,10000,15,50,100.0,0.0,2.0,bernoulli,3,45,0.0,707762.6576896175,237996.213528864,20.0,0.0198361873626709,0.7841401100158691,False
fig52,kmeans||,10,10000,15,50,100.0,0.0,2.0,bernoulli,4,46,0.0,686472.5742089733,238337.04505730706,21.0,0.02222919464111328,1.2758541107177734,False
fig52,kmeans||,10,10000,15,50,100.0,0.0,2.0,bernoulli,5,47,0.0,694439.6348732258,292320.6758109427,21.0,0.019960641860961914,1.2300713062286377,False
fig52,kmeans||,10,10000,15,50,100.0,0.0,2.0,bernoulli,6,48,0.0,693069.962063112,280545.75140966993,13.0,0.023743867874145508,0.7860317230224609,False
fig52,kmeans||,10,10000,15,50,100.0,0.0,2.0,bernoulli,7,49,0.0,644648.3333171861,270232.2519455081,15.0,0.019812583923339844,1.2227623462677002,False
fig52,kmeans||,10,10000,15,50,100.0,0.0,2.0,bernoulli,8,50,0.0,706470.1271886883,275070.94446740753,24.0,0.020065784454345703,0.6715588569641113,False
fig52,kmeans||,10,10000,15,50,100.0,0.0,2.0,bernoulli,9,51,0.0,654755.4484379527,283171.59786243143,16.0,0.02099895477294922,0.8571872711181641,False
fig52,kmeans||,10,10000,15,50,100.0,0.0,2.0,bernoulli,10,52,0.0,724966.9302947266,208942.61730337312,20.0,0.020371198654174805,1.1593074798583984,False
fig52,kmeans||,10,10000,15,50,100.0,1.0,2.0,bernoulli,0,42,1.0,458731.6353355809,203676.1796853216,22.0,0.07413864135742188,0.7688748836517334,False
fig52,kmeans||,10,10000,15,50,100.0,1.0,2.0,bernoulli,1,43,1.0,368607.39873486944,170017.94372481355,19.0,0.09379839897155762,1.0700788497924805,False
fig52,kmeans||,10,10000,15,50,100.0,1.0,2.0,bernoulli,2,44,1.0,533799.6087129253,218682.9985296447,21.0,0.08386564254760742,0.8404157161712646,False
fig52,kmeans||,10,10000,15,50,100.0,1.0,2.0,bernoulli,3,45,1.0,331017.31023558904,178256.5107429632,17.0,0.06880402565002441,0.7584338188171387,False
fig52,kmeans||,10,10000,15,50,100.0,1.0,2.0,bernoulli,4,46,1.0,464343.12092102447,219685.14215255837,13.0,0.045659542083740234,0.8050553798675537,False
fig52,kmeans||,10,10000,15,50,100.0,1.0,2.0,bernoulli,5,47,1.0,426063.5919826734,178354.60400658904,21.0,0.07718491554260254,1.0055809020996094,False
fig52,kmeans||,10,10000,15,50,100.0,1.0,2.0,bernoulli,6,48,1.0,353667.050659344,189203.5098755386,14.0,0.04535651206970215,0.873267650604248,False
fig52,kmeans||,10,10000,15,50,100.0,1.0,2.0,bernoulli,7,49,1.0,512023.7742261398,242508.29122553405,14.0,0.08489394187927246,0.6081955432891846,False
fig52,kmeans||,10,10000,15,50,100.0,1.0,2.0,bernoulli,8,50,1.0,403422.45445328957,196498.43033454928,17.0,0.08312726020812988,0.5116958618164062,False
fig52,kmeans||,10,10000,15,50,100.0,1.0,2.0,bernoulli,9,51,1.0,348034.89912653604,193529.17603728548,14.0,0.07992720603942871,0.22025418281555176,False
fig52,kmeans||,10,10000,15,50,100.0,1.0,2.0,bernoulli,10,52,1.0,293718.4949483904,164478.785127973,14.0,0.07139778137207031,0.44580912590026855,False
fig52,kmeans||,10,10000,15,50,100.0,2.0,2.0,bernoulli,0,42,2.0,213486.60599799268,164876.6153948366,18.0,0.10980033874511719,0.8992269039154053,False
fig52,kmeans||,10,10000,15,50,100.0,2.0,2.0,bernoulli,1,43,2.0,213200.1198372572,168129.20112637492,9.0,0.13010597229003906,0.2162792682647705,False
fig52,kmeans||,10,10000,15,50,100.0,2.0,2.0,bernoulli,2,44,2.0,199365.51323500168,155124.84420359193,9.0,0.08214473724365234,0.16192865371704102,False
fig52,kmeans||,10,10000,15,50,100.0,2.0,2.0,bernoulli,3,45,2.0,214411.83081764722,170983.0263902022,13.0,0.10598468780517578,0.7884323596954346,False
fig52,kmeans||,10,10000,15,50,100.0,2.0,2.0,bernoulli,4,46,2.0,211235.15077387268,157644.12336075987,12.0,0.09836935997009277,0.6497530937194824,False
fig52,kmeans||,10,10000,15,50,100.0,2.0,2.0,bernoulli,5,47,2.0,199490.14329605486,149301.87982926192,2.0,0.08352494239807129,0.29149580001831055,False
fig52,kmeans||,10,10000,15,50,100.0,2.0,2.0,bernoulli,6,48,2.0,204895.14241877443,157806.68632594484,7.0,0.07922697067260742,0.09191727638244629,False
fig52,kmeans||,10,10000,15,50,100.0,2.0,2.0,bernoulli,7,49,2.0,210003.07218174156,155173.5901809095,10.0,0.08371734619140625,0.6186380386352539,False
fig52,kmeans||,10,10000,15,50,100.0,2.0,2.0,bernoulli,8,50,2.0,199437.7588397616,149301.87982926192,3.0,0.08408880233764648,0.21453452110290527,False
fig52,kmeans||,10,10000,15,50,100.0,2.0,2.0,bernoulli,9,51,2.0,203869.94911622483,165228.93904842428,9.0,0.07600736618041992,0.6598093509674072,False
fig52,kmeans||,10,10000,15,50,100.0,2.0,2.0,bernoulli,10,52,2.0,188709.78812832187,149301.87982926192,2.0,0.09503817558288574,0.04344320297241211,False
fig52,kmeans||,10,10000,15,50,100.0,3.0,2.0,bernoulli,0,42,3.0,181200.1567966379,155132.02776481345,9.0,0.10994625091552734,0.3632514476776123,False
fig52,kmeans||,10,10000,15,50,100.0,3.0,2.0,bernoulli,1,43,3.0,185977.70510598275,157684.14016465956,11.0,0.1006615161895752,0.29207515716552734,False
fig52,kmeans||,10,10000,15,50,100.0,3.0,2.0,bernoulli,2,44,3.0,179032.31252328123,149301.87982926192,2.0,0.14780950546264648,0.24938726425170898,False
fig52,kmeans||,10,10000,15,50,100.0,3.0,2.0,bernoulli,3,45,3.0,172946.13781907703,149301.87982926192,2.0,0.11257266998291016,0.13837194442749023,False
fig52,kmeans||,10,10000,15,50,100.0,3.0,2.0,bernoulli,4,46,3.0,195526.93606414535,165236.9056882056,10.0,0.11160016059875488,0.4554600715637207,False
fig52,kmeans||,10,10000,15,50,100.0,3.0,2.0,bernoulli,5,47,3.0,184023.19142826385,155145.07620208233,11.0,0.11909699440002441,0.6714446544647217,False
fig52,kmeans||,10,10000,15,50,100.0,3.0,2.0,bernoulli,6,48,3.0,193331.2350604147,168495.35845378402,16.0,0.19106316566467285,0.9731669425964355,False
fig52,kmeans||,10,10000,15,50,100.0,3.0,2.0,bernoulli,7,49,3.0,187706.265193087,162426.9132878889,11.0,0.1577911376953125,0.7332863807678223,False
fig52,kmeans||,10,10000,15,50,100.0,3.0,2.0,bernoulli,8,50,3.0,184273.63421869808,155134.93305262184,8.0,0.09526705741882324,0.4057176113128662,False
fig52,kmeans||,10,10000,15,50,100.0,3.0,2.0,bernoulli,9,51,3.0,176303.02120365342,155143.89258885692,8.0,0.12066364288330078,0.2690134048461914,False
fig52,kmeans||,10,10000,15,50,100.0,3.0,2.0,bernoulli,10,52,3.0,191767.0968693099,163612.72049204423,12.0,0.11240673065185547,0.6248342990875244,False
fig52,kmeans||,10,10000,15,50,100.0,4.0,2.0,bernoulli,0,42,4.0,168064.31842979163,149301.87982926192,2.0,0.11517572402954102,0.043082237243652344,False
fig52,kmeans||,10,10000,15,50,100.0,4.0,2.0,bernoulli,1,43,4.0,187903.47414287657,171404.74102911766,10.0,0.12565183639526367,0.6099884510040283,False
fig52,kmeans||,10,10000,15,50,100.0,4.0,2.0,bernoulli,2,44,4.0,179558.22573259356,155163.4019207912,10.0,0.12932205200195312,0.7635140419006348,False
fig52,kmeans||,10,10000,15,50,100.0,4.0,2.0,bernoulli,3,45,4.0,174018.20940496362,157927.99491730734,8.0,0.13161373138427734,0.627098798751831,False
fig52,kmeans||,10,10000,15,50,100.0,4.0,2.0,bernoulli,4,46,4.0,175181.3213290612,155133.2318559935,8.0,0.12184453010559082,0.3171350955963135,False
fig52,kmeans||,10,10000,15,50,100.0,4.0,2.0,bernoulli,5,47,4.0,173561.16406405807,155168.21529022208,12.0,0.11554479598999023,0.23888707160949707,False
fig52,kmeans||,10,10000,15,50,100.0,4.0,2.0,bernoulli,6,48,4.0,174423.3549170196,157804.57293948327,7.0,0.12906122207641602,0.2969660758972168,False
fig52,kmeans||,10,10000,15,50,100.0,4.0,2.0,bernoulli,7,49,4.0,166569.15216714964,149301.87982926192,2.0,0.12846899032592773,0.04314398765563965,False
fig52,kmeans||,10,10000,15,50,100.0,4.0,2.0,bernoulli,8,50,4.0,177247.83779233517,155128.63528822456,7.0,0.12327075004577637,0.30005741119384766,False
fig52,kmeans||,10,10000,15,50,100.0,4.0,2.0,bernoulli,9,51,4.0,175472.48319948252,160126.17477583658,9.0,0.12741446495056152,0.4037818908691406,False
fig52,kmeans||,10,10000,15,50,100.0,4.0,2.0,bernoulli,10,52,4.0,171456.52566084944,155145.40582070735,8.0,0.14364933967590332,0.1594865322113037,False
fig52,kmeans||,10,10000,15,50,100.0,5.0,2.0,bernoulli,0,42,5.0,177488.89063253487,163565.15178440066,9.0,0.13282132148742676,0.6272432804107666,False
fig52,kmeans||,10,10000,15,50,100.0,5.0,2.0,bernoulli,1,43,5.0,188604.85906033358,175991.76061379066,15.0,0.14042043685913086,0.274336576461792,False
fig52,kmeans||,10,10000,15,50,100.0,5.0,2.0,bernoulli,2,44,5.0,173758.6760411364,160631.54957665614,9.0,0.13655757904052734,0.506547212600708,False
fig52,kmeans||,10,10000,15,50,100.0,5.0,2.0,bernoulli,3,45,5.0,177461.27483951373,165213.14723325096,12.0,0.2214982509613037,0.7361559867858887,False
fig52,kmeans||,10,10000,15,50,100.0,5.0,2.0,bernoulli,4,46,5.0,174928.74337289672,160966.62749034265,19.0,0.1295452117919922,1.3036456108093262,False
fig52,kmeans||,10,10000,15,50,100.0,5.0,2.0,bernoulli,5,47,5.0,164710.18497224437,149301.87982926192,2.0,0.18843460083007812,0.08389997482299805,False
fig52,kmeans||,10,10000,15,50,100.0,5.0,2.0,bernoulli,6,48,5.0,173618.11208729097,160969.75028295067,19.0,0.16309237480163574,0.3401052951812744,False
fig52,kmeans||,10,10000,15,50,100.0,5.0,2.0,bernoulli,7,49,5.0,177861.60043512128,166268.28945746028,16.0,0.15165448188781738,0.4014580249786377,False
fig52,kmeans||,10,10000,15,50,100.0,5.0,2.0,bernoulli,8,50,5.0,177102.37497202365,160977.46909521078,11.0,0.16465473175048828,0.9899966716766357,False
fig52,kmeans||,10,10000,15,50,100.0,5.0,2.0,bernoulli,9,51,5.0,167687.78683736635,155113.7481696811,5.0,0.13535809516906738,0.10104250907897949,False
fig52,kmeans||,10,10000,15,50,100.0,5.0,2.0,bernoulli,10,52,5.0,180437.24336135032,168803.4350382324,12.0,0.11461067199707031,0.471621036529541,False
fig52,kmeans||,10,10000,15,50,100.0,6.0,2.0,bernoulli,0,42,6.0,174043.03123922308,163510.90342332993,14.0,0.150557279586792,0.4447941780090332,False
fig52,kmeans||,10,10000,15,50,100.0,6.0,2.0,bernoulli,1,43,6.0,167544.05584740377,157704.5789548989,5.0,0.1635746955871582,0.1193089485168457,False
fig52,kmeans||,10,10000,15,50,100.0,6.0,2.0,bernoulli,2,44,6.0,165106.8613792132,155141.20886963833,12.0,0.1703653335571289,0.2834608554840088,False
fig52,kmeans||,10,10000,15,50,100.0,6.0,2.0,bernoulli,3,45,6.0,173139.67815607548,163736.8377524947,13.0,0.1463475227355957,0.8898496627807617,False
fig52,kmeans||,10,10000,15,50,100.0,6.0,2.0,bernoulli,4,46,6.0,160051.8965178902,149301.87982926192,2.0,0.24758219718933105,0.14219331741333008,False
fig52,kmeans||,10,10000,15,50,100.0,6.0,2.0,bernoulli,5,47,6.0,161367.45112509583,149301.87982926192,2.0,0.16707468032836914,0.12371993064880371,False
fig52,kmeans||,10,10000,15,50,100.0,6.0,2.0,bernoulli,6,48,6.0,178068.70857838372,168296.0059855279,23.0,0.16301894187927246,0.6476306915283203,False
fig52,kmeans||,10,10000,15,50,100.0,6.0,2.0,bernoulli,7,49,6.0,164137.23992669588,155141.45534879464,15.0,0.18283390998840332,0.26006460189819336,False
fig52,kmeans||,10,10000,15,50,100.0,6.0,2.0,bernoulli,8,50,6.0,176096.18397082447,164026.81246062205,12.0,0.16008782386779785,0.5604267120361328,False
fig52,kmeans||,10,10000,15,50,100.0,6.0,2.0,bernoulli,9,51,6.0,171637.93729528855,161279.70535968835,8.0,0.2263486385345459,0.5066342353820801,False
fig52,kmeans||,10,10000,15,50,100.0,6.0,2.0,bernoulli,10,52,6.0,163671.69718734402,155116.4945162699,18.0,0.17021942138671875,0.8960704803466797,False
fig52,kmeans||,10,10000,15,50,100.0,7.0,2.0,bernoulli,0,42,7.0,172969.61195423448,163747.13986888915,26.0,0.1693129539489746,0.4510185718536377,False
fig52,kmeans||,10,10000,15,50,100.0,7.0,2.0,bernoulli,1,43,7.0,178750.67862168956,170730.83268195586,17.0,0.14815926551818848,0.8734099864959717,False
fig52,kmeans||,10,10000,15,50,100.0,7.0,2.0,bernoulli,2,44,7.0,164995.1011360272,156654.62007133782,11.0,0.24323606491088867,0.25226306915283203,False
fig52,kmeans||,10,10000,15,50,100.0,7.0,2.0,bernoulli,3,45,7.0,188041.24379344677,179998.87956971172,16.0,0.29309678077697754,1.0838587284088135,False
fig52,kmeans||,10,10000,15,50,100.0,7.0,2.0,bernoulli,4,46,7.0,169656.16574531625,160953.25984378564,13.0,0.17550897598266602,1.0363759994506836,False
fig52,kmeans||,10,10000,15,50,100.0,7.0,2.0,bernoulli,5,47,7.0,170406.28515861643,161008.41437008203,19.0,0.1914832592010498,0.8442144393920898,False
fig52,kmeans||,10,10000,15,50,100.0,7.0,2.0,bernoulli,6,48,7.0,163697.82981994172,155108.91108543845,19.0,0.19803714752197266,1.1494989395141602,False
fig52,kmeans||,10,10000,15,50,100.0,7.0,2.0,bernoulli,7,49,7.0,157232.0186062801,149301.87982926192,2.0,0.24068045616149902,0.038542985916137695,False
fig52,kmeans||,10,10000,15,50,100.0,7.0,2.0,bernoulli,8,50,7.0,164441.47113509005,155119.57361557998,19.0,0.13913631439208984,0.9701743125915527,False
fig52,kmeans||,10,10000,15,50,100.0,7.0,2.0,bernoulli,9,51,7.0,176122.9240547048,167796.95117439373,15.0,0.17630791664123535,1.0535879135131836,False
fig52,kmeans||,10,10000,15,50,100.0,7.0,2.0,bernoulli,10,52,7.0,164915.20712916536,157703.8658436638,7.0,0.22900748252868652,0.6568355560302734,False
fig52,kmeans||,10,10000,15,50,100.0,8.0,2.0,bernoulli,0,42,8.0,171655.83178178658,164030.38582086802,15.0,0.2870607376098633,0.9523603916168213,False
fig52,kmeans||,10,10000,15,50,100.0,8.0,2.0,bernoulli,1,43,8.0,169757.6674876057,162516.94610116945,11.0,0.25872802734375,0.18065190315246582,False
fig52,kmeans||,10,10000,15,50,100.0,8.0,2.0,bernoulli,2,44,8.0,170749.82984971942,163702.7107253081,16.0,0.24777889251708984,0.23430252075195312,False
fig52,kmeans||,10,10000,15,50,100.0,8.0,2.0,bernoulli,3,45,8.0,168852.67547689014,162006.3639696362,6.0,0.15608620643615723,0.501990795135498,False
fig52,kmeans||,10,10000,15,50,100.0,8.0,2.0,bernoulli,4,46,8.0,156614.4251822648,149301.87982926192,2.0,0.24779891967773438,0.2245638370513916,False
fig52,kmeans||,10,10000,15,50,100.0,8.0,2.0,bernoulli,5,47,8.0,174773.48338250478,167414.50562271356,17.0,0.25527453422546387,0.5039863586425781,False
fig52,kmeans||,10,10000,15,50,100.0,8.0,2.0,bernoulli,6,48,8.0,168108.64185624506,160969.51905627924,12.0,0.25545167922973633,0.24617338180541992,False
fig52,kmeans||,10,10000,15,50,100.0,8.0,2.0,bernoulli,7,49,8.0,173764.54261925214,166392.88851802112,19.0,0.13924646377563477,0.9660301208496094,False
fig52,kmeans||,10,10000,15,50,100.0,8.0,2.0,bernoulli,8,50,8.0,167776.3860378307,160134.0141884,6.0,0.16343140602111816,0.12633776664733887,False
fig52,kmeans||,10,10000,15,50,100.0,8.0,2.0,bernoulli,9,51,8.0,175098.07419072292,167999.1168927283,8.0,0.2475264072418213,0.5927829742431641,False
fig52,kmeans||,10,10000,15,50,100.0,8.0,2.0,bernoulli,10,52,8.0,161105.80128718368,155138.3514840008,9.0,0.33387160301208496,0.5393812656402588,False
fig52,kmeans||,10,10000,15,50,100.0,9.0,2.0,bernoulli,0,42,9.0,173083.5176442833,166302.53265084914,15.0,0.2545483112335205,0.4692380428314209,False
fig52,kmeans||,10,10000,15,50,100.0,9.0,2.0,bernoulli,1,43,9.0,167439.86542189366,155112.9586485801,8.0,0.16970157623291016,0.10346412658691406,False
fig52,kmeans||,10,10000,15,50,100.0,9.0,2.0,bernoulli,2,44,9.0,176374.3730042525,170394.83979322368,9.0,0.16369938850402832,0.481311559677124,False
fig52,kmeans||,10,10000,15,50,100.0,9.0,2.0,bernoulli,3,45,9.0,168492.66432954857,162461.35235167423,16.0,0.16239452362060547,0.4298112392425537,False
fig52,kmeans||,10,10000,15,50,100.0,9.0,2.0,bernoulli,4,46,9.0,155563.65976725778,149301.87982926192,2.0,0.2655935287475586,0.07398796081542969,False
fig52,kmeans||,10,10000,15,50,100.0,9.0,2.0,bernoulli,5,47,9.0,171301.2113185396,165247.82274160796,19.0,0.25119686126708984,0.8351564407348633,False
fig52,kmeans||,10,10000,15,50,100.0,9.0,2.0,bernoulli,6,48,9.0,176566.79998031873,170236.1446297776,12.0,0.2523980140686035,0.6301877498626709,False
fig52,kmeans||,10,10000,15,50,100.0,9.0,2.0,bernoulli,7,49,9.0,175206.28825698502,169043.85052068013,10.0,0.24906158447265625,0.33643078804016113,False
fig52,kmeans||,10,10000,15,50,100.0,9.0,2.0,bernoulli,8,50,9.0,164013.94733284437,157672.63977033453,14.0,0.2672610282897949,0.44810056686401367,False
fig52,kmeans||,10,10000,15,50,100.0,9.0,2.0,bernoulli,9,51,9.0,174550.43029319518,163672.3432650144,12.0,0.1643226146697998,0.25687122344970703,False
fig52,kmeans||,10,10000,15,50,100.0,9.0,2.0,bernoulli,10,52,9.0,169171.60850909134,163755.48043992103,12.0,0.17066717147827148,0.5815873146057129,False
fig52,kmeans||,10,10000,15,50,100.0,10.0,2.0,bernoulli,0,42,10.0,154842.26807258744,149301.87982926192,2.0,0.2793388366699219,0.10928630828857422,False
fig52,kmeans||,10,10000,15,50,100.0,10.0,2.0,bernoulli,1,43,10.0,164658.2167546237,159468.29082947722,5.0,0.168121337890625,0.06981968879699707,False
fig52,kmeans||,10,10000,15,50,100.0,10.0,2.0,bernoulli,2,44,10.0,170617.3167440237,165518.9175606931,10.0,0.17174577713012695,0.33595991134643555,False
fig52,kmeans||,10,10000,15,50,100.0,10.0,2.0,bernoulli,3,45,10.0,168896.3145141067,163640.7454815601,18.0,0.27921032905578613,1.4601433277130127,False
fig52,kmeans||,10,10000,15,50,100.0,10.0,2.0,bernoulli,4,46,10.0,165058.5784898533,159692.70299914773,10.0,0.18242263793945312,0.6519973278045654,False
fig52,kmeans||,10,10000,15,50,100.0,10.0,2.0,bernoulli,5,47,10.0,173978.911528754,168287.00266638145,13.0,0.16399168968200684,0.26377129554748535,False
fig52,kmeans||,10,10000,15,50,100.0,10.0,2.0,bernoulli,6,48,10.0,169174.19580457997,163744.44650268139,21.0,0.19603824615478516,0.8755619525909424,False
fig52,kmeans||,10,10000,15,50,100.0,10.0,2.0,bernoulli,7,49,10.0,171976.4593569633,166558.5184997083,10.0,0.28513407707214355,0.8794896602630615,False
fig52,kmeans||,10,10000,15,50,100.0,10.0,2.0,bernoulli,8,50,10.0,169012.08404717175,163543.17082251076,14.0,0.18068552017211914,0.29920434951782227,False
fig52,kmeans||,10,10000,15,50,100.0,10.0,2.0,bernoulli,9,51,10.0,171563.62570928113,166263.30707386418,8.0,0.30313563346862793,0.1257152557373047,False
fig52,kmeans||,10,10000,15,50,100.0,10.0,2.0,bernoulli,10,52,10.0,181199.1636645584,176652.48789087933,14.0,0.17744970321655273,1.0092277526855469,False
fig52,kmeans||,10,10000,15,50,100.0,11.0,2.0,bernoulli,0,42,11.0,154140.03539863447,149301.87982926192,2.0,0.31951427459716797,0.2239091396331787,False
fig52,kmeans||,10,10000,15,50,100.0,11.0,2.0,bernoulli,1,43,11.0,159868.9428013061,155137.65249680722,18.0,0.1802058219909668,0.4214966297149658,False
fig52,kmeans||,10,10000,15,50,100.0,11.0,2.0,bernoulli,2,44,11.0,168119.7871889522,163530.63018728333,13.0,0.29906654357910156,0.7680671215057373,False
fig52,kmeans||,10,10000,15,50,100.0,11.0,2.0,bernoulli,3,45,11.0,161150.14048513112,156632.82254719996,9.0,0.3316061496734619,0.4954819679260254,False
fig52,kmeans||,10,10000,15,50,100.0,11.0,2.0,bernoulli,4,46,11.0,159845.50038306724,155124.49199819585,16.0,0.2435462474822998,0.9479563236236572,False
fig52,kmeans||,10,10000,15,50,100.0,11.0,2.0,bernoulli,5,47,11.0,173281.5427338098,168333.1280887252,10.0,0.204758882522583,0.2402782440185547,False
fig52,kmeans||,10,10000,15,50,100.0,11.0,2.0,bernoulli,6,48,11.0,172616.384131588,168142.21493096644,13.0,0.19730329513549805,0.7886948585510254,False
fig52,kmeans||,10,10000,15,50,100.0,11.0,2.0,bernoulli,7,49,11.0,163127.7820876255,158316.3369834339,17.0,0.29938435554504395,0.5521278381347656,False
fig52,kmeans||,10,10000,15,50,100.0,11.0,2.0,bernoulli,8,50,11.0,159783.87312545083,155106.56820099434,10.0,0.28563809394836426,0.6960141658782959,False
fig52,kmeans||,10,10000,15,50,100.0,11.0,2.0,bernoulli,9,51,11.0,174419.99222277798,169561.81209752065,21.0,0.19287824630737305,1.5838525295257568,False
fig52,kmeans||,10,10000,15,50,100.0,11.0,2.0,bernoulli,10,52,11.0,169073.4480064133,165204.97792159772,20.0,0.21420001983642578,0.44133520126342773,False
fig52,kmeans||,10,10000,15,50,100.0,12.0,2.0,bernoulli,0,42,12.0,165118.9693220951,160773.84944689443,2.0,0.29974937438964844,0.22863006591796875,False
fig52,kmeans||,10,10000,15,50,100.0,12.0,2.0,bernoulli,1,43,12.0,161758.68409520318,157652.74692764852,11.0,0.1929328441619873,0.22353029251098633,False
fig52,kmeans||,10,10000,15,50,100.0,12.0,2.0,bernoulli,2,44,12.0,166515.43617521136,162355.27581557378,10.0,0.3450148105621338,0.8803749084472656,False
fig52,kmeans||,10,10000,15,50,100.0,12.0,2.0,bernoulli,3,45,12.0,166830.64364995377,157704.0959307194,11.0,0.31912827491760254,0.4082911014556885,False
fig52,kmeans||,10,10000,15,50,100.0,12.0,2.0,bernoulli,4,46,12.0,163577.83095480272,159392.65807976155,15.0,0.2235245704650879,0.8125057220458984,False
fig52,kmeans||,10,10000,15,50,100.0,12.0,2.0,bernoulli,5,47,12.0,167020.61909951037,162475.7509783373,10.0,0.23340272903442383,0.35325074195861816,False
fig52,kmeans||,10,10000,15,50,100.0,12.0,2.0,bernoulli,6,48,12.0,176461.49233605206,172632.0005535967,16.0,0.32163476943969727,0.5259053707122803,False
fig52,kmeans||,10,10000,15,50,100.0,12.0,2.0,bernoulli,7,49,12.0,159395.72293215772,155137.78190929344,8.0,0.2135164737701416,0.18913030624389648,False
fig52,kmeans||,10,10000,15,50,100.0,12.0,2.0,bernoulli,8,50,12.0,160650.843065216,156620.62922156823,11.0,0.20279788970947266,0.8331649303436279,False
fig52,kmeans||,10,10000,15,50,100.0,12.0,2.0,bernoulli,9,51,12.0,159324.96441359742,155142.32400207964,10.0,0.20102405548095703,0.18608403205871582,False
fig52,kmeans||,10,10000,15,50,100.0,12.0,2.0,bernoulli,10,52,12.0,181969.33224307635,178307.84553087244,17.0,0.23979425430297852,0.8363547325134277,False
fig52,kmeans||,10,10000,15,50,100.0,13.0,2.0,bernoulli,0,42,13.0,164075.9212377345,160131.22461351496,8.0,0.22535181045532227,0.4258301258087158,False
fig52,kmeans||,10,10000,15,50,100.0,13.0,2.0,bernoulli,1,43,13.0,153028.5531724714,149301.87982926192,2.0,0.3198704719543457,0.12485098838806152,False
fig52,kmeans||,10,10000,15,50,100.0,13.0,2.0,bernoulli,2,44,13.0,153015.04581400097,149301.87982926192,2.0,0.3719148635864258,0.10750508308410645,False
fig52,kmeans||,10,10000,15,50,100.0,13.0,2.0,bernoulli,3,45,13.0,161974.94690602116,158339.29465060306,16.0,0.24802637100219727,0.8030452728271484,False
fig52,kmeans||,10,10000,15,50,100.0,13.0,2.0,bernoulli,4,46,13.0,153138.4425794299,149301.87982926192,2.0,0.21396422386169434,0.03596925735473633,False
fig52,kmeans||,10,10000,15,50,100.0,13.0,2.0,bernoulli,5,47,13.0,159229.02621847874,155099.8207163285,20.0,0.22193145751953125,1.2978358268737793,False
fig52,kmeans||,10,10000,15,50,100.0,13.0,2.0,bernoulli,6,48,13.0,158907.5939001735,155150.84050330392,11.0,0.22562289237976074,0.24935483932495117,False
fig52,kmeans||,10,10000,15,50,100.0,13.0,2.0,bernoulli,7,49,13.0,158843.65690140222,155137.4151644891,7.0,0.238142728805542,0.09226083755493164,False
fig52,kmeans||,10,10000,15,50,100.0,13.0,2.0,bernoulli,8,50,13.0,158860.67131852085,155117.9559629421,20.0,0.21827912330627441,0.4473893642425537,False
fig52,kmeans||,10,10000,15,50,100.0,13.0,2.0,bernoulli,9,51,13.0,152976.00334814,149301.87982926192,2.0,0.366971492767334,0.08793044090270996,False
fig52,kmeans||,10,10000,15,50,100.0,13.0,2.0,bernoulli,10,52,13.0,158296.8542786424,155126.9108360826,7.0,0.24839210510253906,0.22450637817382812,False
fig52,kmeans||,10,10000,15,50,100.0,14.0,2.0,bernoulli,0,42,14.0,160043.35951650536,156612.40424936128,9.0,0.24172425270080566,0.11694931983947754,False
fig52,kmeans||,10,10000,15,50,100.0,14.0,2.0,bernoulli,1,43,14.0,174959.33136704206,171424.96119854494,14.0,0.26197361946105957,1.3452255725860596,False
fig52,kmeans||,10,10000,15,50,100.0,14.0,2.0,bernoulli,2,44,14.0,158512.2684856231,155129.81222531322,16.0,0.38642239570617676,0.6848704814910889,False
fig52,kmeans||,10,10000,15,50,100.0,14.0,2.0,bernoulli,3,45,14.0,188497.5516586203,185083.78248119785,18.0,0.25989270210266113,1.5480828285217285,False
fig52,kmeans||,10,10000,15,50,100.0,14.0,2.0,bernoulli,4,46,14.0,167190.9648076477,163722.10831813343,12.0,0.3708956241607666,0.8078291416168213,False
fig52,kmeans||,10,10000,15,50,100.0,14.0,2.0,bernoulli,5,47,14.0,163712.53528028165,160112.55223880862,6.0,0.21918296813964844,0.2470872402191162,False
fig52,kmeans||,10,10000,15,50,100.0,14.0,2.0,bernoulli,6,48,14.0,170450.80746027734,167204.5420637033,11.0,0.3299262523651123,0.719407320022583,False
fig52,kmeans||,10,10000,15,50,100.0,14.0,2.0,bernoulli,7,49,14.0,167874.9937298901,162465.12601914228,15.0,0.33994412422180176,0.19964981079101562,False
fig52,kmeans||,10,10000,15,50,100.0,14.0,2.0,bernoulli,8,50,14.0,173714.9793867617,170306.57012560946,14.0,0.24187755584716797,0.841111421585083,False
fig52,kmeans||,10,10000,15,50,100.0,14.0,2.0,bernoulli,9,51,14.0,174456.25708169967,171095.76907907115,8.0,0.35947489738464355,0.14298009872436523,False
fig52,kmeans||,10,10000,15,50,100.0,14.0,2.0,bernoulli,10,52,14.0,164869.82923082405,161954.1452519705,7.0,0.32555532455444336,0.2719888687133789,False
fig52,kmeans||,10,10000,15,50,100.0,15.0,2.0,bernoulli,0,42,15.0,158271.99312131526,155124.06543242367,16.0,0.25374865531921387,0.2452249526977539,False
fig52,kmeans||,10,10000,15,50,100.0,15.0,2.0,bernoulli,1,43,15.0,160998.48541688448,157891.08912243624,12.0,0.28954362869262695,0.7766942977905273,False
fig52,kmeans||,10,10000,15,50,100.0,15.0,2.0,bernoulli,2,44,15.0,152334.25607641693,149301.87982926192,2.0,0.25213074684143066,0.036446571350097656,False
fig52,kmeans||,10,10000,15,50,100.0,15.0,2.0,bernoulli,3,45,15.0,183315.3095835366,180201.53603122509,15.0,0.41768360137939453,0.38065600395202637,False
fig52,kmeans||,10,10000,15,50,100.0,15.0,2.0,bernoulli,4,46,15.0,160812.72247368385,157674.0995993211,12.0,0.27768635749816895,0.37309980392456055,False
fig52,kmeans||,10,10000,15,50,100.0,15.0,2.0,bernoulli,5,47,15.0,164894.9478625029,161473.14024873642,7.0,0.2847123146057129,0.12947630882263184,False
fig52,kmeans||,10,10000,15,50,100.0,15.0,2.0,bernoulli,6,48,15.0,163457.73792013235,160382.55212054556,12.0,0.26357507705688477,0.20778775215148926,False
fig52,kmeans||,10,10000,15,50,100.0,15.0,2.0,bernoulli,7,49,15.0,164328.36958283745,161033.65100833448,9.0,0.2740201950073242,0.3633410930633545,False
fig52,kmeans||,10,10000,15,50,100.0,15.0,2.0,bernoulli,8,50,15.0,158128.5351543288,155161.78864991755,6.0,0.4033069610595703,0.5683422088623047,False
fig52,kmeans||,10,10000,15,50,100.0,15.0,2.0,bernoulli,9,51,15.0,152386.72769324406,149301.87982926192,2.0,0.40706920623779297,0.18915653228759766,False
fig52,kmeans||,10,10000,15,50,100.0,15.0,2.0,bernoulli,10,52,15.0,157783.17280126055,155133.92146725763,11.0,0.4075279235839844,0.18326067924499512,False
fig52,kmeans||,10,10000,15,50,500.0,0.0,10.0,bernoulli,0,42,0.0,661467.0876447323,221481.1271398189,19.0,0.019983768463134766,1.1673619747161865,False
fig52,kmeans||,10,10000,15,50,500.0,0.0,10.0,bernoulli,1,43,0.0,634207.6568229028,264850.0890148214,22.0,0.0218045711517334,0.4925525188446045,False
fig52,kmeans||,10,10000,15,50,500.0,0.0,10.0,bernoulli,2,44,0.0,710435.2838245393,268408.8093454819,18.0,0.021159887313842773,1.1880207061767578,False
fig52,kmeans||,10,10000,15,50,500.0,0.0,10.0,bernoulli,3,45,0.0,707762.6576896175,237996.213528864,20.0,0.01999354362487793,0.9059059619903564,False
fig52,kmeans||,10,10000,15,50,500.0,0.0,10.0,bernoulli,4,46,0.0,686472.5742089733,238337.04505730706,21.0,0.020804882049560547,0.9554052352905273,False
fig52,kmeans||,10,10000,15,50,500.0,0.0,10.0,bernoulli,5,47,0.0,694439.6348732258,292320.6758109427,21.0,0.020219802856445312,0.7489831447601318,False
fig52,kmeans||,10,10000,15,50,500.0,0.0,10.0,bernoulli,6,48,0.0,693069.962063112,280545.75140966993,13.0,0.019957542419433594,0.3203310966491699,False
fig52,kmeans||,10,10000,15,50,500.0,0.0,10.0,bernoulli,7,49,0.0,644648.3333171861,270232.2519455081,15.0,0.024029254913330078,0.7276875972747803,False
fig52,kmeans||,10,10000,15,50,500.0,0.0,10.0,bernoulli,8,50,0.0,706470.1271886883,275070.94446740753,24.0,0.021498441696166992,1.2058727741241455,False
fig52,kmeans||,10,10000,15,50,500.0,0.0,10.0,bernoulli,9,51,0.0,654755.4484379527,283171.59786243143,16.0,0.021651744842529297,0.5661075115203857,False
fig52,kmeans||,10,10000,15,50,500.0,0.0,10.0,bernoulli,10,52,0.0,724966.9302947266,208942.61730337312,20.0,0.021436452865600586,0.5146281719207764,False
fig52,kmeans||,10,10000,15,50,500.0,1.0,10.0,bernoulli,0,42,1.0,168646.26145291116,149301.87982926192,2.0,0.11596393585205078,0.10336923599243164,False
fig52,kmeans||,10,10000,15,50,500.0,1.0,10.0,bernoulli,1,43,1.0,182159.0232180934,165269.36627689077,13.0,0.14735865592956543,0.40672850608825684,False
fig52,kmeans||,10,10000,15,50,500.0,1.0,10.0,bernoulli,2,44,1.0,184535.60001682735,163471.0786737733,21.0,0.12326812744140625,1.4151887893676758,False
fig52,kmeans||,10,10000,15,50,500.0,1.0,10.0,bernoulli,3,45,1.0,172799.1649580099,157873.65456890126,10.0,0.10038256645202637,0.2930774688720703,False
fig52,kmeans||,10,10000,15,50,500.0,1.0,10.0,bernoulli,4,46,1.0,178664.27864241638,160215.66119907657,18.0,0.13167977333068848,0.5246284008026123,False
fig52,kmeans||,10,10000,15,50,500.0,1.0,10.0,bernoulli,5,47,1.0,183955.76638250944,163734.44802502438,15.0,0.16770505905151367,0.5638129711151123,False
fig52,kmeans||,10,10000,15,50,500.0,1.0,10.0,bernoulli,6,48,1.0,166494.31168563128,149301.87982926192,2.0,0.11939048767089844,0.1212613582611084,False
fig52,kmeans||,10,10000,15,50,500.0,1.0,10.0,bernoulli,7,49,1.0,175049.43036616486,158326.57139276824,16.0,0.17443275451660156,0.9319961071014404,False
fig52,kmeans||,10,10000,15,50,500.0,1.0,10.0,bernoulli,8,50,1.0,184409.52815222897,165173.2725289991,15.0,0.12294292449951172,0.5396950244903564,False
fig52,kmeans||,10,10000,15,50,500.0,1.0,10.0,bernoulli,9,51,1.0,171684.0081841826,155165.6072297792,8.0,0.13694047927856445,0.5062849521636963,False
fig52,kmeans||,10,10000,15,50,500.0,1.0,10.0,bernoulli,10,52,1.0,180636.33076937817,166417.903839183,35.0,0.12770318984985352,1.251746654510498,False
fig52,kmeans||,10,10000,15,50,500.0,2.0,10.0,bernoulli,0,42,2.0,160990.48139865397,155158.76776772755,16.0,0.19504237174987793,0.29950928688049316,False
fig52,kmeans||,10,10000,15,50,500.0,2.0,10.0,bernoulli,1,43,2.0,169533.5638303408,163725.5659789447,11.0,0.12515759468078613,0.4021461009979248,False
fig52,kmeans||,10,10000,15,50,500.0,2.0,10.0,bernoulli,2,44,2.0,174890.73152870248,169537.4639738097,12.0,0.23561644554138184,0.6071286201477051,False
fig52,kmeans||,10,10000,15,50,500.0,2.0,10.0,bernoulli,3,45,2.0,166509.45136437227,161042.79429748422,18.0,0.1043846607208252,0.8161242008209229,False
fig52,kmeans||,10,10000,15,50,500.0,2.0,10.0,bernoulli,4,46,2.0,161784.74913611158,156642.64095890673,10.0,0.08964729309082031,0.9555132389068604,False
fig52,kmeans||,10,10000,15,50,500.0,2.0,10.0,bernoulli,5,47,2.0,160192.97324162896,155139.58325559876,17.0,0.18994903564453125,0.7488501071929932,False
fig52,kmeans||,10,10000,15,50,500.0,2.0,10.0,bernoulli,6,48,2.0,163456.2861007932,157656.8137759182,8.0,0.21134710311889648,0.5879333019256592,False
fig52,kmeans||,10,10000,15,50,500.0,2.0,10.0,bernoulli,7,49,2.0,164955.50954914175,160151.4094009065,4.0,0.16005897521972656,0.10314321517944336,False
fig52,kmeans||,10,10000,15,50,500.0,2.0,10.0,bernoulli,8,50,2.0,164452.03002386368,159021.01125276045,18.0,0.08844351768493652,1.2839093208312988,False
fig52,kmeans||,10,10000,15,50,500.0,2.0,10.0,bernoulli,9,51,2.0,167237.72607253224,162018.42957043488,16.0,0.1444568634033203,0.6679096221923828,False
fig52,kmeans||,10,10000,15,50,500.0,2.0,10.0,bernoulli,10,52,2.0,161891.59374586472,156621.1141458209,15.0,0.1997368335723877,0.7664566040039062,False
fig52,kmeans||,10,10000,15,50,500.0,3.0,10.0,bernoulli,0,42,3.0,182105.57231073434,178428.46876353165,12.0,0.15813565254211426,0.5055272579193115,False
fig52,kmeans||,10,10000,15,50,500.0,3.0,10.0,bernoulli,1,43,3.0,163879.29845457058,161022.70284056978,7.0,0.2507634162902832,0.10162615776062012,False
fig52,kmeans||,10,10000,15,50,500.0,3.0,10.0,bernoulli,2,44,3.0,162471.6497459984,159419.73924539128,10.0,0.1403059959411621,0.16106224060058594,False
fig52,kmeans||,10,10000,15,50,500.0,3.0,10.0,bernoulli,3,45,3.0,164434.9813184541,161519.24809201853,12.0,0.13107657432556152,0.3014395236968994,False
fig52,kmeans||,10,10000,15,50,500.0,3.0,10.0,bernoulli,4,46,3.0,158094.01160188334,155127.6490871957,14.0,0.25720810890197754,0.3929455280303955,False
fig52,kmeans||,10,10000,15,50,500.0,3.0,10.0,bernoulli,5,47,3.0,162281.20964110878,159391.67970778205,23.0,0.27892541885375977,0.7756776809692383,False
fig52,kmeans||,10,10000,15,50,500.0,3.0,10.0,bernoulli,6,48,3.0,159703.62173388212,156597.89287691738,9.0,0.21468067169189453,0.1924424171447754,False
fig52,kmeans||,10,10000,15,50,500.0,3.0,10.0,bernoulli,7,49,3.0,161327.27129340926,158314.9784289265,7.0,0.13579320907592773,0.23444294929504395,False
fig52,kmeans||,10,10000,15,50,500.0,3.0,10.0,bernoulli,8,50,3.0,158219.55743985128,155148.36720403348,7.0,0.2651553153991699,0.10656476020812988,False
fig52,kmeans||,10,10000,15,50,500.0,3.0,10.0,bernoulli,9,51,3.0,167244.63036137293,164453.02077526145,11.0,0.12041139602661133,0.6041984558105469,False
fig52,kmeans||,10,10000,15,50,500.0,3.0,10.0,bernoulli,10,52,3.0,171797.5982702612,169013.38183057477,7.0,0.12322998046875,0.09121417999267578,False
fig52,kmeans||,10,10000,15,50,500.0,4.0,10.0,bernoulli,0,42,4.0,171595.7935096441,163736.51576976644,11.0,0.25528526306152344,0.7280511856079102,False
fig52,kmeans||,10,10000,15,50,500.0,4.0,10.0,bernoulli,1,43,4.0,167257.44299938905,165292.95245828058,17.0,0.27935147285461426,0.9727137088775635,False
fig52,kmeans||,10,10000,15,50,500.0,4.0,10.0,bernoulli,2,44,4.0,161565.5292490776,159432.81977540161,16.0,0.24901485443115234,0.807326078414917,False
fig52,kmeans||,10,10000,15,50,500.0,4.0,10.0,bernoulli,3,45,4.0,165720.10036330193,163683.5855253773,24.0,0.29068589210510254,0.7274811267852783,False
fig52,kmeans||,10,10000,15,50,500.0,4.0,10.0,bernoulli,4,46,4.0,170854.89548645995,168622.23834266927,9.0,0.19167661666870117,0.5492243766784668,False
fig52,kmeans||,10,10000,15,50,500.0,4.0,10.0,bernoulli,5,47,4.0,156999.30703633718,155119.65564730935,10.0,0.17207789421081543,0.4004702568054199,False
fig52,kmeans||,10,10000,15,50,500.0,4.0,10.0,bernoulli,6,48,4.0,173179.66329477285,170947.6158529059,13.0,0.27230095863342285,0.4871506690979004,False
fig52,kmeans||,10,10000,15,50,500.0,4.0,10.0,bernoulli,7,49,4.0,180751.06839282846,178638.40558280447,12.0,0.18086981773376465,0.2776610851287842,False
fig52,kmeans||,10,10000,15,50,500.0,4.0,10.0,bernoulli,8,50,4.0,170614.13050261495,168496.46999543748,10.0,0.2693779468536377,0.6521434783935547,False
fig52,kmeans||,10,10000,15,50,500.0,4.0,10.0,bernoulli,9,51,4.0,159616.07448064198,157692.4607832596,7.0,0.26050353050231934,0.3332679271697998,False
fig52,kmeans||,10,10000,15,50,500.0,4.0,10.0,bernoulli,10,52,4.0,157105.55005959465,155129.5757475832,10.0,0.36423468589782715,0.2423572540283203,False
fig52,kmeans||,10,10000,15,50,500.0,5.0,10.0,bernoulli,0,42,5.0,163194.0923567369,161464.16089634626,23.0,0.29550671577453613,0.4323868751525879,False
fig52,kmeans||,10,10000,15,50,500.0,5.0,10.0,bernoulli,1,43,5.0,157989.6594368395,156638.752955646,11.0,0.30261826515197754,0.29954075813293457,False
fig52,kmeans||,10,10000,15,50,500.0,5.0,10.0,bernoulli,2,44,5.0,165159.1719169995,163723.48908035722,14.0,0.21477675437927246,0.6151015758514404,False
fig52,kmeans||,10,10000,15,50,500.0,5.0,10.0,bernoulli,3,45,5.0,165089.3788790846,163551.9269731101,22.0,0.29167962074279785,1.114410400390625,False
fig52,kmeans||,10,10000,15,50,500.0,5.0,10.0,bernoulli,4,46,5.0,156794.48059462645,155135.95366792174,19.0,0.2940094470977783,0.25081515312194824,False
fig52,kmeans||,10,10000,15,50,500.0,5.0,10.0,bernoulli,5,47,5.0,159151.82751652587,157689.27878714248,10.0,0.17661166191101074,0.16687631607055664,False
fig52,kmeans||,10,10000,15,50,500.0,5.0,10.0,bernoulli,6,48,5.0,150923.7881139083,149301.87982926192,2.0,0.2163381576538086,0.14931106567382812,False
fig52,kmeans||,10,10000,15,50,500.0,5.0,10.0,bernoulli,7,49,5.0,158092.41238821557,156601.19401923512,11.0,0.1886589527130127,0.38231587409973145,False
fig52,kmeans||,10,10000,15,50,500.0,5.0,10.0,bernoulli,8,50,5.0,150645.75958252285,149301.87982926192,2.0,0.18883776664733887,0.0785207748413086,False
fig52,kmeans||,10,10000,15,50,500.0,5.0,10.0,bernoulli,9,51,5.0,166728.03566127707,165254.61641481754,9.0,0.21248984336853027,0.7278072834014893,False
fig52,kmeans||,10,10000,15,50,500.0,5.0,10.0,bernoulli,10,52,5.0,156697.36550351692,155162.1372710337,15.0,0.2498643398284912,0.46891164779663086,False
fig52,kmeans||,10,10000,15,50,500.0,6.0,10.0,bernoulli,0,42,6.0,174358.4953996345,172655.7538140298,18.0,0.4328572750091553,1.2598066329956055,False
fig52,kmeans||,10,10000,15,50,500.0,6.0,10.0,bernoulli,1,43,6.0,169251.86091938632,168087.72986654608,6.0,0.38042211532592773,0.1693744659423828,False
fig52,kmeans||,10,10000,15,50,500.0,6.0,10.0,bernoulli,2,44,6.0,156185.63803165895,155131.31407486272,7.0,0.3480079174041748,0.43126511573791504,False
fig52,kmeans||,10,10000,15,50,500.0,6.0,10.0,bernoulli,3,45,6.0,156171.38063698245,155117.91457827057,7.0,0.39632558822631836,0.17902302742004395,False
fig52,kmeans||,10,10000,15,50,500.0,6.0,10.0,bernoulli,4,46,6.0,160267.59571738253,159028.38619415875,14.0,0.35153770446777344,0.9639472961425781,False
fig52,kmeans||,10,10000,15,50,500.0,6.0,10.0,bernoulli,5,47,6.0,166052.14639006046,164875.06267085287,7.0,0.30921006202697754,0.4174466133117676,False
fig52,kmeans||,10,10000,15,50,500.0,6.0,10.0,bernoulli,6,48,6.0,167413.95402404052,166071.37298864804,17.0,0.322498083114624,0.30798816680908203,False
fig52,kmeans||,10,10000,15,50,500.0,6.0,10.0,bernoulli,7,49,6.0,156259.3631892675,155137.15278479658,10.0,0.37436890602111816,0.25078272819519043,False
fig52,kmeans||,10,10000,15,50,500.0,6.0,10.0,bernoulli,8,50,6.0,156256.15564493765,155129.61356236815,11.0,0.22487306594848633,0.97798752784729,False
fig52,kmeans||,10,10000,15,50,500.0,6.0,10.0,bernoulli,9,51,6.0,156246.5186493343,155150.35001053472,16.0,0.3733341693878174,1.225285291671753,False
fig52,kmeans||,10,10000,15,50,500.0,6.0,10.0,bernoulli,10,52,6.0,161626.67875548895,155140.9557727203,15.0,0.41944408416748047,0.5275087356567383,False
fig52,kmeans||,10,10000,15,50,500.0,7.0,10.0,bernoulli,0,42,7.0,174785.46533279162,173767.80630637842,23.0,0.3924708366394043,0.9215331077575684,False
fig52,kmeans||,10,10000,15,50,500.0,7.0,10.0,bernoulli,1,43,7.0,155972.8921714968,155131.9217057852,8.0,0.3876068592071533,0.2985711097717285,False
fig52,kmeans||,10,10000,15,50,500.0,7.0,10.0,bernoulli,2,44,7.0,155962.03325862196,155110.5459487914,6.0,0.4289278984069824,0.14203572273254395,False
fig52,kmeans||,10,10000,15,50,500.0,7.0,10.0,bernoulli,3,45,7.0,173535.45630549442,172665.2543652786,10.0,0.34446287155151367,0.19497370719909668,False
fig52,kmeans||,10,10000,15,50,500.0,7.0,10.0,bernoulli,4,46,7.0,158593.0185492276,157686.48269060117,5.0,0.35254669189453125,0.1993870735168457,False
fig52,kmeans||,10,10000,15,50,500.0,7.0,10.0,bernoulli,5,47,7.0,164599.6256807773,163724.13724423567,8.0,0.3604300022125244,0.4945974349975586,False
fig52,kmeans||,10,10000,15,50,500.0,7.0,10.0,bernoulli,6,48,7.0,166233.77307095265,165221.77416142507,16.0,0.3720858097076416,0.3297910690307617,False
fig52,kmeans||,10,10000,15,50,500.0,7.0,10.0,bernoulli,7,49,7.0,168464.89194785187,167565.42596227812,14.0,0.3610539436340332,0.5700466632843018,False
fig52,kmeans||,10,10000,15,50,500.0,7.0,10.0,bernoulli,8,50,7.0,158691.68870916677,157849.58370523725,5.0,0.3360581398010254,0.10320115089416504,False
fig52,kmeans||,10,10000,15,50,500.0,7.0,10.0,bernoulli,9,51,7.0,150147.9815961127,149301.87982926192,2.0,0.4538125991821289,0.20022201538085938,False
fig52,kmeans||,10,10000,15,50,500.0,7.0,10.0,bernoulli,10,52,7.0,156067.6177670015,155128.9949197522,14.0,0.24559640884399414,0.48943018913269043,False
fig52,kmeans||,10,10000,15,50,500.0,8.0,10.0,bernoulli,0,42,8.0,170106.19041014015,169416.07825085756,7.0,0.45083022117614746,0.16395854949951172,False
fig52,kmeans||,10,10000,15,50,500.0,8.0,10.0,bernoulli,1,43,8.0,170546.2136767021,169827.12258470262,9.0,0.535980224609375,0.4988429546356201,False
fig52,kmeans||,10,10000,15,50,500.0,8.0,10.0,bernoulli,2,44,8.0,166986.2838383123,166286.80122738268,10.0,0.3291938304901123,0.1330099105834961,False
fig52,kmeans||,10,10000,15,50,500.0,8.0,10.0,bernoulli,3,45,8.0,171052.6488745276,170329.9307880575,14.0,0.4556145668029785,1.1217031478881836,False
fig52,kmeans||,10,10000,15,50,500.0,8.0,10.0,bernoulli,4,46,8.0,160474.98811254356,159694.91603155513,16.0,0.3760848045349121,1.0593225955963135,False
fig52,kmeans||,10,10000,15,50,500.0,8.0,10.0,bernoulli,5,47,8.0,155853.3892844249,155160.21627242104,10.0,0.3352339267730713,0.2178804874420166,False
fig52,kmeans||,10,10000,15,50,500.0,8.0,10.0,bernoulli,6,48,8.0,181592.22210170954,180825.43719856202,14.0,0.27028822898864746,0.21327638626098633,False
fig52,kmeans||,10,10000,15,50,500.0,8.0,10.0,bernoulli,7,49,8.0,155826.84263959984,155153.76070295996,4.0,0.39159131050109863,0.16548490524291992,False
fig52,kmeans||,10,10000,15,50,500.0,8.0,10.0,bernoulli,8,50,8.0,164714.66770440977,163983.46605198891,12.0,0.4082028865814209,0.9351048469543457,False
fig52,kmeans||,10,10000,15,50,500.0,8.0,10.0,bernoulli,9,51,8.0,155862.02213086298,155120.9376805824,18.0,0.3818502426147461,0.4237515926361084,False
fig52,kmeans||,10,10000,15,50,500.0,8.0,10.0,bernoulli,10,52,8.0,169200.58640159987,168435.4622362172,16.0,0.3812291622161865,1.4098191261291504,False
fig52,kmeans||,10,10000,15,50,500.0,9.0,10.0,bernoulli,0,42,9.0,180392.66985351974,179623.05491938026,14.0,0.45586323738098145,0.43846893310546875,False
fig52,kmeans||,10,10000,15,50,500.0,9.0,10.0,bernoulli,1,43,9.0,163019.7806504104,162442.286419983,11.0,0.4062073230743408,0.35202789306640625,False
fig52,kmeans||,10,10000,15,50,500.0,9.0,10.0,bernoulli,2,44,9.0,177114.1053213023,176517.09919030045,9.0,0.3321981430053711,0.1344776153564453,False
fig52,kmeans||,10,10000,15,50,500.0,9.0,10.0,bernoulli,3,45,9.0,161552.51152540592,161013.2641522546,6.0,0.4320790767669678,0.33136963844299316,False
fig52,kmeans||,10,10000,15,50,500.0,9.0,10.0,bernoulli,4,46,9.0,157222.99497343437,156657.27170771649,9.0,0.4522392749786377,0.5552828311920166,False
fig52,kmeans||,10,10000,15,50,500.0,9.0,10.0,bernoulli,5,47,9.0,169307.70804559486,168645.65440435385,17.0,0.36455750465393066,0.964792013168335,False
fig52,kmeans||,10,10000,15,50,500.0,9.0,10.0,bernoulli,6,48,9.0,155746.71055261925,155127.5265905497,6.0,0.372802734375,0.7140090465545654,False
fig52,kmeans||,10,10000,15,50,500.0,9.0,10.0,bernoulli,7,49,9.0,180048.785459432,179453.48268899458,14.0,0.4806344509124756,0.22014689445495605,False
fig52,kmeans||,10,10000,15,50,500.0,9.0,10.0,bernoulli,8,50,9.0,159580.94742907732,159010.83869282514,11.0,0.4497404098510742,0.552584171295166,False
fig52,kmeans||,10,10000,15,50,500.0,9.0,10.0,bernoulli,9,51,9.0,179719.39026730237,179136.84579362124,7.0,0.40379834175109863,0.13108539581298828,False
fig52,kmeans||,10,10000,15,50,500.0,9.0,10.0,bernoulli,10,52,9.0,158248.71137665515,157679.14149232546,8.0,0.3288421630859375,0.42534875869750977,False
fig52,kmeans||,10,10000,15,50,500.0,10.0,10.0,bernoulli,0,42,10.0,165388.20870676427,164864.62579810602,10.0,0.4738743305206299,0.1380608081817627,False
fig52,kmeans||,10,10000,15,50,500.0,10.0,10.0,bernoulli,1,43,10.0,161601.0819070064,161104.37963086716,16.0,0.47214818000793457,0.6490731239318848,False
fig52,kmeans||,10,10000,15,50,500.0,10.0,10.0,bernoulli,2,44,10.0,165696.14567687883,165241.53992758057,9.0,0.3868978023529053,0.5255744457244873,False
fig52,kmeans||,10,10000,15,50,500.0,10.0,10.0,bernoulli,3,45,10.0,163988.79947880402,163535.01489668072,7.0,0.4814877510070801,0.20960378646850586,False
fig52,kmeans||,10,10000,15,50,500.0,10.0,10.0,bernoulli,4,46,10.0,166080.59186806195,165558.03989288284,6.0,0.48486757278442383,0.5186030864715576,False
fig52,kmeans||,10,10000,15,50,500.0,10.0,10.0,bernoulli,5,47,10.0,166399.21757169388,165927.2785151137,10.0,0.44184064865112305,0.46520018577575684,False
fig52,kmeans||,10,10000,15,50,500.0,10.0,10.0,bernoulli,6,48,10.0,149785.8362004338,149301.87982926192,2.0,0.40781450271606445,0.03955817222595215,False
fig52,kmeans||,10,10000,15,50,500.0,10.0,10.0,bernoulli,7,49,10.0,170696.073880611,170166.92182758928,18.0,0.4831070899963379,0.29387855529785156,False
fig52,kmeans||,10,10000,15,50,500.0,10.0,10.0,bernoulli,8,50,10.0,155619.7654484942,155138.93046036514,9.0,0.43492960929870605,0.1559290885925293,False
fig52,kmeans||,10,10000,15,50,500.0,10.0,10.0,bernoulli,9,51,10.0,175037.7483872824,169429.11145559768,14.0,0.4697234630584717,0.6867306232452393,False
fig52,kmeans||,10,10000,15,50,500.0,10.0,10.0,bernoulli,10,52,10.0,158325.55592941106,157887.91497636546,10.0,0.5240645408630371,0.1333606243133545,False
fig52,kmeans||,10,10000,15,50,500.0,11.0,10.0,bernoulli,0,42,11.0,164089.7242729478,163725.9219350338,7.0,0.43773746490478516,0.11327791213989258,False
fig52,kmeans||,10,10000,15,50,500.0,11.0,10.0,bernoulli,1,43,11.0,175129.31711271254,174662.64099346168,9.0,0.35442423820495605,0.2853384017944336,False
fig52,kmeans||,10,10000,15,50,500.0,11.0,10.0,bernoulli,2,44,11.0,167061.37789553875,166602.75249623664,11.0,0.5411171913146973,0.15258073806762695,False
fig52,kmeans||,10,10000,15,50,500.0,11.0,10.0,bernoulli,3,45,11.0,160082.03830467566,159709.8375856492,5.0,0.5023620128631592,0.41100549697875977,False
fig52,kmeans||,10,10000,15,50,500.0,11.0,10.0,bernoulli,4,46,11.0,160548.6847157294,160135.17280798976,8.0,0.40041685104370117,0.49736690521240234,False
fig52,kmeans||,10,10000,15,50,500.0,11.0,10.0,bernoulli,5,47,11.0,173322.8423692191,172944.99403583643,7.0,0.5561411380767822,0.13450098037719727,False
fig52,kmeans||,10,10000,15,50,500.0,11.0,10.0,bernoulli,6,48,11.0,155522.25099773047,155141.56696727872,6.0,0.4789402484893799,0.38549089431762695,False
fig52,kmeans||,10,10000,15,50,500.0,11.0,10.0,bernoulli,7,49,11.0,165620.6323721522,165208.64528278855,9.0,0.508044958114624,0.22184538841247559,False
fig52,kmeans||,10,10000,15,50,500.0,11.0,10.0,bernoulli,8,50,11.0,155536.68940115246,155145.08589025796,8.0,0.5091683864593506,0.438122034072876,False
fig52,kmeans||,10,10000,15,50,500.0,11.0,10.0,bernoulli,9,51,11.0,155496.4107110892,155146.4960183306,5.0,0.5657563209533691,0.3575131893157959,False
fig52,kmeans||,10,10000,15,50,500.0,11.0,10.0,bernoulli,10,52,11.0,165393.1555788489,165017.42065257602,8.0,0.47980713844299316,0.19456267356872559,False
fig52,kmeans||,10,10000,15,50,500.0,12.0,10.0,bernoulli,0,42,12.0,169764.5360071562,169350.66516466666,19.0,0.5408689975738525,1.1373531818389893,False
fig52,kmeans||,10,10000,15,50,500.0,12.0,10.0,bernoulli,1,43,12.0,163880.4468080641,163509.02033169405,21.0,0.519906759262085,0.594623327255249,False
fig52,kmeans||,10,10000,15,50,500.0,12.0,10.0,bernoulli,2,44,12.0,179771.50065849008,179392.08067891165,13.0,0.4020881652832031,0.3989224433898926,False
fig52,kmeans||,10,10000,15,50,500.0,12.0,10.0,bernoulli,3,45,12.0,162309.02662053733,161985.81564598452,9.0,0.5721564292907715,0.3984947204589844,False
fig52,kmeans||,10,10000,15,50,500.0,12.0,10.0,bernoulli,4,46,12.0,155479.95434990898,155156.5358570124,3.0,0.4918477535247803,0.17841005325317383,False
fig52,kmeans||,10,10000,15,50,500.0,12.0,10.0,bernoulli,5,47,12.0,164358.24204197928,164040.0355745026,6.0,0.5768766403198242,0.09100675582885742,False
fig52,kmeans||,10,10000,15,50,500.0,12.0,10.0,bernoulli,6,48,12.0,163839.89032889414,163513.84482968893,12.0,0.39899492263793945,0.32647109031677246,False
fig52,kmeans||,10,10000,15,50,500.0,12.0,10.0,bernoulli,7,49,12.0,158035.66220964107,157694.65902417788,9.0,0.3845205307006836,0.47037482261657715,False
fig52,kmeans||,10,10000,15,50,500.0,12.0,10.0,bernoulli,8,50,12.0,168591.50785382855,168275.27398277086,5.0,0.5122013092041016,0.20439362525939941,False
fig52,kmeans||,10,10000,15,50,500.0,12.0,10.0,bernoulli,9,51,12.0,155412.6400706646,155125.44110960208,4.0,0.4159982204437256,0.13524484634399414,False
fig52,kmeans||,10,10000,15,50,500.0,12.0,10.0,bernoulli,10,52,12.0,156934.7237576755,156651.97334659603,3.0,0.6401772499084473,0.20610761642456055,False
fig52,kmeans||,10,10000,15,50,500.0,13.0,10.0,bernoulli,0,42,13.0,155420.81901959056,155143.87393830737,10.0,0.5074615478515625,0.547694206237793,False
fig52,kmeans||,10,10000,15,50,500.0,13.0,10.0,bernoulli,1,43,13.0,149534.50706273608,149301.87982926192,2.0,0.7175004482269287,0.22927522659301758,False
fig52,kmeans||,10,10000,15,50,500.0,13.0,10.0,bernoulli,2,44,13.0,174127.42391668435,173842.68423041588,12.0,0.6627016067504883,0.7448098659515381,False
fig52,kmeans||,10,10000,15,50,500.0,13.0,10.0,bernoulli,3,45,13.0,170175.0243823193,169908.11615840255,10.0,0.47101330757141113,0.4320712089538574,False
fig52,kmeans||,10,10000,15,50,500.0,13.0,10.0,bernoulli,4,46,13.0,169132.6627480608,168854.9381978278,13.0,0.46892380714416504,0.7606320381164551,False
fig52,kmeans||,10,10000,15,50,500.0,13.0,10.0,bernoulli,5,47,13.0,158090.70324973372,157854.35628927284,14.0,0.564507007598877,0.5351285934448242,False
fig52,kmeans||,10,10000,15,50,500.0,13.0,10.0,bernoulli,6,48,13.0,157916.8151164877,157671.8227343741,10.0,0.5791153907775879,0.13465189933776855,False
fig52,kmeans||,10,10000,15,50,500.0,13.0,10.0,bernoulli,7,49,13.0,174913.5785009433,174599.3943274719,14.0,0.573697566986084,0.36503171920776367,False
fig52,kmeans||,10,10000,15,50,500.0,13.0,10.0,bernoulli,8,50,13.0,155382.02429619606,155121.24280712797,10.0,0.6807548999786377,0.5974891185760498,False
fig52,kmeans||,10,10000,15,50,500.0,13.0,10.0,bernoulli,9,51,13.0,157912.6388092515,157691.86963412547,8.0,0.5360655784606934,0.1406874656677246,False
fig52,kmeans||,10,10000,15,50,500.0,13.0,10.0,bernoulli,10,52,13.0,162691.94945578312,162449.48915969435,6.0,0.48531532287597656,0.11449408531188965,False
fig52,kmeans||,10,10000,15,50,500.0,14.0,10.0,bernoulli,0,42,14.0,155364.9727582453,155170.8673812913,4.0,0.5925250053405762,0.060163259506225586,False
fig52,kmeans||,10,10000,15,50,500.0,14.0,10.0,bernoulli,1,43,14.0,155338.34694457133,155151.1709743571,7.0,0.5889244079589844,0.34555530548095703,False
fig52,kmeans||,10,10000,15,50,500.0,14.0,10.0,bernoulli,2,44,14.0,158072.13379382034,157883.87787625263,3.0,0.6154532432556152,0.310230016708374,False
fig52,kmeans||,10,10000,15,50,500.0,14.0,10.0,bernoulli,3,45,14.0,163923.68741422883,163701.87787659405,14.0,0.5417659282684326,0.38155055046081543,False
fig52,kmeans||,10,10000,15,50,500.0,14.0,10.0,bernoulli,4,46,14.0,158401.5443886643,158184.17589716477,5.0,0.6953744888305664,0.2862825393676758,False
fig52,kmeans||,10,10000,15,50,500.0,14.0,10.0,bernoulli,5,47,14.0,165480.23844433582,165260.19468528076,10.0,0.45661044120788574,0.44492626190185547,False
fig52,kmeans||,10,10000,15,50,500.0,14.0,10.0,bernoulli,6,48,14.0,158405.34255654644,158200.29142347325,4.0,0.5223946571350098,0.25218701362609863,False
fig52,kmeans||,10,10000,15,50,500.0,14.0,10.0,bernoulli,7,49,14.0,155305.0997707274,155103.18436734722,3.0,0.5613763332366943,0.26499128341674805,False
fig52,kmeans||,10,10000,15,50,500.0,14.0,10.0,bernoulli,8,50,14.0,155352.3023539531,155148.47604392888,6.0,0.6806004047393799,0.37843823432922363,False
fig52,kmeans||,10,10000,15,50,500.0,14.0,10.0,bernoulli,9,51,14.0,162023.78555333067,161831.51356955981,8.0,0.5746748447418213,0.15893983840942383,False
fig52,kmeans||,10,10000,15,50,500.0,14.0,10.0,bernoulli,10,52,14.0,171267.01472307753,171074.34294071243,9.0,0.4657115936279297,0.45795726776123047,False
fig52,kmeans||,10,10000,15,50,500.0,15.0,10.0,bernoulli,0,42,15.0,167891.23291362467,167728.79713617102,7.0,0.6329734325408936,0.5092654228210449,False
fig52,kmeans||,10,10000,15,50,500.0,15.0,10.0,bernoulli,1,43,15.0,158000.9532767877,157855.590546481,8.0,0.716843843460083,0.48142075538635254,False
fig52,kmeans||,10,10000,15,50,500.0,15.0,10.0,bernoulli,2,44,15.0,166083.24296356353,165931.12788105887,3.0,0.6313145160675049,0.35507941246032715,False
fig52,kmeans||,10,10000,15,50,500.0,15.0,10.0,bernoulli,3,45,15.0,161753.44667243847,161601.27973013083,9.0,0.5025222301483154,0.26666831970214844,False
fig52,kmeans||,10,10000,15,50,500.0,15.0,10.0,bernoulli,4,46,15.0,170030.32455418102,169829.78632886364,5.0,0.5169548988342285,0.3054487705230713,False
fig52,kmeans||,10,10000,15,50,500.0,15.0,10.0,bernoulli,5,47,15.0,165336.94313252656,165207.55107151397,4.0,0.7175955772399902,0.06629538536071777,False
fig52,kmeans||,10,10000,15,50,500.0,15.0,10.0,bernoulli,6,48,15.0,172706.67971338145,172538.89067791845,5.0,0.4760146141052246,0.07116150856018066,False
fig52,kmeans||,10,10000,15,50,500.0,15.0,10.0,bernoulli,7,49,15.0,156773.3401097262,156608.31745308885,3.0,0.6587672233581543,0.25989508628845215,False
fig52,kmeans||,10,10000,15,50,500.0,15.0,10.0,bernoulli,8,50,15.0,166620.1489,166432.23905819203,10.0,0.6907241344451904,0.6520061492919922,False
fig52,kmeans||,10,10000,15,50,500.0,15.0,10.0,bernoulli,9,51,15.0,177318.23969735127,177155.78783178725,12.0,0.7426645755767822,0.7802238464355469,False
fig52,kmeans||,10,10000,15,50,500.0,15.0,10.0,bernoulli,10,52,15.0,165422.55784862203,165264.2285186191,7.0,0.6420083045959473,0.22997593879699707,False
fig52,k-means++,100,10000,15,50,,,,bernoulli,0,42,,,148933.75981797773,2.0,,,False
fig52,k-means++,100,10000,15,50,,,,bernoulli,1,43,,,148933.75981797755,2.0,,,False
fig52,k-means++,100,10000,15,50,,,,bernoulli,2,44,,,229280.67944719485,5.0,,,False
fig52,k-means++,100,10000,15,50,,,,bernoulli,3,45,,,148933.75981797755,2.0,,,False
fig52,k-means++,100,10000,15,50,,,,bernoulli,4,46,,,148933.75981797755,2.0,,,False
fig52,k-means++,100,10000,15,50,,,,bernoulli,5,47,,,148933.75981797787,2.0,,,False
fig52,k-means++,100,10000,15,50,,,,bernoulli,6,48,,,148933.75981797755,2.0,,,False
fig52,k-means++,100,10000,15,50,,,,bernoulli,7,49,,,148933.75981797796,2.0,,,False
fig52,k-means++,100,10000,15,50,,,,bernoulli,8,50,,,229632.25804910617,7.0,,,False
fig52,k-means++,100,10000,15,50,,,,bernoulli,9,51,,,148933.75981797755,2.0,,,False
fig52,k-means++,100,10000,15,50,,,,bernoulli,10,52,,,148933.75981797796,2.0,,,False
fig52,kmeans||,100,10000,15,50,5.0,0.0,0.1,bernoulli,0,42,0.0,6222079.361164933,1998876.4711573739,25.0,0.02142643928527832,0.7518055438995361,False
fig52,kmeans||,100,10000,15,50,5.0,0.0,0.1,bernoulli,1,43,0.0,4791064.884761715,1526986.021598239,16.0,0.02052140235900879,0.40668177604675293,False
fig52,kmeans||,100,10000,15,50,5.0,0.0,0.1,bernoulli,2,44,0.0,6752653.629027529,2797911.6301866993,23.0,0.025510549545288086,1.2529058456420898,False
fig52,kmeans||,100,10000,15,50,5.0,0.0,0.1,bernoulli,3,45,0.0,5832984.106162388,1598843.210798152,20.0,0.021250009536743164,1.0133635997772217,False
fig52,kmeans||,100,10000,15,50,5.0,0.0,0.1,bernoulli,4,46,0.0,5475746.534677536,1919621.5105661177,18.0,0.02123546600341797,0.4194939136505127,False
fig52,kmeans||,100,10000,15,50,5.0,0.0,0.1,bernoulli,5,47,0.0,4540253.607415702,1862576.570419285,15.0,0.020534992218017578,0.5703015327453613,False
fig52,kmeans||,100,10000,15,50,5.0,0.0,0.1,bernoulli,6,48,0.0,4590878.98937001,1630086.6227761328,25.0,0.02010059356689453,1.1634817123413086,False
fig52,kmeans||,100,10000,15,50,5.0,0.0,0.1,bernoulli,7,49,0.0,6811139.603121443,3149797.162259674,21.0,0.01972222328186035,0.5580546855926514,False
fig52,kmeans||,100,10000,15,50,5.0,0.0,0.1,bernoulli,8,50,0.0,5182115.87274486,2411220.4944892926,16.0,0.0193479061126709,0.9165821075439453,False
fig52,kmeans||,100,10000,15,50,5.0,0.0,0.1,bernoulli,9,51,0.0,5149471.061303224,2506777.076617242,23.0,0.021201372146606445,1.0253269672393799,False
fig52,kmeans||,100,10000,15,50,5.0,0.0,0.1,bernoulli,10,52,0.0,4616171.316308965,1439234.9904643544,17.0,0.01955866813659668,0.5470547676086426,False
fig52,kmeans||,100,10000,15,50,5.0,1.0,0.1,bernoulli,0,42,,,,,,,True
fig52,kmeans||,100,10000,15,50,5.0,1.0,0.1,bernoulli,1,43,,,,,,,True
fig52,kmeans||,100,10000,15,50,5.0,1.0,0.1,bernoulli,2,44,,,,,,,True
fig52,kmeans||,100,10000,15,50,5.0,1.0,0.1,bernoulli,3,45,,,,,,,True
fig52,kmeans||,100,10000,15,50,5.0,1.0,0.1,bernoulli,4,46,,,,,,,True
fig52,kmeans||,100,10000,15,50,5.0,1.0,0.1,bernoulli,5,47,,,,,,,True
fig52,kmeans||,100,10000,15,50,5.0,1.0,0.1,bernoulli,6,48,,,,,,,True
fig52,kmeans||,100,10000,15,50,5.0,1.0,0.1,bernoulli,7,49,,,,,,,True
fig52,kmeans||,100,10000,15,50,5.0,1.0,0.1,bernoulli,8,50,,,,,,,True
fig52,kmeans||,100,10000,15,50,5.0,1.0,0.1,bernoulli,9,51,,,,,,,True
fig52,kmeans||,100,10000,15,50,5.0,1.0,0.1,bernoulli,10,52,,,,,,,True
fig52,kmeans||,100,10000,15,50,5.0,2.0,0.1,bernoulli,0,42,,,,,,,True
fig52,kmeans||,100,10000,15,50,5.0,2.0,0.1,bernoulli,1,43,,,,,,,True
fig52,kmeans||,100,10000,15,50,5.0,2.0,0.1,bernoulli,2,44,,,,,,,True
fig52,kmeans||,100,10000,15,50,5.0,2.0,0.1,bernoulli,3,45,,,,,,,True
fig52,kmeans||,100,10000,15,50,5.0,2.0,0.1,bernoulli,4,46,,,,,,,True
fig52,kmeans||,100,10000,15,50,5.0,2.0,0.1,bernoulli,5,47,,,,,,,True
fig52,kmeans||,100,10000,15,50,5.0,2.0,0.1,bernoulli,6,48,,,,,,,True
fig52,kmeans||,100,10000,15,50,5.0,2.0,0.1,bernoulli,7,49,,,,,,,True
fig52,kmeans||,100,10000,15,50,5.0,2.0,0.1,bernoulli,8,50,,,,,,,True
fig52,kmeans||,100,10000,15,50,5.0,2.0,0.1,bernoulli,9,51,,,,,,,True
fig52,kmeans||,100,10000,15,50,5.0,2.0,0.1,bernoulli,10,52,,,,,,,True
fig52,kmeans||,100,10000,15,50,5.0,3.0,0.1,bernoulli,0,42,,,,,,,True
fig52,kmeans||,100,10000,15,50,5.0,3.0,0.1,bernoulli,1,43,,,,,,,True
fig52,kmeans||,100,10000,15,50,5.0,3.0,0.1,bernoulli,2,44,,,,,,,True
fig52,kmeans||,100,10000,15,50,5.0,3.0,0.1,bernoulli,3,45,,,,,,,True
fig52,kmeans||,100,10000,15,50,5.0,3.0,0.1,bernoulli,4,46,,,,,,,True
fig52,kmeans||,100,10000,15,50,5.0,3.0,0.1,bernoulli,5,47,,,,,,,True
fig52,kmeans||,100,10000,15,50,5.0,3.0,0.1,bernoulli,6,48,,,,,,,True
fig52,kmeans||,100,10000,15,50,5.0,3.0,0.1,bernoulli,7,49,,,,,,,True
fig52,kmeans||,100,10000,15,50,5.0,3.0,0.1,bernoulli,8,50,,,,,,,True
fig52,kmeans||,100,10000,15,50,5.0,3.0,0.1,bernoulli,9,51,,,,,,,True
fig52,kmeans||,100,10000,15,50,5.0,3.0,0.1,bernoulli,10,52,,,,,,,True
fig52,kmeans||,100,10000,15,50,5.0,4.0,0.1,bernoulli,0,42,,,,,,,True
fig52,kmeans||,100,10000,15,50,5.0,4.0,0.1,bernoulli,1,43,,,,,,,True
fig52,kmeans||,100,10000,15,50,5.0,4.0,0.1,bernoulli,2,44,,,,,,,True
fig52,kmeans||,100,10000,15,50,5.0,4.0,0.1,bernoulli,3,45,,,,,,,True
fig52,kmeans||,100,10000,15,50,5.0,4.0,0.1,bernoulli,4,46,,,,,,,True
fig52,kmeans||,100,10000,15,50,5.0,4.0,0.1,bernoulli,5,47,,,,,,,True
fig52,kmeans||,100,10000,15,50,5.0,4.0,0.1,bernoulli,6,48,,,,,,,True
fig52,kmeans||,100,10000,15,50,5.0,4.0,0.1,bernoulli,7,49,,,,,,,True
fig52,kmeans||,100,10000,15,50,5.0,4.0,0.1,bernoulli,8,50,,,,,,,True
fig52,kmeans||,100,10000,15,50,5.0,4.0,0.1,bernoulli,9,51,,,,,,,True
fig52,kmeans||,100,10000,15,50,5.0,4.0,0.1,bernoulli,10,52,,,,,,,True
fig52,kmeans||,100,10000,15,50,5.0,5.0,0.1,bernoulli,0,42,,,,,,,True
fig52,kmeans||,100,10000,15,50,5.0,5.0,0.1,bernoulli,1,43,,,,,,,True
fig52,kmeans||,100,10000,15,50,5.0,5.0,0.1,bernoulli,2,44,,,,,,,True
fig52,kmeans||,100,10000,15,50,5.0,5.0,0.1,bernoulli,3,45,,,,,,,True
fig52,kmeans||,100,10000,15,50,5.0,5.0,0.1,bernoulli,4,46,,,,,,,True
fig52,kmeans||,100,10000,15,50,5.0,5.0,0.1,bernoulli,5,47,,,,,,,True
fig52,kmeans||,100,10000,15,50,5.0,5.0,0.1,bernoulli,6,48,,,,,,,True
fig52,kmeans||,100,10000,15,50,5.0,5.0,0.1,bernoulli,7,49,,,,,,,True
fig52,kmeans||,100,10000,15,50,5.0,5.0,0.1,bernoulli,8,50,,,,,,,True
fig52,kmeans||,100,10000,15,50,5.0,5.0,0.1,bernoulli,9,51,,,,,,,True
fig52,kmeans||,100,10000,15,50,5.0,5.0,0.1,bernoulli,10,52,,,,,,,True
fig52,kmeans||,100,10000,15,50,5.0,6.0,0.1,bernoulli,0,42,,,,,,,True
fig52,kmeans||,100,10000,15,50,5.0,6.0,0.1,bernoulli,1,43,,,,,,,True
fig52,kmeans||,100,10000,15,50,5.0,6.0,0.1,bernoulli,2,44,,,,,,,True
fig52,kmeans||,100,10000,15,50,5.0,6.0,0.1,bernoulli,3,45,,,,,,,True
fig52,kmeans||,100,10000,15,50,5.0,6.0,0.1,bernoulli,4,46,,,,,,,True
fig52,kmeans||,100,10000,15,50,5.0,6.0,0.1,bernoulli,5,47,,,,,,,True
fig52,kmeans||,100,10000,15,50,5.0,6.0,0.1,bernoulli,6,48,,,,,,,True
fig52,kmeans||,100,10000,15,50,5.0,6.0,0.1,bernoulli,7,49,,,,,,,True
fig52,kmeans||,100,10000,15,50,5.0,6.0,0.1,bernoulli,8,50,,,,,,,True
fig52,kmeans||,100,10000,15,50,5.0,6.0,0.1,bernoulli,9,51,,,,,,,True
fig52,kmeans||,100,10000,15,50,5.0,6.0,0.1,bernoulli,10,52,,,,,,,True
fig52,kmeans||,100,10000,15,50,5.0,7.0,0.1,bernoulli,0,42,,,,,,,True
fig52,kmeans||,100,10000,15,50,5.0,7.0,0.1,bernoulli,1,43,,,,,,,True
fig52,kmeans||,100,10000,15,50,5.0,7.0,0.1,bernoulli,2,44,,,,,,,True
fig52,kmeans||,100,10000,15,50,5.0,7.0,0.1,bernoulli,3,45,,,,,,,True
fig52,kmeans||,100,10000,15,50,5.0,7.0,0.1,bernoulli,4,46,,,,,,,True
fig52,kmeans||,100,10000,15,50,5.0,7.0,0.1,bernoulli,5,47,,,,,,,True
fig52,kmeans||,100,10000,15,50,5.0,7.0,0.1,bernoulli,6,48,,,,,,,True
fig52,kmeans||,100,10000,15,50,5.0,7.0,0.1,bernoulli,7,49,,,,,,,True
fig52,kmeans||,100,10000,15,50,5.0,7.0,0.1,bernoulli,8,50,,,,,,,True
fig52,kmeans||,100,10000,15,50,5.0,7.0,0.1,bernoulli,9,51,,,,,,,True
fig52,kmeans||,100,10000,15,50,5.0,7.0,0.1,bernoulli,10,52,,,,,,,True
fig52,kmeans||,100,10000,15,50,5.0,8.0,0.1,bernoulli,0,42,,,,,,,True
fig52,kmeans||,100,10000,15,50,5.0,8.0,0.1,bernoulli,1,43,,,,,,,True
fig52,kmeans||,100,10000,15,50,5.0,8.0,0.1,bernoulli,2,44,,,,,,,True
fig52,kmeans||,100,10000,15,50,5.0,8.0,0.1,bernoulli,3,45,,,,,,,True
fig52,kmeans||,100,10000,15,50,5.0,8.0,0.1,bernoulli,4,46,,,,,,,True
fig52,kmeans||,100,10000,15,50,5.0,8.0,0.1,bernoulli,5,47,,,,,,,True
fig52,kmeans||,100,10000,15,50,5.0,8.0,0.1,bernoulli,6,48,,,,,,,True
fig52,kmeans||,100,10000,15,50,5.0,8.0,0.1,bernoulli,7,49,8.0,1064262.4262162806,528668.373869899,17.0,0.15645694732666016,0.8566489219665527,False
fig52,kmeans||,100,10000,15,50,5.0,8.0,0.1,bernoulli,8,50,,,,,,,True
fig52,kmeans||,100,10000,15,50,5.0,8.0,0.1,bernoulli,9,51,,,,,,,True
fig52,kmeans||,100,10000,15,50,5.0,8.0,0.1,bernoulli,10,52,8.0,431130.61333331617,224467.09268745422,7.0,0.15975618362426758,0.2364518642425537,False
fig52,kmeans||,100,10000,15,50,5.0,9.0,0.1,bernoulli,0,42,,,,,,,True
fig52,kmeans||,100,10000,15,50,5.0,9.0,0.1,bernoulli,1,43,,,,,,,True
fig52,kmeans||,100,10000,15,50,5.0,9.0,0.1,bernoulli,2,44,,,,,,,True
fig52,kmeans||,100,10000,15,50,5.0,9.0,0.1,bernoulli,3,45,9.0,1789341.2047919314,961989.8785718546,15.0,0.1631324291229248,0.944288969039917,False
fig52,kmeans||,100,10000,15,50,5.0,9.0,0.1,bernoulli,4,46,,,,,,,True
fig52,kmeans||,100,10000,15,50,5.0,9.0,0.1,bernoulli,5,47,,,,,,,True
fig52,kmeans||,100,10000,15,50,5.0,9.0,0.1,bernoulli,6,48,,,,,,,True
fig52,kmeans||,100,10000,15,50,5.0,9.0,0.1,bernoulli,7,49,9.0,544754.8321385102,272865.84267468855,17.0,0.1720874309539795,0.30579185485839844,False
fig52,kmeans||,100,10000,15,50,5.0,9.0,0.1,bernoulli,8,50,9.0,1670555.645306569,750421.867000284,17.0,0.1401064395904541,0.6793768405914307,False
fig52,kmeans||,100,10000,15,50,5.0,9.0,0.1,bernoulli,9,51,,,,,,,True
fig52,kmeans||,100,10000,15,50,5.0,9.0,0.1,bernoulli,10,52,9.0,283155.5124888444,148933.75981797808,2.0,0.16157293319702148,0.0603940486907959,False
fig52,kmeans||,100,10000,15,50,5.0,10.0,0.1,bernoulli,0,42,10.0,1675837.7205735464,786774.4533087627,11.0,0.16071271896362305,0.6982338428497314,False
fig52,kmeans||,100,10000,15,50,5.0,10.0,0.1,bernoulli,1,43,,,,,,,True
fig52,kmeans||,100,10000,15,50,5.0,10.0,0.1,bernoulli,2,44,,,,,,,True
fig52,kmeans||,100,10000,15,50,5.0,10.0,0.1,bernoulli,3,45,10.0,1198444.3209252723,490248.7241019775,12.0,0.18370866775512695,0.472003698348999,False
fig52,kmeans||,100,10000,15,50,5.0,10.0,0.1,bernoulli,4,46,,,,,,,True
fig52,kmeans||,100,10000,15,50,5.0,10.0,0.1,bernoulli,5,47,,,,,,,True
fig52,kmeans||,100,10000,15,50,5.0,10.0,0.1,bernoulli,6,48,,,,,,,True
fig52,kmeans||,100,10000,15,50,5.0,10.0,0.1,bernoulli,7,49,10.0,284776.15369142767,148933.75981797805,2.0,0.1815335750579834,0.24394607543945312,False
fig52,kmeans||,100,10000,15,50,5.0,10.0,0.1,bernoulli,8,50,10.0,1382376.095755675,728689.6316042662,18.0,0.16507363319396973,0.46542930603027344,False
fig52,kmeans||,100,10000,15,50,5.0,10.0,0.1,bernoulli,9,51,,,,,,,True
fig52,kmeans||,100,10000,15,50,5.0,10.0,0.1,bernoulli,10,52,10.0,272767.62477198977,148933.75981797808,2.0,0.16355443000793457,0.17215442657470703,False
fig52,kmeans||,100,10000,15,50,5.0,11.0,0.1,bernoulli,0,42,11.0,701346.9026172146,229264.26580800657,10.0,0.16786861419677734,0.7686307430267334,False
fig52,kmeans||,100,10000,15,50,5.0,11.0,0.1,bernoulli,1,43,11.0,1578746.4414916434,778468.9193505407,24.0,0.16584563255310059,1.296367883682251,False
fig52,kmeans||,100,10000,15,50,5.0,11.0,0.1,bernoulli,2,44,11.0,753551.066872101,327173.3337823459,13.0,0.18349409103393555,0.5601234436035156,False
fig52,kmeans||,100,10000,15,50,5.0,11.0,0.1,bernoulli,3,45,11.0,861190.2568619851,320315.7820398876,12.0,0.17240500450134277,1.1492066383361816,False
fig52,kmeans||,100,10000,15,50,5.0,11.0,0.1,bernoulli,4,46,11.0,1355316.8810256626,571393.5314883003,12.0,0.16080641746520996,0.6471951007843018,False
fig52,kmeans||,100,10000,15,50,5.0,11.0,0.1,bernoulli,5,47,11.0,585432.6741428563,227521.60639053473,6.0,0.1843111515045166,0.42858195304870605,False
fig52,kmeans||,100,10000,15,50,5.0,11.0,0.1,bernoulli,6,48,11.0,1107291.9606445231,568340.1659885761,16.0,0.1865708827972412,0.6532526016235352,False
fig52,kmeans||,100,10000,15,50,5.0,11.0,0.1,bernoulli,7,49,11.0,263618.55525022664,148933.75981797808,2.0,0.16345000267028809,0.08664870262145996,False
fig52,kmeans||,100,10000,15,50,5.0,11.0,0.1,bernoulli,8,50,11.0,729700.205282053,375339.80427226884,14.0,0.17260432243347168,1.095888614654541,False
fig52,kmeans||,100,10000,15,50,5.0,11.0,0.1,bernoulli,9,51,11.0,2196109.9025968537,985408.4608941651,22.0,0.1751871109008789,1.0040197372436523,False
fig52,kmeans||,100,10000,15,50,5.0,11.0,0.1,bernoulli,10,52,11.0,269062.28817654576,148933.75981797808,2.0,0.16815924644470215,0.17694711685180664,False
fig52,kmeans||,100,10000,15,50,5.0,12.0,0.1,bernoulli,0,42,12.0,276274.60654655565,148933.75981797808,2.0,0.19562697410583496,0.10619688034057617,False
fig52,kmeans||,100,10000,15,50,5.0,12.0,0.1,bernoulli,1,43,12.0,739777.9329732001,452779.3913577301,15.0,0.1715996265411377,0.42110395431518555,False
fig52,kmeans||,100,10000,15,50,5.0,12.0,0.1,bernoulli,2,44,12.0,605562.2450340203,327173.3337823459,13.0,0.18181562423706055,0.8901376724243164,False
fig52,kmeans||,100,10000,15,50,5.0,12.0,0.1,bernoulli,3,45,12.0,445526.2864528514,239634.51776408526,17.0,0.19141316413879395,0.94838547706604,False
fig52,kmeans||,100,10000,15,50,5.0,12.0,0.1,bernoulli,4,46,12.0,969272.6838587688,490735.01502595225,28.0,0.17102479934692383,1.3361175060272217,False
fig52,kmeans||,100,10000,15,50,5.0,12.0,0.1,bernoulli,5,47,12.0,282351.24348455516,148933.75981797808,2.0,0.17449641227722168,0.17229223251342773,False
fig52,kmeans||,100,10000,15,50,5.0,12.0,0.1,bernoulli,6,48,12.0,1103587.1534713497,568340.1659885761,16.0,0.17981719970703125,0.7776079177856445,False
fig52,kmeans||,100,10000,15,50,5.0,12.0,0.1,bernoulli,7,49,12.0,252229.9588907017,148933.75981797808,2.0,0.17019915580749512,0.13588213920593262,False
fig52,kmeans||,100,10000,15,50,5.0,12.0,0.1,bernoulli,8,50,12.0,278596.18121597613,148933.75981797808,2.0,0.16749072074890137,0.2879660129547119,False
fig52,kmeans||,100,10000,15,50,5.0,12.0,0.1,bernoulli,9,51,12.0,1471899.9367417416,615752.3254435615,13.0,0.1837778091430664,0.5319919586181641,False
fig52,kmeans||,100,10000,15,50,5.0,12.0,0.1,bernoulli,10,52,12.0,254847.7225700203,148933.75981797808,2.0,0.18727827072143555,0.12079572677612305,False
fig52,kmeans||,100,10000,15,50,5.0,13.0,0.1,bernoulli,0,42,13.0,269103.9602634925,148933.75981797808,2.0,0.18372797966003418,0.1640608310699463,False
fig52,kmeans||,100,10000,15,50,5.0,13.0,0.1,bernoulli,1,43,13.0,570133.1658676696,310900.4124671822,12.0,0.18738102912902832,0.455211877822876,False
fig52,kmeans||,100,10000,15,50,5.0,13.0,0.1,bernoulli,2,44,13.0,268504.75196520326,148933.75981797808,2.0,0.20821547508239746,0.2699244022369385,False
fig52,kmeans||,100,10000,15,50,5.0,13.0,0.1,bernoulli,3,45,13.0,268130.17525496724,148933.75981797808,2.0,0.19121217727661133,0.22354483604431152,False
fig52,kmeans||,100,10000,15,50,5.0,13.0,0.1,bernoulli,4,46,13.0,492042.8285624363,251791.36289851408,6.0,0.2596626281738281,0.1527843475341797,False
fig52,kmeans||,100,10000,15,50,5.0,13.0,0.1,bernoulli,5,47,13.0,279803.91605843697,148933.75981797808,2.0,0.21142196655273438,0.06414151191711426,False
fig52,kmeans||,100,10000,15,50,5.0,13.0,0.1,bernoulli,6,48,13.0,276231.7972112796,148933.75981797808,2.0,0.21837258338928223,0.10733771324157715,False
fig52,kmeans||,100,10000,15,50,5.0,13.0,0.1,bernoulli,7,49,13.0,249037.09564209962,148933.75981797808,2.0,0.21143507957458496,0.11730122566223145,False
fig52,kmeans||,100,10000,15,50,5.0,13.0,0.1,bernoulli,8,50,13.0,272805.32449051493,148933.75981797808,2.0,0.2155766487121582,0.09606480598449707,False
fig52,kmeans||,100,10000,15,50,5.0,13.0,0.1,bernoulli,9,51,13.0,639080.5138699381,318203.4034604886,22.0,0.22132110595703125,0.5662698745727539,False
fig52,kmeans||,100,10000,15,50,5.0,13.0,0.1,bernoulli,10,52,13.0,253425.62694481795,148933.75981797808,2.0,0.19139480590820312,0.17960166931152344,False
fig52,kmeans||,100,10000,15,50,5.0,14.0,0.1,bernoulli,0,42,14.0,262450.8569630404,148933.75981797808,2.0,0.21580982208251953,0.14380836486816406,False
fig52,kmeans||,100,10000,15,50,5.0,14.0,0.1,bernoulli,1,43,14.0,267755.71495021787,148933.75981797808,2.0,0.20777297019958496,0.17986655235290527,False
fig52,kmeans||,100,10000,15,50,5.0,14.0,0.1,bernoulli,2,44,14.0,264980.75342841895,148933.75981797808,2.0,0.20176911354064941,0.08493304252624512,False
fig52,kmeans||,100,10000,15,50,5.0,14.0,0.1,bernoulli,3,45,14.0,250521.91008519987,148933.75981797808,2.0,0.20093584060668945,0.1035001277923584,False
fig52,kmeans||,100,10000,15,50,5.0,14.0,0.1,bernoulli,4,46,14.0,276726.79019334324,148933.75981797808,2.0,0.20467567443847656,0.16738295555114746,False
fig52,kmeans||,100,10000,15,50,5.0,14.0,0.1,bernoulli,5,47,14.0,269785.0931330214,148933.75981797808,2.0,0.21565985679626465,0.18352293968200684,False
fig52,kmeans||,100,10000,15,50,5.0,14.0,0.1,bernoulli,6,48,14.0,273605.6725521581,148933.75981797808,2.0,0.23224115371704102,0.18763160705566406,False
fig52,kmeans||,100,10000,15,50,5.0,14.0,0.1,bernoulli,7,49,14.0,242045.705701522,148933.75981797808,2.0,0.2067556381225586,0.24927234649658203,False
fig52,kmeans||,100,10000,15,50,5.0,14.0,0.1,bernoulli,8,50,14.0,263047.86105899006,148933.75981797808,2.0,0.19667983055114746,0.13216686248779297,False
fig52,kmeans||,100,10000,15,50,5.0,14.0,0.1,bernoulli,9,51,14.0,271229.9733872055,148933.75981797808,2.0,0.19376492500305176,0.1280074119567871,False
fig52,kmeans||,100,10000,15,50,5.0,14.0,0.1,bernoulli,10,52,14.0,244406.94315119853,148933.75981797808,2.0,0.20388388633728027,0.06516122817993164,False
fig52,kmeans||,100,10000,15,50,5.0,15.0,0.1,bernoulli,0,42,15.0,259043.32404163887,148933.75981797808,2.0,0.2108783721923828,0.16892647743225098,False
fig52,kmeans||,100,10000,15,50,5.0,15.0,0.1,bernoulli,1,43,15.0,258655.67603535467,148933.75981797808,2.0,0.21040987968444824,0.11277651786804199,False
fig52,kmeans||,100,10000,15,50,5.0,15.0,0.1,bernoulli,2,44,15.0,257830.44521698996,148933.75981797808,2.0,0.2192990779876709,0.10142064094543457,False
fig52,kmeans||,100,10000,15,50,5.0,15.0,0.1,bernoulli,3,45,15.0,248811.41351055593,148933.75981797808,2.0,0.21565604209899902,0.16827082633972168,False
fig52,kmeans||,100,10000,15,50,5.0,15.0,0.1,bernoulli,4,46,15.0,271829.26501450886,148933.75981797808,2.0,0.22754168510437012,0.15989112854003906,False
fig52,kmeans||,100,10000,15,50,5.0,15.0,0.1,bernoulli,5,47,15.0,258699.9692922171,148933.75981797808,2.0,0.22365403175354004,0.23584461212158203,False
fig52,kmeans||,100,10000,15,50,5.0,15.0,0.1,bernoulli,6,48,15.0,271020.04910318734,148933.75981797808,2.0,0.22492432594299316,0.1636974811553955,False
fig52,kmeans||,100,10000,15,50,5.0,15.0,0.1,bernoulli,7,49,15.0,233801.1383212874,148933.75981797808,2.0,0.2357628345489502,0.09949660301208496,False
fig52,kmeans||,100,10000,15,50,5.0,15.0,0.1,bernoulli,8,50,15.0,257541.10692717147,148933.75981797808,2.0,0.25266575813293457,0.041706085205078125,False
fig52,kmeans||,100,10000,15,50,5.0,15.0,0.1,bernoulli,9,51,15.0,266623.70105540747,148933.75981797808,2.0,0.23501348495483398,0.044764041900634766,False
fig52,kmeans||,100,10000,15,50,5.0,15.0,0.1,bernoulli,10,52,15.0,238119.7886958074,148933.75981797808,2.0,0.2401103973388672,0.1356031894683838,False
fig52,kmeans||,100,10000,15,50,25.0,0.0,0.5,bernoulli,0,42,0.0,6222079.361164933,1998876.4711573739,25.0,0.024192333221435547,1.6845810413360596,False
fig52,kmeans||,100,10000,15,50,25.0,0.0,0.5,bernoulli,1,43,0.0,4791064.884761715,1526986.021598239,16.0,0.02024245262145996,0.5032472610473633,False
fig52,kmeans||,100,10000,15,50,25.0,0.0,0.5,bernoulli,2,44,0.0,6752653.629027529,2797911.6301866993,23.0,0.020206928253173828,0.8766322135925293,False
fig52,kmeans||,100,10000,15,50,25.0,0.0,0.5,bernoulli,3,45,0.0,5832984.106162388,1598843.210798152,20.0,0.02105116844177246,1.194584608078003,False
fig52,kmeans||,100,10000,15,50,25.0,0.0,0.5,bernoulli,4,46,0.0,5475746.534677536,1919621.5105661177,18.0,0.022388935089111328,0.2990727424621582,False
fig52,kmeans||,100,10000,15,50,25.0,0.0,0.5,bernoulli,5,47,0.0,4540253.607415702,1862576.570419285,15.0,0.023012161254882812,0.5033597946166992,False
fig52,kmeans||,100,10000,15,50,25.0,0.0,0.5,bernoulli,6,48,0.0,4590878.98937001,1630086.6227761328,25.0,0.020322561264038086,0.5450990200042725,False
fig52,kmeans||,100,10000,15,50,25.0,0.0,0.5,bernoulli,7,49,0.0,6811139.603121443,3149797.162259674,21.0,0.02106499671936035,1.0495705604553223,False
fig52,kmeans||,100,10000,15,50,25.0,0.0,0.5,bernoulli,8,50,0.0,5182115.87274486,2411220.4944892926,16.0,0.020467042922973633,0.4580252170562744,False
fig52,kmeans||,100,10000,15,50,25.0,0.0,0.5,bernoulli,9,51,0.0,5149471.061303224,2506777.076617242,23.0,0.020949602127075195,1.2804360389709473,False
fig52,kmeans||,100,10000,15,50,25.0,0.0,0.5,bernoulli,10,52,0.0,4616171.316308965,1439234.9904643544,17.0,0.019563674926757812,1.627776861190796,False
fig52,kmeans||,100,10000,15,50,25.0,1.0,0.5,bernoulli,0,42,,,,,,,True
fig52,kmeans||,100,10000,15,50,25.0,1.0,0.5,bernoulli,1,43,,,,,,,True
fig52,kmeans||,100,10000,15,50,25.0,1.0,0.5,bernoulli,2,44,,,,,,,True
fig52,kmeans||,100,10000,15,50,25.0,1.0,0.5,bernoulli,3,45,,,,,,,True
fig52,kmeans||,100,10000,15,50,25.0,1.0,0.5,bernoulli,4,46,,,,,,,True
fig52,kmeans||,100,10000,15,50,25.0,1.0,0.5,bernoulli,5,47,,,,,,,True
fig52,kmeans||,100,10000,15,50,25.0,1.0,0.5,bernoulli,6,48,,,,,,,True
fig52,kmeans||,100,10000,15,50,25.0,1.0,0.5,bernoulli,7,49,,,,,,,True
fig52,kmeans||,100,10000,15,50,25.0,1.0,0.5,bernoulli,8,50,,,,,,,True
fig52,kmeans||,100,10000,15,50,25.0,1.0,0.5,bernoulli,9,51,,,,,,,True
fig52,kmeans||,100,10000,15,50,25.0,1.0,0.5,bernoulli,10,52,,,,,,,True
fig52,kmeans||,100,10000,15,50,25.0,2.0,0.5,bernoulli,0,42,,,,,,,True
fig52,kmeans||,100,10000,15,50,25.0,2.0,0.5,bernoulli,1,43,2.0,3353716.4474136885,1202865.181859994,13.0,0.06519794464111328,1.0236048698425293,False
fig52,kmeans||,100,10000,15,50,25.0,2.0,0.5,bernoulli,2,44,,,,,,,True
fig52,kmeans||,100,10000,15,50,25.0,2.0,0.5,bernoulli,3,45,2.0,3527604.4469433418,1434998.1209517191,19.0,0.054441213607788086,0.6720714569091797,False
fig52,kmeans||,100,10000,15,50,25.0,2.0,0.5,bernoulli,4,46,,,,,,,True
fig52,kmeans||,100,10000,15,50,25.0,2.0,0.5,bernoulli,5,47,,,,,,,True
fig52,kmeans||,100,10000,15,50,25.0,2.0,0.5,bernoulli,6,48,,,,,,,True
fig52,kmeans||,100,10000,15,50,25.0,2.0,0.5,bernoulli,7,49,2.0,3608112.219193454,1427684.284208561,16.0,0.08492231369018555,0.917532205581665,False
fig52,kmeans||,100,10000,15,50,25.0,2.0,0.5,bernoulli,8,50,2.0,5025419.484269436,1955731.867083723,17.0,0.08180046081542969,1.4898605346679688,False
fig52,kmeans||,100,10000,15,50,25.0,2.0,0.5,bernoulli,9,51,2.0,2842641.432040124,1106568.5067684485,11.0,0.11015176773071289,0.2690458297729492,False
fig52,kmeans||,100,10000,15,50,25.0,2.0,0.5,bernoulli,10,52,2.0,3556664.047355528,1225333.124108692,23.0,0.09166955947875977,0.4754655361175537,False
fig52,kmeans||,100,10000,15,50,25.0,3.0,0.5,bernoulli,0,42,3.0,601114.3355064448,314024.50263588125,19.0,0.06544947624206543,0.6284656524658203,False
fig52,kmeans||,100,10000,15,50,25.0,3.0,0.5,bernoulli,1,43,3.0,494402.2388914023,255942.17419694725,5.0,0.09366083145141602,0.3674314022064209,False
fig52,kmeans||,100,10000,15,50,25.0,3.0,0.5,bernoulli,2,44,3.0,2635048.031409547,1078900.560519181,14.0,0.08575272560119629,0.19323277473449707,False
fig52,kmeans||,100,10000,15,50,25.0,3.0,0.5,bernoulli,3,45,3.0,900492.0270779342,473279.53060296987,19.0,0.0853431224822998,0.40009498596191406,False
fig52,kmeans||,100,10000,15,50,25.0,3.0,0.5,bernoulli,4,46,3.0,968238.2613824822,517969.3502594363,12.0,0.10139584541320801,0.6319613456726074,False
fig52,kmeans||,100,10000,15,50,25.0,3.0,0.5,bernoulli,5,47,3.0,2099624.6169144325,725208.6335863254,17.0,0.0895071029663086,1.1555936336517334,False
fig52,kmeans||,100,10000,15,50,25.0,3.0,0.5,bernoulli,6,48,3.0,699046.0301835376,366560.2235601751,5.0,0.07706499099731445,0.1475074291229248,False
fig52,kmeans||,100,10000,15,50,25.0,3.0,0.5,bernoulli,7,49,3.0,942513.0422186046,509164.2618289509,14.0,0.1021888256072998,1.2212049961090088,False
fig52,kmeans||,100,10000,15,50,25.0,3.0,0.5,bernoulli,8,50,3.0,1255100.2737645276,353888.1453760455,16.0,0.06765103340148926,0.7694828510284424,False
fig52,kmeans||,100,10000,15,50,25.0,3.0,0.5,bernoulli,9,51,3.0,585029.3438718375,308178.68043782894,14.0,0.07185840606689453,0.44579577445983887,False
fig52,kmeans||,100,10000,15,50,25.0,3.0,0.5,bernoulli,10,52,3.0,790076.0385266251,431568.0097593254,23.0,0.09019041061401367,0.6486454010009766,False
fig52,kmeans||,100,10000,15,50,25.0,4.0,0.5,bernoulli,0,42,4.0,254042.81443145935,148933.75981797808,2.0,0.0994422435760498,0.046071529388427734,False
fig52,kmeans||,100,10000,15,50,25.0,4.0,0.5,bernoulli,1,43,4.0,250718.05963512568,148933.75981797808,2.0,0.09479331970214844,0.03734278678894043,False
fig52,kmeans||,100,10000,15,50,25.0,4.0,0.5,bernoulli,2,44,4.0,404889.3174422945,224466.23880843248,8.0,0.1007835865020752,0.5902533531188965,False
fig52,kmeans||,100,10000,15,50,25.0,4.0,0.5,bernoulli,3,45,4.0,248104.10794041373,148933.75981797808,2.0,0.11158132553100586,0.14802956581115723,False
fig52,kmeans||,100,10000,15,50,25.0,4.0,0.5,bernoulli,4,46,4.0,246465.2404211653,148933.75981797808,2.0,0.10784029960632324,0.11334037780761719,False
fig52,kmeans||,100,10000,15,50,25.0,4.0,0.5,bernoulli,5,47,4.0,252721.44709508936,148933.75981797808,2.0,0.10100674629211426,0.043106794357299805,False
fig52,kmeans||,100,10000,15,50,25.0,4.0,0.5,bernoulli,6,48,4.0,246659.2469753567,148933.75981797808,2.0,0.10748577117919922,0.19919347763061523,False
fig52,kmeans||,100,10000,15,50,25.0,4.0,0.5,bernoulli,7,49,4.0,249904.39655676935,148933.75981797808,2.0,0.10287022590637207,0.12141919136047363,False
fig52,kmeans||,100,10000,15,50,25.0,4.0,0.5,bernoulli,8,50,4.0,245697.52443552198,148933.75981797808,2.0,0.09782862663269043,0.1901395320892334,False
fig52,kmeans||,100,10000,15,50,25.0,4.0,0.5,bernoulli,9,51,4.0,236079.77658824186,148933.75981797805,2.0,0.13631820678710938,0.15105605125427246,False
fig52,kmeans||,100,10000,15,50,25.0,4.0,0.5,bernoulli,10,52,4.0,239271.19494493864,148933.75981797808,2.0,0.11338973045349121,0.10234260559082031,False
fig52,kmeans||,100,10000,15,50,25.0,5.0,0.5,bernoulli,0,42,5.0,233715.2074031905,148933.75981797808,2.0,0.15395569801330566,0.13789153099060059,False
fig52,kmeans||,100,10000,15,50,25.0,5.0,0.5,bernoulli,1,43,5.0,224574.54831147118,148933.75981797808,2.0,0.11423468589782715,0.050809621810913086,False
fig52,kmeans||,100,10000,15,50,25.0,5.0,0.5,bernoulli,2,44,5.0,240433.54363121837,148933.75981797808,2.0,0.1133270263671875,0.09419655799865723,False
fig52,kmeans||,100,10000,15,50,25.0,5.0,0.5,bernoulli,3,45,5.0,219573.3605823921,148933.75981797808,2.0,0.10954809188842773,0.04522585868835449,False
fig52,kmeans||,100,10000,15,50,25.0,5.0,0.5,bernoulli,4,46,5.0,220158.50882629355,148933.75981797808,2.0,0.12082052230834961,0.07239508628845215,False
fig52,kmeans||,100,10000,15,50,25.0,5.0,0.5,bernoulli,5,47,5.0,232317.39930211144,148933.75981797808,2.0,0.11441254615783691,0.20910072326660156,False
fig52,kmeans||,100,10000,15,50,25.0,5.0,0.5,bernoulli,6,48,5.0,227441.21977427928,148933.75981797808,2.0,0.10352253913879395,0.22058558464050293,False
fig52,kmeans||,100,10000,15,50,25.0,5.0,0.5,bernoulli,7,49,5.0,219250.89750427793,148933.75981797808,2.0,0.09251832962036133,0.19097042083740234,False
fig52,kmeans||,100,10000,15,50,25.0,5.0,0.5,bernoulli,8,50,5.0,224822.58262467413,148933.75981797808,2.0,0.09660148620605469,0.18962764739990234,False
fig52,kmeans||,100,10000,15,50,25.0,5.0,0.5,bernoulli,9,51,5.0,308985.39307960175,236436.52804344214,9.0,0.09990763664245605,0.18535256385803223,False
fig52,kmeans||,100,10000,15,50,25.0,5.0,0.5,bernoulli,10,52,5.0,217120.76661126304,148933.75981797808,2.0,0.12062931060791016,0.11136269569396973,False
fig52,kmeans||,100,10000,15,50,25.0,6.0,0.5,bernoulli,0,42,6.0,217963.59644476784,148933.75981797808,2.0,0.1308302879333496,0.16314339637756348,False
fig52,kmeans||,100,10000,15,50,25.0,6.0,0.5,bernoulli,1,43,6.0,211622.94735748993,148933.75981797808,2.0,0.11743330955505371,0.0625312328338623,False
fig52,kmeans||,100,10000,15,50,25.0,6.0,0.5,bernoulli,2,44,6.0,220335.26928015763,148933.75981797808,2.0,0.11225247383117676,0.21976852416992188,False
fig52,kmeans||,100,10000,15,50,25.0,6.0,0.5,bernoulli,3,45,6.0,201389.55222554947,148933.75981797808,2.0,0.1181495189666748,0.1251378059387207,False
fig52,kmeans||,100,10000,15,50,25.0,6.0,0.5,bernoulli,4,46,6.0,209750.4436347916,148933.75981797805,2.0,0.12630748748779297,0.10461044311523438,False
fig52,kmeans||,100,10000,15,50,25.0,6.0,0.5,bernoulli,5,47,6.0,214908.6623213719,148933.75981797808,2.0,0.11558055877685547,0.09653902053833008,False
fig52,kmeans||,100,10000,15,50,25.0,6.0,0.5,bernoulli,6,48,6.0,216154.17259540656,148933.75981797808,2.0,0.13495254516601562,0.2810630798339844,False
fig52,kmeans||,100,10000,15,50,25.0,6.0,0.5,bernoulli,7,49,6.0,289977.61217794893,229295.51304876152,13.0,0.1310570240020752,0.47338390350341797,False
fig52,kmeans||,100,10000,15,50,25.0,6.0,0.5,bernoulli,8,50,6.0,213303.14197298264,148933.75981797808,2.0,0.11855125427246094,0.2238626480102539,False
fig52,kmeans||,100,10000,15,50,25.0,6.0,0.5,bernoulli,9,51,6.0,203293.31979322038,148933.75981797808,2.0,0.11261177062988281,0.07062149047851562,False
fig52,kmeans||,100,10000,15,50,25.0,6.0,0.5,bernoulli,10,52,6.0,205026.64223398635,148933.75981797808,2.0,0.11948895454406738,0.040856122970581055,False
fig52,kmeans||,100,10000,15,50,25.0,7.0,0.5,bernoulli,0,42,7.0,206372.71956903534,148933.75981797808,2.0,0.1274857521057129,0.038704872131347656,False
fig52,kmeans||,100,10000,15,50,25.0,7.0,0.5,bernoulli,1,43,7.0,207436.82934944297,148933.75981797808,2.0,0.12738037109375,0.03868460655212402,False
fig52,kmeans||,100,10000,15,50,25.0,7.0,0.5,bernoulli,2,44,7.0,206623.86013493524,148933.75981797808,2.0,0.12969136238098145,0.03946852684020996,False
fig52,kmeans||,100,10000,15,50,25.0,7.0,0.5,bernoulli,3,45,7.0,196011.50844873599,148933.75981797808,2.0,0.13161754608154297,0.03913736343383789,False
fig52,kmeans||,100,10000,15,50,25.0,7.0,0.5,bernoulli,4,46,7.0,195458.5061356759,148933.75981797808,2.0,0.12793278694152832,0.03856015205383301,False
fig52,kmeans||,100,10000,15,50,25.0,7.0,0.5,bernoulli,5,47,7.0,202310.80422256363,148933.75981797808,2.0,0.12827777862548828,0.1285543441772461,False
fig52,kmeans||,100,10000,15,50,25.0,7.0,0.5,bernoulli,6,48,7.0,208313.43350412976,148933.75981797808,2.0,0.14961981773376465,0.10170102119445801,False
fig52,kmeans||,100,10000,15,50,25.0,7.0,0.5,bernoulli,7,49,7.0,202345.50410284498,148933.75981797805,2.0,0.13634753227233887,0.21114826202392578,False
fig52,kmeans||,100,10000,15,50,25.0,7.0,0.5,bernoulli,8,50,7.0,205153.0453327421,148933.75981797808,2.0,0.13579249382019043,0.12390780448913574,False
fig52,kmeans||,100,10000,15,50,25.0,7.0,0.5,bernoulli,9,51,7.0,195038.52067235843,148933.75981797808,2.0,0.13839364051818848,0.18367362022399902,False
fig52,kmeans||,100,10000,15,50,25.0,7.0,0.5,bernoulli,10,52,7.0,196416.30001958596,148933.75981797808,2.0,0.14300537109375,0.20416688919067383,False
fig52,kmeans||,100,10000,15,50,25.0,8.0,0.5,bernoulli,0,42,8.0,194324.70836253953,148933.75981797808,2.0,0.15882635116577148,0.23990368843078613,False
fig52,kmeans||,100,10000,15,50,25.0,8.0,0.5,bernoulli,1,43,8.0,199688.93262884332,148933.75981797808,2.0,0.17396998405456543,0.3622896671295166,False
fig52,kmeans||,100,10000,15,50,25.0,8.0,0.5,bernoulli,2,44,8.0,200199.1079612932,148933.75981797808,2.0,0.15787959098815918,0.20885586738586426,False
fig52,kmeans||,100,10000,15,50,25.0,8.0,0.5,bernoulli,3,45,8.0,189486.89430953102,148933.75981797808,2.0,0.1494917869567871,0.16170406341552734,False
fig52,kmeans||,100,10000,15,50,25.0,8.0,0.5,bernoulli,4,46,8.0,187753.12801742202,148933.75981797808,2.0,0.2246568202972412,0.03881216049194336,False
fig52,kmeans||,100,10000,15,50,25.0,8.0,0.5,bernoulli,5,47,8.0,190729.74903247537,148933.75981797808,2.0,0.20183515548706055,0.17815041542053223,False
fig52,kmeans||,100,10000,15,50,25.0,8.0,0.5,bernoulli,6,48,8.0,200828.96138553,148933.75981797808,2.0,0.17546439170837402,0.2408137321472168,False
fig52,kmeans||,100,10000,15,50,25.0,8.0,0.5,bernoulli,7,49,8.0,188736.72387258333,148933.75981797808,2.0,0.18413114547729492,0.19998526573181152,False
fig52,kmeans||,100,10000,15,50,25.0,8.0,0.5,bernoulli,8,50,8.0,191221.89851144914,148933.75981797808,2.0,0.18326187133789062,0.06236743927001953,False
fig52,kmeans||,100,10000,15,50,25.0,8.0,0.5,bernoulli,9,51,8.0,187474.3963947834,148933.75981797808,2.0,0.12944269180297852,0.08208155632019043,False
fig52,kmeans||,100,10000,15,50,25.0,8.0,0.5,bernoulli,10,52,8.0,186701.08360342277,148933.75981797808,2.0,0.17804551124572754,0.11368370056152344,False
fig52,kmeans||,100,10000,15,50,25.0,9.0,0.5,bernoulli,0,42,9.0,187711.59618838757,148933.75981797808,2.0,0.1764049530029297,0.14898443222045898,False
fig52,kmeans||,100,10000,15,50,25.0,9.0,0.5,bernoulli,1,43,9.0,195225.90509262943,148933.75981797805,2.0,0.19153046607971191,0.18435215950012207,False
fig52,kmeans||,100,10000,15,50,25.0,9.0,0.5,bernoulli,2,44,9.0,188930.31269925606,148933.75981797808,2.0,0.17560958862304688,0.10003495216369629,False
fig52,kmeans||,100,10000,15,50,25.0,9.0,0.5,bernoulli,3,45,9.0,181280.75688046153,148933.75981797808,2.0,0.1940135955810547,0.10249590873718262,False
fig52,kmeans||,100,10000,15,50,25.0,9.0,0.5,bernoulli,4,46,9.0,181289.76289076378,148933.75981797808,2.0,0.1975698471069336,0.16191339492797852,False
fig52,kmeans||,100,10000,15,50,25.0,9.0,0.5,bernoulli,5,47,9.0,185878.74380580895,148933.75981797808,2.0,0.2245166301727295,0.20687079429626465,False
fig52,kmeans||,100,10000,15,50,25.0,9.0,0.5,bernoulli,6,48,9.0,190512.8080573275,148933.75981797808,2.0,0.19745087623596191,0.15781688690185547,False
fig52,kmeans||,100,10000,15,50,25.0,9.0,0.5,bernoulli,7,49,9.0,184265.7922117809,148933.75981797808,2.0,0.17611169815063477,0.2317814826965332,False
fig52,kmeans||,100,10000,15,50,25.0,9.0,0.5,bernoulli,8,50,9.0,182620.26778646148,148933.75981797808,2.0,0.2095184326171875,0.18239974975585938,False
fig52,kmeans||,100,10000,15,50,25.0,9.0,0.5,bernoulli,9,51,9.0,183223.52652215015,148933.75981797808,2.0,0.1951127052307129,0.24048805236816406,False
fig52,kmeans||,100,10000,15,50,25.0,9.0,0.5,bernoulli,10,52,9.0,183644.6720625215,148933.75981797808,2.0,0.14660096168518066,0.23221731185913086,False
fig52,kmeans||,100,10000,15,50,25.0,10.0,0.5,bernoulli,0,42,10.0,181610.9854774966,148933.75981797808,2.0,0.23014259338378906,0.15670132637023926,False
fig52,kmeans||,100,10000,15,50,25.0,10.0,0.5,bernoulli,1,43,10.0,189277.58864070693,148933.75981797808,2.0,0.1927797794342041,0.05440568923950195,False
fig52,kmeans||,100,10000,15,50,25.0,10.0,0.5,bernoulli,2,44,10.0,180299.87675264978,148933.75981797808,2.0,0.21604275703430176,0.2766907215118408,False
fig52,kmeans||,100,10000,15,50,25.0,10.0,0.5,bernoulli,3,45,10.0,177692.2928977739,148933.75981797808,2.0,0.19031667709350586,0.18674993515014648,False
fig52,kmeans||,100,10000,15,50,25.0,10.0,0.5,bernoulli,4,46,10.0,178589.0803810928,148933.75981797808,2.0,0.1949918270111084,0.14923381805419922,False
fig52,kmeans||,100,10000,15,50,25.0,10.0,0.5,bernoulli,5,47,10.0,180391.67398336873,148933.75981797808,2.0,0.20183277130126953,0.07079696655273438,False
fig52,kmeans||,100,10000,15,50,25.0,10.0,0.5,bernoulli,6,48,10.0,187317.43715451058,148933.75981797805,2.0,0.16979217529296875,0.13560128211975098,False
fig52,kmeans||,100,10000,15,50,25.0,10.0,0.5,bernoulli,7,49,10.0,178944.70631033144,148933.75981797808,2.0,0.19545507431030273,0.1621236801147461,False
fig52,kmeans||,100,10000,15,50,25.0,10.0,0.5,bernoulli,8,50,10.0,179246.88512204908,148933.75981797808,2.0,0.19629454612731934,0.1928386688232422,False
fig52,kmeans||,100,10000,15,50,25.0,10.0,0.5,bernoulli,9,51,10.0,179176.5059880749,148933.75981797808,2.0,0.15830421447753906,0.06219792366027832,False
fig52,kmeans||,100,10000,15,50,25.0,10.0,0.5,bernoulli,10,52,10.0,178590.3191500862,148933.75981797808,2.0,0.2307722568511963,0.060449838638305664,False
fig52,kmeans||,100,10000,15,50,25.0,11.0,0.5,bernoulli,0,42,11.0,176635.38732631537,148933.75981797808,2.0,0.20581936836242676,0.19739127159118652,False
fig52,kmeans||,100,10000,15,50,25.0,11.0,0.5,bernoulli,1,43,11.0,185768.36434714243,148933.75981797808,2.0,0.20032691955566406,0.10109615325927734,False
fig52,kmeans||,100,10000,15,50,25.0,11.0,0.5,bernoulli,2,44,11.0,176530.4519007617,148933.75981797808,2.0,0.22725725173950195,0.11891412734985352,False
fig52,kmeans||,100,10000,15,50,25.0,11.0,0.5,bernoulli,3,45,11.0,175631.0302896395,148933.75981797808,2.0,0.21213436126708984,0.13853049278259277,False
fig52,kmeans||,100,10000,15,50,25.0,11.0,0.5,bernoulli,4,46,11.0,176012.13801969797,148933.75981797808,2.0,0.19446015357971191,0.17677712440490723,False
fig52,kmeans||,100,10000,15,50,25.0,11.0,0.5,bernoulli,5,47,11.0,176910.210248393,148933.75981797808,2.0,0.18596863746643066,0.18076682090759277,False
fig52,kmeans||,100,10000,15,50,25.0,11.0,0.5,bernoulli,6,48,11.0,184512.48221768445,148933.75981797808,2.0,0.19768810272216797,0.07314825057983398,False
fig52,kmeans||,100,10000,15,50,25.0,11.0,0.5,bernoulli,7,49,11.0,174293.2313278134,148933.75981797808,2.0,0.1940464973449707,0.12495231628417969,False
fig52,kmeans||,100,10000,15,50,25.0,11.0,0.5,bernoulli,8,50,11.0,176756.51179387327,148933.75981797808,2.0,0.23605918884277344,0.21468424797058105,False
fig52,kmeans||,100,10000,15,50,25.0,11.0,0.5,bernoulli,9,51,11.0,175242.08983784594,148933.75981797808,2.0,0.16858601570129395,0.21902227401733398,False
fig52,kmeans||,100,10000,15,50,25.0,11.0,0.5,bernoulli,10,52,11.0,175709.29575187902,148933.75981797808,2.0,0.19070887565612793,0.051241159439086914,False
fig52,kmeans||,100,10000,15,50,25.0,12.0,0.5,bernoulli,0,42,12.0,174249.0328274457,148933.75981797808,2.0,0.21934008598327637,0.03970170021057129,False
fig52,kmeans||,100,10000,15,50,25.0,12.0,0.5,bernoulli,1,43,12.0,183355.14843487096,148933.75981797808,2.0,0.19451689720153809,0.10092425346374512,False
fig52,kmeans||,100,10000,15,50,25.0,12.0,0.5,bernoulli,2,44,12.0,174283.57899418665,148933.75981797808,2.0,0.21736431121826172,0.12333059310913086,False
fig52,kmeans||,100,10000,15,50,25.0,12.0,0.5,bernoulli,3,45,12.0,249381.83923915302,227512.14354868123,15.0,0.2129535675048828,1.1536941528320312,False
fig52,kmeans||,100,10000,15,50,25.0,12.0,0.5,bernoulli,4,46,12.0,173115.55364331332,148933.75981797808,2.0,0.21120810508728027,0.08029675483703613,False
fig52,kmeans||,100,10000,15,50,25.0,12.0,0.5,bernoulli,5,47,12.0,174072.67654175672,148933.75981797808,2.0,0.193681001663208,0.17395758628845215,False
fig52,kmeans||,100,10000,15,50,25.0,12.0,0.5,bernoulli,6,48,12.0,179303.92103751688,148933.75981797808,2.0,0.17917299270629883,0.23022890090942383,False
fig52,kmeans||,100,10000,15,50,25.0,12.0,0.5,bernoulli,7,49,12.0,171973.0605098648,148933.75981797808,2.0,0.20696234703063965,0.09113335609436035,False
fig52,kmeans||,100,10000,15,50,25.0,12.0,0.5,bernoulli,8,50,12.0,171819.45192199573,148933.75981797808,2.0,0.24047493934631348,0.19077682495117188,False
fig52,kmeans||,100,10000,15,50,25.0,12.0,0.5,bernoulli,9,51,12.0,173165.17462971696,148933.75981797808,2.0,0.1776123046875,0.16385793685913086,False
fig52,kmeans||,100,10000,15,50,25.0,12.0,0.5,bernoulli,10,52,12.0,171669.31368660973,148933.75981797808,2.0,0.2503499984741211,0.14627361297607422,False
fig52,kmeans||,100,10000,15,50,25.0,13.0,0.5,bernoulli,0,42,13.0,171948.50785358826,148933.75981797808,2.0,0.2379305362701416,0.04845404624938965,False
fig52,kmeans||,100,10000,15,50,25.0,13.0,0.5,bernoulli,1,43,13.0,178017.10435855418,148933.75981797808,2.0,0.1953105926513672,0.11645078659057617,False
fig52,kmeans||,100,10000,15,50,25.0,13.0,0.5,bernoulli,2,44,13.0,172898.45467301778,148933.75981797808,2.0,0.22144317626953125,0.1420292854309082,False
fig52,kmeans||,100,10000,15,50,25.0,13.0,0.5,bernoulli,3,45,13.0,168871.9893292745,148933.75981797808,2.0,0.22789549827575684,0.1074979305267334,False
fig52,kmeans||,100,10000,15,50,25.0,13.0,0.5,bernoulli,4,46,13.0,170246.17234347694,148933.75981797808,2.0,0.23004436492919922,0.0705254077911377,False
fig52,kmeans||,100,10000,15,50,25.0,13.0,0.5,bernoulli,5,47,13.0,172228.32927272824,148933.75981797808,2.0,0.23231768608093262,0.16647982597351074,False
fig52,kmeans||,100,10000,15,50,25.0,13.0,0.5,bernoulli,6,48,13.0,174265.32480268684,148933.75981797805,2.0,0.3145294189453125,0.18270540237426758,False
fig52,kmeans||,100,10000,15,50,25.0,13.0,0.5,bernoulli,7,49,13.0,248556.00538405363,227513.8767162111,11.0,0.21911096572875977,0.2661871910095215,False
fig52,kmeans||,100,10000,15,50,25.0,13.0,0.5,bernoulli,8,50,13.0,169865.98477114923,148933.75981797808,2.0,0.2343142032623291,0.12066531181335449,False
fig52,kmeans||,100,10000,15,50,25.0,13.0,0.5,bernoulli,9,51,13.0,171155.76061906273,148933.75981797808,2.0,0.2315371036529541,0.18845152854919434,False
fig52,kmeans||,100,10000,15,50,25.0,13.0,0.5,bernoulli,10,52,13.0,170638.70031924063,148933.75981797805,2.0,0.25955915451049805,0.1358623504638672,False
fig52,kmeans||,100,10000,15,50,25.0,14.0,0.5,bernoulli,0,42,14.0,170782.87513667563,148933.75981797808,2.0,0.23380422592163086,0.29009032249450684,False
fig52,kmeans||,100,10000,15,50,25.0,14.0,0.5,bernoulli,1,43,14.0,175709.5901416094,148933.75981797808,2.0,0.20978665351867676,0.15336918830871582,False
fig52,kmeans||,100,10000,15,50,25.0,14.0,0.5,bernoulli,2,44,14.0,170202.76478585822,148933.75981797808,2.0,0.23050332069396973,0.14850330352783203,False
fig52,kmeans||,100,10000,15,50,25.0,14.0,0.5,bernoulli,3,45,14.0,166452.15430144325,148933.75981797805,2.0,0.24171876907348633,0.1567378044128418,False
fig52,kmeans||,100,10000,15,50,25.0,14.0,0.5,bernoulli,4,46,14.0,169140.84973444496,148933.75981797808,2.0,0.23660922050476074,0.17821812629699707,False
fig52,kmeans||,100,10000,15,50,25.0,14.0,0.5,bernoulli,5,47,14.0,170779.63317534907,148933.75981797808,2.0,0.23891472816467285,0.20440268516540527,False
fig52,kmeans||,100,10000,15,50,25.0,14.0,0.5,bernoulli,6,48,14.0,171539.4884437862,148933.75981797808,2.0,0.2713053226470947,0.11171245574951172,False
fig52,kmeans||,100,10000,15,50,25.0,14.0,0.5,bernoulli,7,49,14.0,168030.3511830166,148933.75981797808,2.0,0.29140281677246094,0.0957632064819336,False
fig52,kmeans||,100,10000,15,50,25.0,14.0,0.5,bernoulli,8,50,14.0,167723.85694974722,148933.75981797808,2.0,0.2589852809906006,0.13261890411376953,False
fig52,kmeans||,100,10000,15,50,25.0,14.0,0.5,bernoulli,9,51,14.0,169016.77223932138,148933.75981797808,2.0,0.24694085121154785,0.05071663856506348,False
fig52,kmeans||,100,10000,15,50,25.0,14.0,0.5,bernoulli,10,52,14.0,169133.7444653671,148933.75981797808,2.0,0.2668135166168213,0.0648341178894043,False
fig52,kmeans||,100,10000,15,50,25.0,15.0,0.5,bernoulli,0,42,15.0,169249.8774566565,148933.75981797808,2.0,0.3058657646179199,0.13351988792419434,False
fig52,kmeans||,100,10000,15,50,25.0,15.0,0.5,bernoulli,1,43,15.0,172399.29893328398,148933.75981797808,2.0,0.24370026588439941,0.1719677448272705,False
fig52,kmeans||,100,10000,15,50,25.0,15.0,0.5,bernoulli,2,44,15.0,166772.57235962094,148933.75981797808,2.0,0.27391648292541504,0.16514158248901367,False
fig52,kmeans||,100,10000,15,50,25.0,15.0,0.5,bernoulli,3,45,15.0,165397.11352940302,148933.75981797808,2.0,0.25343990325927734,0.05758094787597656,False
fig52,kmeans||,100,10000,15,50,25.0,15.0,0.5,bernoulli,4,46,15.0,167994.2260147187,148933.75981797808,2.0,0.2359161376953125,0.1204526424407959,False
fig52,kmeans||,100,10000,15,50,25.0,15.0,0.5,bernoulli,5,47,15.0,168930.39219641202,148933.75981797808,2.0,0.2525327205657959,0.0471189022064209,False
fig52,kmeans||,100,10000,15,50,25.0,15.0,0.5,bernoulli,6,48,15.0,170033.50039704112,148933.75981797808,2.0,0.24566078186035156,0.20177340507507324,False
fig52,kmeans||,100,10000,15,50,25.0,15.0,0.5,bernoulli,7,49,15.0,166543.63344329654,148933.75981797808,2.0,0.26009607315063477,0.122772216796875,False
fig52,kmeans||,100,10000,15,50,25.0,15.0,0.5,bernoulli,8,50,15.0,167133.27093709563,148933.75981797808,2.0,0.24939560890197754,0.31298303604125977,False
fig52,kmeans||,100,10000,15,50,25.0,15.0,0.5,bernoulli,9,51,15.0,167206.24309099923,148933.75981797808,2.0,0.27051734924316406,0.3272824287414551,False
fig52,kmeans||,100,10000,15,50,25.0,15.0,0.5,bernoulli,10,52,15.0,167121.6815788758,148933.75981797808,2.0,0.2700927257537842,0.1396777629852295,False
fig52,kmeans||,100,10000,15,50,50.0,0.0,1.0,bernoulli,0,42,0.0,6222079.361164933,1998876.4711573739,25.0,0.01990485191345215,1.0230388641357422,False
fig52,kmeans||,100,10000,15,50,50.0,0.0,1.0,bernoulli,1,43,0.0,4791064.884761715,1526986.021598239,16.0,0.01944422721862793,0.274855375289917,False
fig52,kmeans||,100,10000,15,50,50.0,0.0,1.0,bernoulli,2,44,0.0,6752653.629027529,2797911.6301866993,23.0,0.022404909133911133,1.428084373474121,False
fig52,kmeans||,100,10000,15,50,50.0,0.0,1.0,bernoulli,3,45,0.0,5832984.106162388,1598843.210798152,20.0,0.019469022750854492,1.3807427883148193,False
fig52,kmeans||,100,10000,15,50,50.0,0.0,1.0,bernoulli,4,46,0.0,5475746.534677536,1919621.5105661177,18.0,0.019861936569213867,0.7142741680145264,False
fig52,kmeans||,100,10000,15,50,50.0,0.0,1.0,bernoulli,5,47,0.0,4540253.607415702,1862576.570419285,15.0,0.020981311798095703,0.9826982021331787,False
fig52,kmeans||,100,10000,15,50,50.0,0.0,1.0,bernoulli,6,48,0.0,4590878.98937001,1630086.6227761328,25.0,0.02586078643798828,0.7426102161407471,False
fig52,kmeans||,100,10000,15,50,50.0,0.0,1.0,bernoulli,7,49,0.0,6811139.603121443,3149797.162259674,21.0,0.0195310115814209,1.6796586513519287,False
fig52,kmeans||,100,10000,15,50,50.0,0.0,1.0,bernoulli,8,50,0.0,5182115.87274486,2411220.4944892926,16.0,0.021527528762817383,1.4741237163543701,False
fig52,kmeans||,100,10000,15,50,50.0,0.0,1.0,bernoulli,9,51,0.0,5149471.061303224,2506777.076617242,23.0,0.02122783660888672,1.7382960319519043,False
fig52,kmeans||,100,10000,15,50,50.0,0.0,1.0,bernoulli,10,52,0.0,4616171.316308965,1439234.9904643544,17.0,0.019866466522216797,0.5004010200500488,False
fig52,kmeans||,100,10000,15,50,50.0,1.0,1.0,bernoulli,0,42,,,,,,,True
fig52,kmeans||,100,10000,15,50,50.0,1.0,1.0,bernoulli,1,43,1.0,6075964.7685884815,2070197.9779635428,18.0,0.11435842514038086,0.9168915748596191,False
fig52,kmeans||,100,10000,15,50,50.0,1.0,1.0,bernoulli,2,44,,,,,,,True
fig52,kmeans||,100,10000,15,50,50.0,1.0,1.0,bernoulli,3,45,1.0,5283132.924607703,2494268.189192506,22.0,0.06855988502502441,0.37253594398498535,False
fig52,kmeans||,100,10000,15,50,50.0,1.0,1.0,bernoulli,4,46,,,,,,,True
fig52,kmeans||,100,10000,15,50,50.0,1.0,1.0,bernoulli,5,47,,,,,,,True
fig52,kmeans||,100,10000,15,50,50.0,1.0,1.0,bernoulli,6,48,1.0,3809598.7250679173,1434437.4772598199,13.0,0.07944536209106445,0.4945523738861084,False
fig52,kmeans||,100,10000,15,50,50.0,1.0,1.0,bernoulli,7,49,,,,,,,True
fig52,kmeans||,100,10000,15,50,50.0,1.0,1.0,bernoulli,8,50,,,,,,,True
fig52,kmeans||,100,10000,15,50,50.0,1.0,1.0,bernoulli,9,51,1.0,4768181.441293674,1875204.2504248864,22.0,0.11577320098876953,1.252309799194336,False
fig52,kmeans||,100,10000,15,50,50.0,1.0,1.0,bernoulli,10,52,1.0,4951884.558579272,1269579.950787143,25.0,0.05880403518676758,0.7750606536865234,False
fig52,kmeans||,100,10000,15,50,50.0,2.0,1.0,bernoulli,0,42,2.0,750709.8575456215,392995.05208374,11.0,0.11890745162963867,0.8637940883636475,False
fig52,kmeans||,100,10000,15,50,50.0,2.0,1.0,bernoulli,1,43,2.0,386338.15177941514,224453.67423317907,8.0,0.08640122413635254,0.12187051773071289,False
fig52,kmeans||,100,10000,15,50,50.0,2.0,1.0,bernoulli,2,44,2.0,1405596.6203812412,568754.0726828055,11.0,0.07486248016357422,0.16368985176086426,False
fig52,kmeans||,100,10000,15,50,50.0,2.0,1.0,bernoulli,3,45,2.0,575104.6625423009,319162.3638824388,15.0,0.08525848388671875,0.8848159313201904,False
fig52,kmeans||,100,10000,15,50,50.0,2.0,1.0,bernoulli,4,46,2.0,860489.8849040731,433474.45726948057,19.0,0.09306192398071289,1.2162227630615234,False
fig52,kmeans||,100,10000,15,50,50.0,2.0,1.0,bernoulli,5,47,2.0,477241.52223642915,251814.7302286011,11.0,0.24169135093688965,0.26747894287109375,False
fig52,kmeans||,100,10000,15,50,50.0,2.0,1.0,bernoulli,6,48,2.0,250121.49335847519,148933.75981797808,2.0,0.11580276489257812,0.03588604927062988,False
fig52,kmeans||,100,10000,15,50,50.0,2.0,1.0,bernoulli,7,49,2.0,891968.5879929453,417899.92453592684,14.0,0.12904953956604004,0.45873332023620605,False
fig52,kmeans||,100,10000,15,50,50.0,2.0,1.0,bernoulli,8,50,2.0,400663.6601534083,229251.157656744,10.0,0.10946846008300781,0.38781023025512695,False
fig52,kmeans||,100,10000,15,50,50.0,2.0,1.0,bernoulli,9,51,2.0,431630.2676595312,239623.2774057858,6.0,0.10966181755065918,0.5450911521911621,False
fig52,kmeans||,100,10000,15,50,50.0,2.0,1.0,bernoulli,10,52,2.0,519748.551966296,283240.76888930483,7.0,0.14861249923706055,0.6314866542816162,False
fig52,kmeans||,100,10000,15,50,50.0,3.0,1.0,bernoulli,0,42,3.0,240616.64848592787,148933.75981797808,2.0,0.1434764862060547,0.14805245399475098,False
fig52,kmeans||,100,10000,15,50,50.0,3.0,1.0,bernoulli,1,43,3.0,217277.0612952174,148933.75981797808,2.0,0.15902996063232422,0.1373910903930664,False
fig52,kmeans||,100,10000,15,50,50.0,3.0,1.0,bernoulli,2,44,3.0,240999.61117402904,148933.75981797808,2.0,0.1379232406616211,0.10950493812561035,False
fig52,kmeans||,100,10000,15,50,50.0,3.0,1.0,bernoulli,3,45,3.0,215764.02470384253,148933.75981797808,2.0,0.1866474151611328,0.13328123092651367,False
fig52,kmeans||,100,10000,15,50,50.0,3.0,1.0,bernoulli,4,46,3.0,232851.3267331944,148933.75981797808,2.0,0.181046724319458,0.2252945899963379,False
fig52,kmeans||,100,10000,15,50,50.0,3.0,1.0,bernoulli,5,47,3.0,223549.22946816988,148933.75981797808,2.0,0.08460354804992676,0.17039942741394043,False
fig52,kmeans||,100,10000,15,50,50.0,3.0,1.0,bernoulli,6,48,3.0,208591.97220457596,148933.75981797808,2.0,0.09961605072021484,0.07174444198608398,False
fig52,kmeans||,100,10000,15,50,50.0,3.0,1.0,bernoulli,7,49,3.0,215052.8737729867,148933.75981797808,2.0,0.22666358947753906,0.035936832427978516,False
fig52,kmeans||,100,10000,15,50,50.0,3.0,1.0,bernoulli,8,50,3.0,225888.81519706562,148933.75981797808,2.0,0.09963321685791016,0.07475399971008301,False
fig52,kmeans||,100,10000,15,50,50.0,3.0,1.0,bernoulli,9,51,3.0,220254.9499824315,148933.75981797808,2.0,0.1875779628753662,0.2122969627380371,False
fig52,kmeans||,100,10000,15,50,50.0,3.0,1.0,bernoulli,10,52,3.0,214982.054527468,148933.75981797808,2.0,0.15480852127075195,0.1438159942626953,False
fig52,kmeans||,100,10000,15,50,50.0,4.0,1.0,bernoulli,0,42,4.0,210903.49362580787,148933.75981797808,2.0,0.1643977165222168,0.044001102447509766,False
fig52,kmeans||,100,10000,15,50,50.0,4.0,1.0,bernoulli,1,43,4.0,186351.0180836486,148933.75981797808,2.0,0.1783890724182129,0.1131901741027832,False
fig52,kmeans||,100,10000,15,50,50.0,4.0,1.0,bernoulli,2,44,4.0,210879.37609792384,148933.75981797808,2.0,0.11391854286193848,0.043686866760253906,False
fig52,kmeans||,100,10000,15,50,50.0,4.0,1.0,bernoulli,3,45,4.0,192329.42645800818,148933.75981797805,2.0,0.12581801414489746,0.15798401832580566,False
fig52,kmeans||,100,10000,15,50,50.0,4.0,1.0,bernoulli,4,46,4.0,201260.20728725733,148933.75981797808,2.0,0.11573314666748047,0.13991546630859375,False
fig52,kmeans||,100,10000,15,50,50.0,4.0,1.0,bernoulli,5,47,4.0,201855.49406725826,148933.75981797805,2.0,0.11880970001220703,0.14539647102355957,False
fig52,kmeans||,100,10000,15,50,50.0,4.0,1.0,bernoulli,6,48,4.0,188208.24696763704,148933.75981797808,2.0,0.20097088813781738,0.12421941757202148,False
fig52,kmeans||,100,10000,15,50,50.0,4.0,1.0,bernoulli,7,49,4.0,192522.68414300523,148933.75981797808,2.0,0.27152466773986816,0.2241225242614746,False
fig52,kmeans||,100,10000,15,50,50.0,4.0,1.0,bernoulli,8,50,4.0,200320.56731238562,148933.75981797808,2.0,0.13713693618774414,0.27027440071105957,False
fig52,kmeans||,100,10000,15,50,50.0,4.0,1.0,bernoulli,9,51,4.0,196069.88313885313,148933.75981797808,2.0,0.23788738250732422,0.17364168167114258,False
fig52,kmeans||,100,10000,15,50,50.0,4.0,1.0,bernoulli,10,52,4.0,193062.52854889823,148933.75981797808,2.0,0.12993431091308594,0.15356230735778809,False
fig52,kmeans||,100,10000,15,50,50.0,5.0,1.0,bernoulli,0,42,5.0,190428.04549386728,148933.75981797808,2.0,0.20237207412719727,0.1213521957397461,False
fig52,kmeans||,100,10000,15,50,50.0,5.0,1.0,bernoulli,1,43,5.0,178282.93545937905,148933.75981797808,2.0,0.4394955635070801,0.25263357162475586,False
fig52,kmeans||,100,10000,15,50,50.0,5.0,1.0,bernoulli,2,44,5.0,189883.2369999661,148933.75981797808,2.0,0.10599422454833984,0.12526750564575195,False
fig52,kmeans||,100,10000,15,50,50.0,5.0,1.0,bernoulli,3,45,5.0,178471.39317391443,148933.75981797808,2.0,0.36450862884521484,0.24066424369812012,False
fig52,kmeans||,100,10000,15,50,50.0,5.0,1.0,bernoulli,4,46,5.0,183703.56913340528,148933.75981797808,2.0,0.1146402359008789,0.042636871337890625,False
fig52,kmeans||,100,10000,15,50,50.0,5.0,1.0,bernoulli,5,47,5.0,187496.7864102865,148933.75981797808,2.0,0.11778736114501953,0.11778974533081055,False
fig52,kmeans||,100,10000,15,50,50.0,5.0,1.0,bernoulli,6,48,5.0,178476.6402606611,148933.75981797808,2.0,0.12486934661865234,0.04275703430175781,False
fig52,kmeans||,100,10000,15,50,50.0,5.0,1.0,bernoulli,7,49,5.0,176837.7626819461,148933.75981797808,2.0,0.26839375495910645,0.04161787033081055,False
fig52,kmeans||,100,10000,15,50,50.0,5.0,1.0,bernoulli,8,50,5.0,262141.44175484718,229222.82188802172,19.0,0.12920165061950684,0.9070804119110107,False
fig52,kmeans||,100,10000,15,50,50.0,5.0,1.0,bernoulli,9,51,5.0,270144.3197403053,236460.30575308925,22.0,0.13481712341308594,0.6878960132598877,False
fig52,kmeans||,100,10000,15,50,50.0,5.0,1.0,bernoulli,10,52,5.0,181082.60709807902,148933.75981797808,2.0,0.14729666709899902,0.044386863708496094,False
fig52,kmeans||,100,10000,15,50,50.0,6.0,1.0,bernoulli,0,42,6.0,180621.69592950176,148933.75981797808,2.0,0.46747422218322754,0.20369195938110352,False
fig52,kmeans||,100,10000,15,50,50.0,6.0,1.0,bernoulli,1,43,6.0,170076.3578804658,148933.75981797808,2.0,0.25580716133117676,0.10854029655456543,False
fig52,kmeans||,100,10000,15,50,50.0,6.0,1.0,bernoulli,2,44,6.0,180087.71349218913,148933.75981797808,2.0,0.14246058464050293,0.0685739517211914,False
fig52,kmeans||,100,10000,15,50,50.0,6.0,1.0,bernoulli,3,45,6.0,262330.5159573868,238498.70849261666,9.0,0.20309042930603027,0.41576457023620605,False
fig52,kmeans||,100,10000,15,50,50.0,6.0,1.0,bernoulli,4,46,6.0,174806.0515405689,148933.75981797808,2.0,0.20739316940307617,0.12773799896240234,False
fig52,kmeans||,100,10000,15,50,50.0,6.0,1.0,bernoulli,5,47,6.0,179557.88667640073,148933.75981797808,2.0,0.39803099632263184,0.1616528034210205,False
fig52,kmeans||,100,10000,15,50,50.0,6.0,1.0,bernoulli,6,48,6.0,171216.19027816135,148933.75981797808,2.0,0.15392518043518066,0.09583687782287598,False
fig52,kmeans||,100,10000,15,50,50.0,6.0,1.0,bernoulli,7,49,6.0,171792.71837789958,148933.75981797808,2.0,0.2513587474822998,0.11182665824890137,False
fig52,kmeans||,100,10000,15,50,50.0,6.0,1.0,bernoulli,8,50,6.0,177040.77878110344,148933.75981797808,2.0,0.37369608879089355,0.14269518852233887,False
fig52,kmeans||,100,10000,15,50,50.0,6.0,1.0,bernoulli,9,51,6.0,174339.517146047,148933.75981797808,2.0,0.15658831596374512,0.08800840377807617,False
fig52,kmeans||,100,10000,15,50,50.0,6.0,1.0,bernoulli,10,52,6.0,175989.68732109567,148933.75981797808,2.0,0.20601296424865723,0.16585278511047363,False
fig52,kmeans||,100,10000,15,50,50.0,7.0,1.0,bernoulli,0,42,7.0,172868.61286250775,148933.75981797808,2.0,0.20291543006896973,0.10878944396972656,False
fig52,kmeans||,100,10000,15,50,50.0,7.0,1.0,bernoulli,1,43,7.0,167467.32145629794,148933.75981797808,2.0,0.5067586898803711,0.18773889541625977,False
fig52,kmeans||,100,10000,15,50,50.0,7.0,1.0,bernoulli,2,44,7.0,174261.2160141518,148933.75981797808,2.0,0.3404088020324707,0.1352846622467041,False
fig52,kmeans||,100,10000,15,50,50.0,7.0,1.0,bernoulli,3,45,7.0,167552.62900915722,148933.75981797808,2.0,0.23915481567382812,0.10414600372314453,False
fig52,kmeans||,100,10000,15,50,50.0,7.0,1.0,bernoulli,4,46,7.0,169659.46442471183,148933.75981797808,2.0,0.14405059814453125,0.0735323429107666,False
fig52,kmeans||,100,10000,15,50,50.0,7.0,1.0,bernoulli,5,47,7.0,172036.65775606202,148933.75981797808,2.0,0.280515193939209,0.08010411262512207,False
fig52,kmeans||,100,10000,15,50,50.0,7.0,1.0,bernoulli,6,48,7.0,167904.0470033586,148933.75981797808,2.0,0.30791378021240234,0.03787946701049805,False
fig52,kmeans||,100,10000,15,50,50.0,7.0,1.0,bernoulli,7,49,7.0,168694.44777079966,148933.75981797808,2.0,0.16270232200622559,0.10555624961853027,False
fig52,kmeans||,100,10000,15,50,50.0,7.0,1.0,bernoulli,8,50,7.0,172100.69804602835,148933.75981797808,2.0,0.1788625717163086,0.16787266731262207,False
fig52,kmeans||,100,10000,15,50,50.0,7.0,1.0,bernoulli,9,51,7.0,169899.1339528552,148933.75981797808,2.0,0.19148945808410645,0.10810589790344238,False
fig52,kmeans||,100,10000,15,50,50.0,7.0,1.0,bernoulli,10,52,7.0,169415.65601132417,148933.75981797808,2.0,0.20448684692382812,0.17599797248840332,False
fig52,kmeans||,100,10000,15,50,50.0,8.0,1.0,bernoulli,0,42,8.0,168192.94823756753,148933.75981797808,2.0,0.25178956985473633,0.040130615234375,False
fig52,kmeans||,100,10000,15,50,50.0,8.0,1.0,bernoulli,1,43,8.0,165377.39300931507,148933.75981797808,2.0,0.1845395565032959,0.08690404891967773,False
fig52,kmeans||,100,10000,15,50,50.0,8.0,1.0,bernoulli,2,44,8.0,170863.36700718023,148933.75981797808,2.0,0.27524280548095703,0.2921316623687744,False
fig52,kmeans||,100,10000,15,50,50.0,8.0,1.0,bernoulli,3,45,8.0,245177.28838189947,229281.6006985926,14.0,0.46784377098083496,0.6301791667938232,False
fig52,kmeans||,100,10000,15,50,50.0,8.0,1.0,bernoulli,4,46,8.0,166725.63155420907,148933.75981797808,2.0,0.1813971996307373,0.183302640914917,False
fig52,kmeans||,100,10000,15,50,50.0,8.0,1.0,bernoulli,5,47,8.0,168186.96657619977,148933.75981797808,2.0,0.3114149570465088,0.24002981185913086,False
fig52,kmeans||,100,10000,15,50,50.0,8.0,1.0,bernoulli,6,48,8.0,164995.7535690972,148933.75981797808,2.0,0.48523950576782227,0.13702964782714844,False
fig52,kmeans||,100,10000,15,50,50.0,8.0,1.0,bernoulli,7,49,8.0,165593.83337061515,148933.75981797808,2.0,0.3056042194366455,0.16362547874450684,False
fig52,kmeans||,100,10000,15,50,50.0,8.0,1.0,bernoulli,8,50,8.0,167238.93531562987,148933.75981797808,2.0,0.2987220287322998,0.2087392807006836,False
fig52,kmeans||,100,10000,15,50,50.0,8.0,1.0,bernoulli,9,51,8.0,167038.93035948873,148933.75981797808,2.0,0.20027518272399902,0.1832869052886963,False
fig52,kmeans||,100,10000,15,50,50.0,8.0,1.0,bernoulli,10,52,8.0,164809.7770922496,148933.75981797808,2.0,0.15390300750732422,0.07582926750183105,False
fig52,kmeans||,100,10000,15,50,50.0,9.0,1.0,bernoulli,0,42,9.0,163826.3828255711,148933.75981797808,2.0,0.3973734378814697,0.07834672927856445,False
fig52,kmeans||,100,10000,15,50,50.0,9.0,1.0,bernoulli,1,43,9.0,164237.41372252247,148933.75981797808,2.0,0.4714541435241699,0.05573701858520508,False
fig52,kmeans||,100,10000,15,50,50.0,9.0,1.0,bernoulli,2,44,9.0,166743.15163360332,148933.75981797808,2.0,0.640923261642456,0.17118406295776367,False
fig52,kmeans||,100,10000,15,50,50.0,9.0,1.0,bernoulli,3,45,9.0,162307.0544929473,148933.75981797808,2.0,0.4434514045715332,0.08404970169067383,False
fig52,kmeans||,100,10000,15,50,50.0,9.0,1.0,bernoulli,4,46,9.0,164303.56198684213,148933.75981797808,2.0,0.20202898979187012,0.15540790557861328,False
fig52,kmeans||,100,10000,15,50,50.0,9.0,1.0,bernoulli,5,47,9.0,242357.97540472492,224474.98883020575,6.0,0.3951902389526367,0.23877334594726562,False
fig52,kmeans||,100,10000,15,50,50.0,9.0,1.0,bernoulli,6,48,9.0,162653.7617157848,148933.75981797808,2.0,0.22414350509643555,0.2173295021057129,False
fig52,kmeans||,100,10000,15,50,50.0,9.0,1.0,bernoulli,7,49,9.0,163848.32705231747,148933.75981797808,2.0,0.2867608070373535,0.16081643104553223,False
fig52,kmeans||,100,10000,15,50,50.0,9.0,1.0,bernoulli,8,50,9.0,164873.5655540426,148933.75981797808,2.0,0.3155632019042969,0.12021470069885254,False
fig52,kmeans||,100,10000,15,50,50.0,9.0,1.0,bernoulli,9,51,9.0,163250.15232506255,148933.75981797808,2.0,0.2028791904449463,0.2008659839630127,False
fig52,kmeans||,100,10000,15,50,50.0,9.0,1.0,bernoulli,10,52,9.0,163396.82163177067,148933.75981797808,2.0,0.19129061698913574,0.0470118522644043,False
fig52,kmeans||,100,10000,15,50,50.0,10.0,1.0,bernoulli,0,42,10.0,160980.89897898707,148933.75981797808,2.0,0.3886241912841797,0.04749441146850586,False
fig52,kmeans||,100,10000,15,50,50.0,10.0,1.0,bernoulli,1,43,10.0,161695.59322565474,148933.75981797808,2.0,0.455153226852417,0.04420638084411621,False
fig52,kmeans||,100,10000,15,50,50.0,10.0,1.0,bernoulli,2,44,10.0,164534.94506586355,148933.75981797808,2.0,0.5262172222137451,0.349611759185791,False
fig52,kmeans||,100,10000,15,50,50.0,10.0,1.0,bernoulli,3,45,10.0,160680.55192955578,148933.75981797808,2.0,0.3200821876525879,0.04362607002258301,False
fig52,kmeans||,100,10000,15,50,50.0,10.0,1.0,bernoulli,4,46,10.0,161980.59470160925,148933.75981797808,2.0,0.2669639587402344,0.07663154602050781,False
fig52,kmeans||,100,10000,15,50,50.0,10.0,1.0,bernoulli,5,47,10.0,163384.42756486472,148933.75981797808,2.0,0.19344210624694824,0.07753968238830566,False
fig52,kmeans||,100,10000,15,50,50.0,10.0,1.0,bernoulli,6,48,10.0,161311.63584680948,148933.75981797805,2.0,0.5488278865814209,0.13987421989440918,False
fig52,kmeans||,100,10000,15,50,50.0,10.0,1.0,bernoulli,7,49,10.0,161888.27667139977,148933.75981797808,2.0,0.3071432113647461,0.14476585388183594,False
fig52,kmeans||,100,10000,15,50,50.0,10.0,1.0,bernoulli,8,50,10.0,162801.12644459997,148933.75981797808,2.0,0.39162635803222656,0.046417236328125,False
fig52,kmeans||,100,10000,15,50,50.0,10.0,1.0,bernoulli,9,51,10.0,161611.84226050624,148933.75981797808,2.0,0.6674728393554688,0.06719732284545898,False
fig52,kmeans||,100,10000,15,50,50.0,10.0,1.0,bernoulli,10,52,10.0,161253.08879760953,148933.75981797808,2.0,0.5127012729644775,0.28125882148742676,False
fig52,kmeans||,100,10000,15,50,50.0,11.0,1.0,bernoulli,0,42,11.0,159668.1902049951,148933.75981797808,2.0,0.5357198715209961,0.14296746253967285,False
fig52,kmeans||,100,10000,15,50,50.0,11.0,1.0,bernoulli,1,43,11.0,160186.4666614147,148933.75981797808,2.0,0.28848958015441895,0.0639033317565918,False
fig52,kmeans||,100,10000,15,50,50.0,11.0,1.0,bernoulli,2,44,11.0,163165.7142483742,148933.75981797808,2.0,0.3932054042816162,0.3138926029205322,False
fig52,kmeans||,100,10000,15,50,50.0,11.0,1.0,bernoulli,3,45,11.0,159261.82861660083,148933.75981797808,2.0,0.35967135429382324,0.23601508140563965,False
fig52,kmeans||,100,10000,15,50,50.0,11.0,1.0,bernoulli,4,46,11.0,160671.48786174462,148933.75981797808,2.0,0.4555068016052246,0.12386894226074219,False
fig52,kmeans||,100,10000,15,50,50.0,11.0,1.0,bernoulli,5,47,11.0,160987.72209449357,148933.75981797808,2.0,0.45824623107910156,0.09861207008361816,False
fig52,kmeans||,100,10000,15,50,50.0,11.0,1.0,bernoulli,6,48,11.0,159830.16404206643,148933.75981797808,2.0,0.18468022346496582,0.19517970085144043,False
fig52,kmeans||,100,10000,15,50,50.0,11.0,1.0,bernoulli,7,49,11.0,160410.14839828422,148933.75981797808,2.0,0.663416862487793,0.1398301124572754,False
fig52,kmeans||,100,10000,15,50,50.0,11.0,1.0,bernoulli,8,50,11.0,161148.17791779333,148933.75981797808,2.0,0.38631248474121094,0.12418365478515625,False
fig52,kmeans||,100,10000,15,50,50.0,11.0,1.0,bernoulli,9,51,11.0,160136.48762191806,148933.75981797808,2.0,0.46059155464172363,0.12328791618347168,False
fig52,kmeans||,100,10000,15,50,50.0,11.0,1.0,bernoulli,10,52,11.0,160237.68733193868,148933.75981797808,2.0,0.29070281982421875,0.051355600357055664,False
fig52,kmeans||,100,10000,15,50,50.0,12.0,1.0,bernoulli,0,42,12.0,158690.2501450849,148933.75981797808,2.0,0.3377952575683594,0.0772395133972168,False
fig52,kmeans||,100,10000,15,50,50.0,12.0,1.0,bernoulli,1,43,12.0,159254.96481949434,148933.75981797808,2.0,0.645315408706665,0.08191514015197754,False
fig52,kmeans||,100,10000,15,50,50.0,12.0,1.0,bernoulli,2,44,12.0,160432.87509439106,148933.75981797808,2.0,0.3432598114013672,0.10171151161193848,False
fig52,kmeans||,100,10000,15,50,50.0,12.0,1.0,bernoulli,3,45,12.0,157766.6235717404,148933.75981797805,2.0,0.45508646965026855,0.055818796157836914,False
fig52,kmeans||,100,10000,15,50,50.0,12.0,1.0,bernoulli,4,46,12.0,159231.7736567751,148933.75981797808,2.0,0.5852265357971191,0.13326144218444824,False
fig52,kmeans||,100,10000,15,50,50.0,12.0,1.0,bernoulli,5,47,12.0,159790.26621211722,148933.75981797808,2.0,0.6419227123260498,0.0840299129486084,False
fig52,kmeans||,100,10000,15,50,50.0,12.0,1.0,bernoulli,6,48,12.0,158836.45312281806,148933.75981797808,2.0,0.5897717475891113,0.24795007705688477,False
fig52,kmeans||,100,10000,15,50,50.0,12.0,1.0,bernoulli,7,49,12.0,158950.66230699673,148933.75981797808,2.0,0.22320008277893066,0.08879590034484863,False
fig52,kmeans||,100,10000,15,50,50.0,12.0,1.0,bernoulli,8,50,12.0,159451.99696977367,148933.75981797808,2.0,0.2955629825592041,0.07556033134460449,False
fig52,kmeans||,100,10000,15,50,50.0,12.0,1.0,bernoulli,9,51,12.0,158818.57577048885,148933.75981797808,2.0,0.32277822494506836,0.09976601600646973,False
fig52,kmeans||,100,10000,15,50,50.0,12.0,1.0,bernoulli,10,52,12.0,159031.31510253422,148933.75981797808,2.0,0.22574377059936523,0.2383110523223877,False
fig52,kmeans||,100,10000,15,50,50.0,13.0,1.0,bernoulli,0,42,13.0,157967.28446234556,148933.75981797808,2.0,0.6610391139984131,0.16709446907043457,False
fig52,kmeans||,100,10000,15,50,50.0,13.0,1.0,bernoulli,1,43,13.0,158014.71306714707,148933.75981797808,2.0,0.3042299747467041,0.03991198539733887,False
fig52,kmeans||,100,10000,15,50,50.0,13.0,1.0,bernoulli,2,44,13.0,159311.24028669385,148933.75981797808,2.0,0.37173008918762207,0.1869034767150879,False
fig52,kmeans||,100,10000,15,50,50.0,13.0,1.0,bernoulli,3,45,13.0,157125.57135533003,148933.75981797808,2.0,0.6298604011535645,0.04599618911743164,False
fig52,kmeans||,100,10000,15,50,50.0,13.0,1.0,bernoulli,4,46,13.0,158218.1519923812,148933.75981797808,2.0,0.4081449508666992,0.23472857475280762,False
fig52,kmeans||,100,10000,15,50,50.0,13.0,1.0,bernoulli,5,47,13.0,158378.8929167731,148933.75981797808,2.0,0.2921452522277832,0.17306995391845703,False
fig52,kmeans||,100,10000,15,50,50.0,13.0,1.0,bernoulli,6,48,13.0,157788.32351371864,148933.75981797808,2.0,0.4046812057495117,0.18116378784179688,False
fig52,kmeans||,100,10000,15,50,50.0,13.0,1.0,bernoulli,7,49,13.0,158114.98591797258,148933.75981797808,2.0,0.4216427803039551,0.07318949699401855,False
fig52,kmeans||,100,10000,15,50,50.0,13.0,1.0,bernoulli,8,50,13.0,158508.44063417206,148933.75981797808,2.0,0.26608991622924805,0.2238328456878662,False
fig52,kmeans||,100,10000,15,50,50.0,13.0,1.0,bernoulli,9,51,13.0,157959.31233113864,148933.75981797808,2.0,0.45615220069885254,0.04129672050476074,False
fig52,kmeans||,100,10000,15,50,50.0,13.0,1.0,bernoulli,10,52,13.0,158525.94666443262,148933.75981797808,2.0,0.23356199264526367,0.14511871337890625,False
fig52,kmeans||,100,10000,15,50,50.0,14.0,1.0,bernoulli,0,42,14.0,156895.18708652043,148933.75981797808,2.0,0.42256641387939453,0.14942574501037598,False
fig52,kmeans||,100,10000,15,50,50.0,14.0,1.0,bernoulli,1,43,14.0,156880.57676939582,148933.75981797808,2.0,0.33654212951660156,0.14131879806518555,False
fig52,kmeans||,100,10000,15,50,50.0,14.0,1.0,bernoulli,2,44,14.0,233468.51636844306,224437.14290602028,10.0,0.3558816909790039,0.7303197383880615,False
fig52,kmeans||,100,10000,15,50,50.0,14.0,1.0,bernoulli,3,45,14.0,156497.1532825908,148933.75981797808,2.0,0.31127381324768066,0.04470634460449219,False
fig52,kmeans||,100,10000,15,50,50.0,14.0,1.0,bernoulli,4,46,14.0,157143.41318554996,148933.75981797808,2.0,0.2502164840698242,0.11074185371398926,False
fig52,kmeans||,100,10000,15,50,50.0,14.0,1.0,bernoulli,5,47,14.0,157739.72805418406,148933.75981797808,2.0,0.3467288017272949,0.20442509651184082,False
fig52,kmeans||,100,10000,15,50,50.0,14.0,1.0,bernoulli,6,48,14.0,157090.12357210822,148933.75981797808,2.0,0.35623669624328613,0.08695363998413086,False
fig52,kmeans||,100,10000,15,50,50.0,14.0,1.0,bernoulli,7,49,14.0,157136.9320320445,148933.75981797808,2.0,0.24227428436279297,0.10602855682373047,False
fig52,kmeans||,100,10000,15,50,50.0,14.0,1.0,bernoulli,8,50,14.0,157599.72367112053,148933.75981797808,2.0,0.7778759002685547,0.1809227466583252,False
fig52,kmeans||,100,10000,15,50,50.0,14.0,1.0,bernoulli,9,51,14.0,157346.678841241,148933.75981797808,2.0,0.34597206115722656,0.1501483917236328,False
fig52,kmeans||,100,10000,15,50,50.0,14.0,1.0,bernoulli,10,52,14.0,157921.35789920916,148933.75981797808,2.0,0.3190176486968994,0.16100263595581055,False
fig52,kmeans||,100,10000,15,50,50.0,15.0,1.0,bernoulli,0,42,15.0,156189.05890157458,148933.75981797808,2.0,0.4436178207397461,0.1875748634338379,False
fig52,kmeans||,100,10000,15,50,50.0,15.0,1.0,bernoulli,1,43,15.0,156232.96143680817,148933.75981797808,2.0,0.6879243850708008,0.13572382926940918,False
fig52,kmeans||,100,10000,15,50,50.0,15.0,1.0,bernoulli,2,44,15.0,232817.14535644383,224445.6007907471,8.0,0.34236788749694824,0.10779833793640137,False
fig52,kmeans||,100,10000,15,50,50.0,15.0,1.0,bernoulli,3,45,15.0,155790.1962435799,148933.75981797808,2.0,0.24398255348205566,0.09024429321289062,False
fig52,kmeans||,100,10000,15,50,50.0,15.0,1.0,bernoulli,4,46,15.0,156209.35086186955,148933.75981797808,2.0,0.3981349468231201,0.06458258628845215,False
fig52,kmeans||,100,10000,15,50,50.0,15.0,1.0,bernoulli,5,47,15.0,156822.15273386802,148933.75981797808,2.0,0.3280067443847656,0.06427526473999023,False
fig52,kmeans||,100,10000,15,50,50.0,15.0,1.0,bernoulli,6,48,15.0,156351.55796266787,148933.75981797805,2.0,0.4038257598876953,0.19722342491149902,False
fig52,kmeans||,100,10000,15,50,50.0,15.0,1.0,bernoulli,7,49,15.0,156561.5124182501,148933.75981797808,2.0,0.38835811614990234,0.08199548721313477,False
fig52,kmeans||,100,10000,15,50,50.0,15.0,1.0,bernoulli,8,50,15.0,156956.90549721566,148933.75981797808,2.0,0.33913111686706543,0.040171146392822266,False
fig52,kmeans||,100,10000,15,50,50.0,15.0,1.0,bernoulli,9,51,15.0,156372.29240705015,148933.75981797808,2.0,0.33793210983276367,0.03999948501586914,False
fig52,kmeans||,100,10000,15,50,50.0,15.0,1.0,bernoulli,10,52,15.0,157078.28628623686,148933.75981797808,2.0,0.3370392322540283,0.0913686752319336,False
fig52,kmeans||,100,10000,15,50,100.0,0.0,2.0,bernoulli,0,42,0.0,6222079.361164933,1998876.4711573739,25.0,0.01968216896057129,1.4401297569274902,False
fig52,kmeans||,100,10000,15,50,100.0,0.0,2.0,bernoulli,1,43,0.0,4791064.884761715,1526986.021598239,16.0,0.020620107650756836,0.6459963321685791,False
fig52,kmeans||,100,10000,15,50,100.0,0.0,2.0,bernoulli,2,44,0.0,6752653.629027529,2797911.6301866993,23.0,0.021611690521240234,0.703812837600708,False
fig52,kmeans||,100,10000,15,50,100.0,0.0,2.0,bernoulli,3,45,0.0,5832984.106162388,1598843.210798152,20.0,0.023129701614379883,0.7634942531585693,False
fig52,kmeans||,100,10000,15,50,100.0,0.0,2.0,bernoulli,4,46,0.0,5475746.534677536,1919621.5105661177,18.0,0.01954364776611328,1.0097672939300537,False
fig52,kmeans||,100,10000,15,50,100.0,0.0,2.0,bernoulli,5,47,0.0,4540253.607415702,1862576.570419285,15.0,0.025670528411865234,0.5621128082275391,False
fig52,kmeans||,100,10000,15,50,100.0,0.0,2.0,bernoulli,6,48,0.0,4590878.98937001,1630086.6227761328,25.0,0.022025346755981445,1.0685367584228516,False
fig52,kmeans||,100,10000,15,50,100.0,0.0,2.0,bernoulli,7,49,0.0,6811139.603121443,3149797.162259674,21.0,0.01996159553527832,1.1851646900177002,False
fig52,kmeans||,100,10000,15,50,100.0,0.0,2.0,bernoulli,8,50,0.0,5182115.87274486,2411220.4944892926,16.0,0.019669294357299805,0.7203552722930908,False
fig52,kmeans||,100,10000,15,50,100.0,0.0,2.0,bernoulli,9,51,0.0,5149471.061303224,2506777.076617242,23.0,0.019087791442871094,0.9573898315429688,False
fig52,kmeans||,100,10000,15,50,100.0,0.0,2.0,bernoulli,10,52,0.0,4616171.316308965,1439234.9904643544,17.0,0.02648019790649414,1.000871181488037,False
fig52,kmeans||,100,10000,15,50,100.0,1.0,2.0,bernoulli,0,42,1.0,1992244.626220727,748578.5613503131,21.0,0.06326723098754883,0.3146681785583496,False
fig52,kmeans||,100,10000,15,50,100.0,1.0,2.0,bernoulli,1,43,1.0,1842539.0730694423,778770.4328655172,23.0,0.045774221420288086,0.9583351612091064,False
fig52,kmeans||,100,10000,15,50,100.0,1.0,2.0,bernoulli,2,44,1.0,2990852.878542443,1317684.4957044467,21.0,0.07976222038269043,0.9297628402709961,False
fig52,kmeans||,100,10000,15,50,100.0,1.0,2.0,bernoulli,3,45,1.0,1498302.7990059191,771991.6514997623,13.0,0.08303618431091309,0.2797889709472656,False
fig52,kmeans||,100,10000,15,50,100.0,1.0,2.0,bernoulli,4,46,1.0,3062507.790981791,1186532.356783545,19.0,0.06712007522583008,0.546252965927124,False
fig52,kmeans||,100,10000,15,50,100.0,1.0,2.0,bernoulli,5,47,1.0,2120685.442427572,1027084.4251315026,22.0,0.09577727317810059,1.313781499862671,False
fig52,kmeans||,100,10000,15,50,100.0,1.0,2.0,bernoulli,6,48,1.0,978968.943447308,523143.8729606269,15.0,0.06669735908508301,0.19804167747497559,False
fig52,kmeans||,100,10000,15,50,100.0,1.0,2.0,bernoulli,7,49,1.0,4186631.851620828,1424987.0246636663,13.0,0.09086155891418457,0.21272611618041992,False
fig52,kmeans||,100,10000,15,50,100.0,1.0,2.0,bernoulli,8,50,1.0,2923024.1417907756,1054458.073780889,18.0,0.0677492618560791,0.37744760513305664,False
fig52,kmeans||,100,10000,15,50,100.0,1.0,2.0,bernoulli,9,51,1.0,1627485.2678762292,688205.1375731239,13.0,0.07761669158935547,0.5178217887878418,False
fig52,kmeans||,100,10000,15,50,100.0,1.0,2.0,bernoulli,10,52,1.0,1836299.2581848768,614722.9664443838,22.0,0.06142449378967285,1.0654900074005127,False
fig52,kmeans||,100,10000,15,50,100.0,2.0,2.0,bernoulli,0,42,2.0,219917.46258986738,148933.75981797808,2.0,0.09741020202636719,0.03645610809326172,False
fig52,kmeans||,100,10000,15,50,100.0,2.0,2.0,bernoulli,1,43,2.0,220296.873376243,148933.75981797808,2.0,0.09949612617492676,0.04266190528869629,False
fig52,kmeans||,100,10000,15,50,100.0,2.0,2.0,bernoulli,2,44,2.0,217963.14449801476,148933.75981797808,2.0,0.09244990348815918,0.043457746505737305,False
fig52,kmeans||,100,10000,15,50,100.0,2.0,2.0,bernoulli,3,45,2.0,209448.91977444344,148933.75981797808,2.0,0.1057436466217041,0.06213855743408203,False
fig52,kmeans||,100,10000,15,50,100.0,2.0,2.0,bernoulli,4,46,2.0,215564.31371320834,148933.75981797808,2.0,0.07293987274169922,0.22025156021118164,False
fig52,kmeans||,100,10000,15,50,100.0,2.0,2.0,bernoulli,5,47,2.0,222452.8776522739,148933.75981797805,2.0,0.058829307556152344,0.036309242248535156,False
fig52,kmeans||,100,10000,15,50,100.0,2.0,2.0,bernoulli,6,48,2.0,210346.562414467,148933.75981797808,2.0,0.0972602367401123,0.04492497444152832,False
fig52,kmeans||,100,10000,15,50,100.0,2.0,2.0,bernoulli,7,49,2.0,210610.0143364181,148933.75981797808,2.0,0.10736298561096191,0.21436524391174316,False
fig52,kmeans||,100,10000,15,50,100.0,2.0,2.0,bernoulli,8,50,2.0,217962.93919795367,148933.75981797808,2.0,0.07792830467224121,0.04333376884460449,False
fig52,kmeans||,100,10000,15,50,100.0,2.0,2.0,bernoulli,9,51,2.0,208408.0091014521,148933.75981797808,2.0,0.08181929588317871,0.04291963577270508,False
fig52,kmeans||,100,10000,15,50,100.0,2.0,2.0,bernoulli,10,52,2.0,213206.19721479455,148933.75981797808,2.0,0.08904170989990234,0.043349504470825195,False
fig52,kmeans||,100,10000,15,50,100.0,3.0,2.0,bernoulli,0,42,3.0,182523.9921598993,148933.75981797808,2.0,0.14336800575256348,0.20770597457885742,False
fig52,kmeans||,100,10000,15,50,100.0,3.0,2.0,bernoulli,1,43,3.0,180621.5496139673,148933.75981797808,2.0,0.16933369636535645,0.2712259292602539,False
fig52,kmeans||,100,10000,15,50,100.0,3.0,2.0,bernoulli,2,44,3.0,186162.83683144537,148933.75981797808,2.0,0.08773303031921387,0.08006644248962402,False
fig52,kmeans||,100,10000,15,50,100.0,3.0,2.0,bernoulli,3,45,3.0,175157.1281378365,148933.75981797805,2.0,0.14726710319519043,0.04249095916748047,False
fig52,kmeans||,100,10000,15,50,100.0,3.0,2.0,bernoulli,4,46,3.0,175232.18382332838,148933.75981797805,2.0,0.11108875274658203,0.04051041603088379,False
fig52,kmeans||,100,10000,15,50,100.0,3.0,2.0,bernoulli,5,47,3.0,188896.7036588278,148933.75981797808,2.0,0.10894250869750977,0.04385018348693848,False
fig52,kmeans||,100,10000,15,50,100.0,3.0,2.0,bernoulli,6,48,3.0,181177.80036365936,148933.75981797808,2.0,0.11941266059875488,0.1643669605255127,False
fig52,kmeans||,100,10000,15,50,100.0,3.0,2.0,bernoulli,7,49,3.0,263795.11993427505,229593.19986308858,8.0,0.08715987205505371,0.5494606494903564,False
fig52,kmeans||,100,10000,15,50,100.0,3.0,2.0,bernoulli,8,50,3.0,180857.54687726847,148933.75981797808,2.0,0.11546659469604492,0.1720719337463379,False
fig52,kmeans||,100,10000,15,50,100.0,3.0,2.0,bernoulli,9,51,3.0,176897.00805710073,148933.75981797808,2.0,0.12457036972045898,0.17907309532165527,False
fig52,kmeans||,100,10000,15,50,100.0,3.0,2.0,bernoulli,10,52,3.0,178646.0656619952,148933.75981797808,2.0,0.18476057052612305,0.12135887145996094,False
fig52,kmeans||,100,10000,15,50,100.0,4.0,2.0,bernoulli,0,42,4.0,171200.3168976956,148933.75981797808,2.0,0.1269211769104004,0.03749847412109375,False
fig52,kmeans||,100,10000,15,50,100.0,4.0,2.0,bernoulli,1,43,4.0,168102.2343985739,148933.75981797808,2.0,0.13883185386657715,0.036782264709472656,False
fig52,kmeans||,100,10000,15,50,100.0,4.0,2.0,bernoulli,2,44,4.0,172225.77983691663,148933.75981797808,2.0,0.09514665603637695,0.14112591743469238,False
fig52,kmeans||,100,10000,15,50,100.0,4.0,2.0,bernoulli,3,45,4.0,167489.77196007743,148933.75981797808,2.0,0.19398927688598633,0.1856677532196045,False
fig52,kmeans||,100,10000,15,50,100.0,4.0,2.0,bernoulli,4,46,4.0,166093.31691023748,148933.75981797808,2.0,0.13830232620239258,0.03817343711853027,False
fig52,kmeans||,100,10000,15,50,100.0,4.0,2.0,bernoulli,5,47,4.0,172392.4786342285,148933.75981797805,2.0,0.16318154335021973,0.12858128547668457,False
fig52,kmeans||,100,10000,15,50,100.0,4.0,2.0,bernoulli,6,48,4.0,169644.54158851568,148933.75981797805,2.0,0.14351344108581543,0.10093951225280762,False
fig52,kmeans||,100,10000,15,50,100.0,4.0,2.0,bernoulli,7,49,4.0,167545.0860696102,148933.75981797808,2.0,0.15530109405517578,0.12041187286376953,False
fig52,kmeans||,100,10000,15,50,100.0,4.0,2.0,bernoulli,8,50,4.0,171684.80905027338,148933.75981797808,2.0,0.1260967254638672,0.1177220344543457,False
fig52,kmeans||,100,10000,15,50,100.0,4.0,2.0,bernoulli,9,51,4.0,168112.64390809674,148933.75981797808,2.0,0.11561870574951172,0.04334878921508789,False
fig52,kmeans||,100,10000,15,50,100.0,4.0,2.0,bernoulli,10,52,4.0,167123.92709595233,148933.75981797808,2.0,0.13116145133972168,0.15837645530700684,False
fig52,kmeans||,100,10000,15,50,100.0,5.0,2.0,bernoulli,0,42,5.0,164499.94647890033,148933.75981797808,2.0,0.20699858665466309,0.1672804355621338,False
fig52,kmeans||,100,10000,15,50,100.0,5.0,2.0,bernoulli,1,43,5.0,163717.97591186,148933.75981797808,2.0,0.1310410499572754,0.10014939308166504,False
fig52,kmeans||,100,10000,15,50,100.0,5.0,2.0,bernoulli,2,44,5.0,165365.042285189,148933.75981797808,2.0,0.16406488418579102,0.07543182373046875,False
fig52,kmeans||,100,10000,15,50,100.0,5.0,2.0,bernoulli,3,45,5.0,162131.6184406493,148933.75981797808,2.0,0.17388129234313965,0.13778972625732422,False
fig52,kmeans||,100,10000,15,50,100.0,5.0,2.0,bernoulli,4,46,5.0,161439.8503026491,148933.75981797808,2.0,0.16169261932373047,0.24585318565368652,False
fig52,kmeans||,100,10000,15,50,100.0,5.0,2.0,bernoulli,5,47,5.0,166226.34287508545,148933.75981797808,2.0,0.14339470863342285,0.17360424995422363,False
fig52,kmeans||,100,10000,15,50,100.0,5.0,2.0,bernoulli,6,48,5.0,163419.51376039066,148933.75981797808,2.0,0.1477491855621338,0.1439681053161621,False
fig52,kmeans||,100,10000,15,50,100.0,5.0,2.0,bernoulli,7,49,5.0,161347.01310175212,148933.75981797808,2.0,0.17795348167419434,0.036466121673583984,False
fig52,kmeans||,100,10000,15,50,100.0,5.0,2.0,bernoulli,8,50,5.0,163630.86904753183,148933.75981797808,2.0,0.23636770248413086,0.04300546646118164,False
fig52,kmeans||,100,10000,15,50,100.0,5.0,2.0,bernoulli,9,51,5.0,243319.65194984962,229291.67139153264,22.0,0.1498548984527588,0.7571001052856445,False
fig52,kmeans||,100,10000,15,50,100.0,5.0,2.0,bernoulli,10,52,5.0,237521.75962843283,224492.31838004984,13.0,0.22728872299194336,0.658299446105957,False
fig52,kmeans||,100,10000,15,50,100.0,6.0,2.0,bernoulli,0,42,6.0,161138.34680521197,148933.75981797808,2.0,0.19616317749023438,0.042505502700805664,False
fig52,kmeans||,100,10000,15,50,100.0,6.0,2.0,bernoulli,1,43,6.0,160206.55561030793,148933.75981797808,2.0,0.15091919898986816,0.04216408729553223,False
fig52,kmeans||,100,10000,15,50,100.0,6.0,2.0,bernoulli,2,44,6.0,161549.3732919704,148933.75981797808,2.0,0.1466538906097412,0.06311488151550293,False
fig52,kmeans||,100,10000,15,50,100.0,6.0,2.0,bernoulli,3,45,6.0,159539.97815856122,148933.75981797808,2.0,0.2379150390625,0.13981962203979492,False
fig52,kmeans||,100,10000,15,50,100.0,6.0,2.0,bernoulli,4,46,6.0,159050.2914665342,148933.75981797805,2.0,0.2113661766052246,0.10413336753845215,False
fig52,kmeans||,100,10000,15,50,100.0,6.0,2.0,bernoulli,5,47,6.0,161557.58311439777,148933.75981797808,2.0,0.19945430755615234,0.19579458236694336,False
fig52,kmeans||,100,10000,15,50,100.0,6.0,2.0,bernoulli,6,48,6.0,159499.97504640903,148933.75981797808,2.0,0.2202916145324707,0.1762709617614746,False
fig52,kmeans||,100,10000,15,50,100.0,6.0,2.0,bernoulli,7,49,6.0,239298.65852325043,229280.64687915676,14.0,0.2072620391845703,0.6481316089630127,False
fig52,kmeans||,100,10000,15,50,100.0,6.0,2.0,bernoulli,8,50,6.0,161197.9665422593,148933.75981797808,2.0,0.20510053634643555,0.11179113388061523,False
fig52,kmeans||,100,10000,15,50,100.0,6.0,2.0,bernoulli,9,51,6.0,158988.27731926666,148933.75981797808,2.0,0.14698553085327148,0.2081446647644043,False
fig52,kmeans||,100,10000,15,50,100.0,6.0,2.0,bernoulli,10,52,6.0,158636.15263704717,148933.75981797808,2.0,0.1955268383026123,0.044753313064575195,False
fig52,kmeans||,100,10000,15,50,100.0,7.0,2.0,bernoulli,0,42,7.0,158149.23179874328,148933.75981797808,2.0,0.16756677627563477,0.054943084716796875,False
fig52,kmeans||,100,10000,15,50,100.0,7.0,2.0,bernoulli,1,43,7.0,157915.91447035948,148933.75981797808,2.0,0.2680857181549072,0.1159355640411377,False
fig52,kmeans||,100,10000,15,50,100.0,7.0,2.0,bernoulli,2,44,7.0,158786.14253322687,148933.75981797808,2.0,0.2287454605102539,0.23546886444091797,False
fig52,kmeans||,100,10000,15,50,100.0,7.0,2.0,bernoulli,3,45,7.0,156777.16196511185,148933.75981797808,2.0,0.23937416076660156,0.14412450790405273,False
fig52,kmeans||,100,10000,15,50,100.0,7.0,2.0,bernoulli,4,46,7.0,156882.10164214752,148933.75981797808,2.0,0.18731689453125,0.04346823692321777,False
fig52,kmeans||,100,10000,15,50,100.0,7.0,2.0,bernoulli,5,47,7.0,158229.41733375163,148933.75981797808,2.0,0.23497796058654785,0.10283231735229492,False
fig52,kmeans||,100,10000,15,50,100.0,7.0,2.0,bernoulli,6,48,7.0,157121.79429766885,148933.75981797808,2.0,0.14361286163330078,0.11200475692749023,False
fig52,kmeans||,100,10000,15,50,100.0,7.0,2.0,bernoulli,7,49,7.0,157303.74350420345,148933.75981797808,2.0,0.24722695350646973,0.28778958320617676,False
fig52,kmeans||,100,10000,15,50,100.0,7.0,2.0,bernoulli,8,50,7.0,158459.58426296242,148933.75981797808,2.0,0.23584508895874023,0.11667561531066895,False
fig52,kmeans||,100,10000,15,50,100.0,7.0,2.0,bernoulli,9,51,7.0,157470.61051430268,148933.75981797808,2.0,0.23916292190551758,0.059688568115234375,False
fig52,kmeans||,100,10000,15,50,100.0,7.0,2.0,bernoulli,10,52,7.0,157147.1703615998,148933.75981797808,2.0,0.1670987606048584,0.03644967079162598,False
fig52,kmeans||,100,10000,15,50,100.0,8.0,2.0,bernoulli,0,42,8.0,156606.26780905586,148933.75981797808,2.0,0.26822590827941895,0.07448911666870117,False
fig52,kmeans||,100,10000,15,50,100.0,8.0,2.0,bernoulli,1,43,8.0,156181.13489011716,148933.75981797808,2.0,0.15864062309265137,0.03520655632019043,False
fig52,kmeans||,100,10000,15,50,100.0,8.0,2.0,bernoulli,2,44,8.0,156799.75150071696,148933.75981797808,2.0,0.17534518241882324,0.04006600379943848,False
fig52,kmeans||,100,10000,15,50,100.0,8.0,2.0,bernoulli,3,45,8.0,155410.63021705754,148933.75981797808,2.0,0.20946836471557617,0.13199806213378906,False
fig52,kmeans||,100,10000,15,50,100.0,8.0,2.0,bernoulli,4,46,8.0,155921.3950793636,148933.75981797808,2.0,0.2781369686126709,0.037322282791137695,False
fig52,kmeans||,100,10000,15,50,100.0,8.0,2.0,bernoulli,5,47,8.0,156856.76676285075,148933.75981797808,2.0,0.27347683906555176,0.1383674144744873,False
fig52,kmeans||,100,10000,15,50,100.0,8.0,2.0,bernoulli,6,48,8.0,155735.1574948344,148933.75981797808,2.0,0.14722824096679688,0.11646485328674316,False
fig52,kmeans||,100,10000,15,50,100.0,8.0,2.0,bernoulli,7,49,8.0,155765.77794893715,148933.75981797808,2.0,0.2805192470550537,0.15980172157287598,False
fig52,kmeans||,100,10000,15,50,100.0,8.0,2.0,bernoulli,8,50,8.0,156764.51765936127,148933.75981797808,2.0,0.2952873706817627,0.07270216941833496,False
fig52,kmeans||,100,10000,15,50,100.0,8.0,2.0,bernoulli,9,51,8.0,156505.36683468675,148933.75981797808,2.0,0.27153563499450684,0.1681973934173584,False
fig52,kmeans||,100,10000,15,50,100.0,8.0,2.0,bernoulli,10,52,8.0,155571.4511952214,148933.75981797808,2.0,0.25797057151794434,0.3004131317138672,False
fig52,kmeans||,100,10000,15,50,100.0,9.0,2.0,bernoulli,0,42,9.0,155578.67043133065,148933.75981797808,2.0,0.24151921272277832,0.06680631637573242,False
fig52,kmeans||,100,10000,15,50,100.0,9.0,2.0,bernoulli,1,43,9.0,155258.58600458584,148933.75981797808,2.0,0.1628885269165039,0.03656578063964844,False
fig52,kmeans||,100,10000,15,50,100.0,9.0,2.0,bernoulli,2,44,9.0,155335.16742859155,148933.75981797808,2.0,0.38620829582214355,0.07136392593383789,False
fig52,kmeans||,100,10000,15,50,100.0,9.0,2.0,bernoulli,3,45,9.0,154382.58705659118,148933.75981797808,2.0,0.26224541664123535,0.14921069145202637,False
fig52,kmeans||,100,10000,15,50,100.0,9.0,2.0,bernoulli,4,46,9.0,230659.61207023216,224462.34643742247,11.0,0.2713794708251953,0.32454609870910645,False
fig52,kmeans||,100,10000,15,50,100.0,9.0,2.0,bernoulli,5,47,9.0,155861.71787525833,148933.75981797808,2.0,0.26468372344970703,0.15180301666259766,False
fig52,kmeans||,100,10000,15,50,100.0,9.0,2.0,bernoulli,6,48,9.0,154723.2696923847,148933.75981797808,2.0,0.24852561950683594,0.173537015914917,False
fig52,kmeans||,100,10000,15,50,100.0,9.0,2.0,bernoulli,7,49,9.0,154821.19073220072,148933.75981797808,2.0,0.2511119842529297,0.2893867492675781,False
fig52,kmeans||,100,10000,15,50,100.0,9.0,2.0,bernoulli,8,50,9.0,155766.42899990862,148933.75981797808,2.0,0.17540812492370605,0.13979601860046387,False
fig52,kmeans||,100,10000,15,50,100.0,9.0,2.0,bernoulli,9,51,9.0,155400.84381715528,148933.75981797808,2.0,0.2588682174682617,0.12830400466918945,False
fig52,kmeans||,100,10000,15,50,100.0,9.0,2.0,bernoulli,10,52,9.0,154872.34088930715,148933.75981797808,2.0,0.2609262466430664,0.15189814567565918,False
fig52,kmeans||,100,10000,15,50,100.0,10.0,2.0,bernoulli,0,42,10.0,154450.0426194669,148933.75981797808,2.0,0.26977038383483887,0.03943347930908203,False
fig52,kmeans||,100,10000,15,50,100.0,10.0,2.0,bernoulli,1,43,10.0,154252.01283393585,148933.75981797808,2.0,0.18066763877868652,0.037271738052368164,False
fig52,kmeans||,100,10000,15,50,100.0,10.0,2.0,bernoulli,2,44,10.0,154420.5692135838,148933.75981797808,2.0,0.1770792007446289,0.08739781379699707,False
fig52,kmeans||,100,10000,15,50,100.0,10.0,2.0,bernoulli,3,45,10.0,153690.64177680243,148933.75981797808,2.0,0.18777847290039062,0.035411834716796875,False
fig52,kmeans||,100,10000,15,50,100.0,10.0,2.0,bernoulli,4,46,10.0,154289.65209342795,148933.75981797808,2.0,0.1976943016052246,0.03617072105407715,False
fig52,kmeans||,100,10000,15,50,100.0,10.0,2.0,bernoulli,5,47,10.0,154646.73466084021,148933.75981797808,2.0,0.18446874618530273,0.0361478328704834,False
fig52,kmeans||,100,10000,15,50,100.0,10.0,2.0,bernoulli,6,48,10.0,154177.37089568464,148933.75981797808,2.0,0.18256473541259766,0.036535024642944336,False
fig52,kmeans||,100,10000,15,50,100.0,10.0,2.0,bernoulli,7,49,10.0,153903.1769202719,148933.75981797808,2.0,0.18587803840637207,0.03604888916015625,False
fig52,kmeans||,100,10000,15,50,100.0,10.0,2.0,bernoulli,8,50,10.0,154630.28409644892,148933.75981797808,2.0,0.18265604972839355,0.03722214698791504,False
fig52,kmeans||,100,10000,15,50,100.0,10.0,2.0,bernoulli,9,51,10.0,154429.3511613577,148933.75981797808,2.0,0.19878268241882324,0.03748893737792969,False
fig52,kmeans||,100,10000,15,50,100.0,10.0,2.0,bernoulli,10,52,10.0,153690.4147532563,148933.75981797808,2.0,0.3326528072357178,0.22995662689208984,False
fig52,kmeans||,100,10000,15,50,100.0,11.0,2.0,bernoulli,0,42,11.0,153627.01350215953,148933.75981797808,2.0,0.2794985771179199,0.06342315673828125,False
fig52,kmeans||,100,10000,15,50,100.0,11.0,2.0,bernoulli,1,43,11.0,153401.72739853238,148933.75981797808,2.0,0.26720476150512695,0.1802520751953125,False
fig52,kmeans||,100,10000,15,50,100.0,11.0,2.0,bernoulli,2,44,11.0,153801.3665724408,148933.75981797808,2.0,0.22475814819335938,0.13088631629943848,False
fig52,kmeans||,100,10000,15,50,100.0,11.0,2.0,bernoulli,3,45,11.0,153189.39906413422,148933.75981797808,2.0,0.18956708908081055,0.0593564510345459,False
fig52,kmeans||,100,10000,15,50,100.0,11.0,2.0,bernoulli,4,46,11.0,153665.21252841823,148933.75981797808,2.0,0.2668721675872803,0.13744568824768066,False
fig52,kmeans||,100,10000,15,50,100.0,11.0,2.0,bernoulli,5,47,11.0,153523.04828227017,148933.75981797808,2.0,0.28246521949768066,0.06852102279663086,False
fig52,kmeans||,100,10000,15,50,100.0,11.0,2.0,bernoulli,6,48,11.0,153367.27124218945,148933.75981797808,2.0,0.29867053031921387,0.12078499794006348,False
fig52,kmeans||,100,10000,15,50,100.0,11.0,2.0,bernoulli,7,49,11.0,153341.67301167824,148933.75981797808,2.0,0.21103215217590332,0.16020894050598145,False
fig52,kmeans||,100,10000,15,50,100.0,11.0,2.0,bernoulli,8,50,11.0,154008.3173245561,148933.75981797808,2.0,0.2817211151123047,0.12930083274841309,False
fig52,kmeans||,100,10000,15,50,100.0,11.0,2.0,bernoulli,9,51,11.0,153687.71152470759,148933.75981797808,2.0,0.20951437950134277,0.11773085594177246,False
fig52,kmeans||,100,10000,15,50,100.0,11.0,2.0,bernoulli,10,52,11.0,153235.3333944777,148933.75981797808,2.0,0.18643569946289062,0.03657817840576172,False
fig52,kmeans||,100,10000,15,50,100.0,12.0,2.0,bernoulli,0,42,12.0,152972.50110673302,148933.75981797808,2.0,0.20703625679016113,0.03659868240356445,False
fig52,kmeans||,100,10000,15,50,100.0,12.0,2.0,bernoulli,1,43,12.0,152774.67469957366,148933.75981797808,2.0,0.20998811721801758,0.037665367126464844,False
fig52,kmeans||,100,10000,15,50,100.0,12.0,2.0,bernoulli,2,44,12.0,153044.86446760243,148933.75981797808,2.0,0.2903621196746826,0.037600040435791016,False
fig52,kmeans||,100,10000,15,50,100.0,12.0,2.0,bernoulli,3,45,12.0,152578.1937828498,148933.75981797808,2.0,0.2343606948852539,0.06981992721557617,False
fig52,kmeans||,100,10000,15,50,100.0,12.0,2.0,bernoulli,4,46,12.0,153051.71705614091,148933.75981797808,2.0,0.19968843460083008,0.037085771560668945,False
fig52,kmeans||,100,10000,15,50,100.0,12.0,2.0,bernoulli,5,47,12.0,153105.42679322147,148933.75981797808,2.0,0.19772887229919434,0.07227516174316406,False
fig52,kmeans||,100,10000,15,50,100.0,12.0,2.0,bernoulli,6,48,12.0,152936.24514968018,148933.75981797808,2.0,0.21785330772399902,0.06878471374511719,False
fig52,kmeans||,100,10000,15,50,100.0,12.0,2.0,bernoulli,7,49,12.0,152933.6128934261,148933.75981797808,2.0,0.2009575366973877,0.22022724151611328,False
fig52,kmeans||,100,10000,15,50,100.0,12.0,2.0,bernoulli,8,50,12.0,153253.12915617003,148933.75981797808,2.0,0.19631242752075195,0.03646397590637207,False
fig52,kmeans||,100,10000,15,50,100.0,12.0,2.0,bernoulli,9,51,12.0,153333.74990348084,148933.75981797805,2.0,0.20460295677185059,0.18763065338134766,False
fig52,kmeans||,100,10000,15,50,100.0,12.0,2.0,bernoulli,10,52,12.0,152918.5424445157,148933.75981797808,2.0,0.29885077476501465,0.15184664726257324,False
fig52,kmeans||,100,10000,15,50,100.0,13.0,2.0,bernoulli,0,42,13.0,152597.27785096754,148933.75981797808,2.0,0.28100156784057617,0.11247682571411133,False
fig52,kmeans||,100,10000,15,50,100.0,13.0,2.0,bernoulli,1,43,13.0,152207.97020142758,148933.75981797808,2.0,0.3234279155731201,0.13635683059692383,False
fig52,kmeans||,100,10000,15,50,100.0,13.0,2.0,bernoulli,2,44,13.0,152834.5515531103,148933.75981797808,2.0,0.361600399017334,0.26540350914001465,False
fig52,kmeans||,100,10000,15,50,100.0,13.0,2.0,bernoulli,3,45,13.0,152281.9348611313,148933.75981797808,2.0,0.3229649066925049,0.20342612266540527,False
fig52,kmeans||,100,10000,15,50,100.0,13.0,2.0,bernoulli,4,46,13.0,152708.00712981395,148933.75981797808,2.0,0.35778117179870605,0.22715377807617188,False
fig52,kmeans||,100,10000,15,50,100.0,13.0,2.0,bernoulli,5,47,13.0,228087.71318442337,224446.90777065043,8.0,0.21049046516418457,0.39377427101135254,False
fig52,kmeans||,100,10000,15,50,100.0,13.0,2.0,bernoulli,6,48,13.0,152647.7854518449,148933.75981797808,2.0,0.25093865394592285,0.09630537033081055,False
fig52,kmeans||,100,10000,15,50,100.0,13.0,2.0,bernoulli,7,49,13.0,152615.39417073978,148933.75981797805,2.0,0.38358259201049805,0.07965874671936035,False
fig52,kmeans||,100,10000,15,50,100.0,13.0,2.0,bernoulli,8,50,13.0,243509.69513584668,239622.97437530564,9.0,0.4014620780944824,0.16138434410095215,False
fig52,kmeans||,100,10000,15,50,100.0,13.0,2.0,bernoulli,9,51,13.0,152957.84899321938,148933.75981797808,2.0,0.350705623626709,0.11873626708984375,False
fig52,kmeans||,100,10000,15,50,100.0,13.0,2.0,bernoulli,10,52,13.0,152527.6395395032,148933.75981797808,2.0,0.2672429084777832,0.12135744094848633,False
fig52,kmeans||,100,10000,15,50,100.0,14.0,2.0,bernoulli,0,42,14.0,152342.23559501293,148933.75981797808,2.0,0.23630809783935547,0.07595181465148926,False
fig52,kmeans||,100,10000,15,50,100.0,14.0,2.0,bernoulli,1,43,14.0,151942.64811363022,148933.75981797808,2.0,0.36307501792907715,0.1835315227508545,False
fig52,kmeans||,100,10000,15,50,100.0,14.0,2.0,bernoulli,2,44,14.0,152359.60966493574,148933.75981797808,2.0,0.39481544494628906,0.1501905918121338,False
fig52,kmeans||,100,10000,15,50,100.0,14.0,2.0,bernoulli,3,45,14.0,152058.6409572984,148933.75981797808,2.0,0.27123522758483887,0.15550470352172852,False
fig52,kmeans||,100,10000,15,50,100.0,14.0,2.0,bernoulli,4,46,14.0,152158.5039244442,148933.75981797808,2.0,0.348189115524292,0.08442187309265137,False
fig52,kmeans||,100,10000,15,50,100.0,14.0,2.0,bernoulli,5,47,14.0,152359.46999339765,148933.75981797808,2.0,0.32902026176452637,0.14800119400024414,False
fig52,kmeans||,100,10000,15,50,100.0,14.0,2.0,bernoulli,6,48,14.0,152253.25690921268,148933.75981797808,2.0,0.3495926856994629,0.08982706069946289,False
fig52,kmeans||,100,10000,15,50,100.0,14.0,2.0,bernoulli,7,49,14.0,152207.2678761508,148933.75981797808,2.0,0.31859350204467773,0.19322705268859863,False
fig52,kmeans||,100,10000,15,50,100.0,14.0,2.0,bernoulli,8,50,14.0,152381.67797150282,148933.75981797808,2.0,0.363131046295166,0.1924428939819336,False
fig52,kmeans||,100,10000,15,50,100.0,14.0,2.0,bernoulli,9,51,14.0,152536.6019040145,148933.75981797808,2.0,0.30786561965942383,0.2676076889038086,False
fig52,kmeans||,100,10000,15,50,100.0,14.0,2.0,bernoulli,10,52,14.0,152242.4040014263,148933.75981797808,2.0,0.4018523693084717,0.11360621452331543,False
fig52,kmeans||,100,10000,15,50,100.0,15.0,2.0,bernoulli,0,42,15.0,152010.23760050564,148933.75981797808,2.0,0.2522926330566406,0.03637266159057617,False
fig52,kmeans||,100,10000,15,50,100.0,15.0,2.0,bernoulli,1,43,15.0,151686.58369786892,148933.75981797808,2.0,0.2665889263153076,0.035929203033447266,False
fig52,kmeans||,100,10000,15,50,100.0,15.0,2.0,bernoulli,2,44,15.0,152113.61221106688,148933.75981797808,2.0,0.23796606063842773,0.03650474548339844,False
fig52,kmeans||,100,10000,15,50,100.0,15.0,2.0,bernoulli,3,45,15.0,151692.00816256998,148933.75981797808,2.0,0.2550320625305176,0.036432743072509766,False
fig52,kmeans||,100,10000,15,50,100.0,15.0,2.0,bernoulli,4,46,15.0,151831.95487006547,148933.75981797808,2.0,0.2574586868286133,0.03668522834777832,False
fig52,kmeans||,100,10000,15,50,100.0,15.0,2.0,bernoulli,5,47,15.0,152076.58265123222,148933.75981797808,2.0,0.2676246166229248,0.141402006149292,False
fig52,kmeans||,100,10000,15,50,100.0,15.0,2.0,bernoulli,6,48,15.0,151846.59968515715,148933.75981797808,2.0,0.2974405288696289,0.03730964660644531,False
fig52,kmeans||,100,10000,15,50,100.0,15.0,2.0,bernoulli,7,49,15.0,152042.8712002007,148933.75981797808,2.0,0.26774144172668457,0.170820951461792,False
fig52,kmeans||,100,10000,15,50,100.0,15.0,2.0,bernoulli,8,50,15.0,152105.1432103179,148933.75981797808,2.0,0.24629735946655273,0.11662077903747559,False
fig52,kmeans||,100,10000,15,50,100.0,15.0,2.0,bernoulli,9,51,15.0,152121.68996602032,148933.75981797808,2.0,0.35111403465270996,0.0490725040435791,False
fig52,kmeans||,100,10000,15,50,100.0,15.0,2.0,bernoulli,10,52,15.0,151919.8096587757,148933.75981797808,2.0,0.25615859031677246,0.16880226135253906,False
fig52,kmeans||,100,10000,15,50,500.0,0.0,10.0,bernoulli,0,42,0.0,6222079.361164933,1998876.4711573739,25.0,0.030545949935913086,0.9127557277679443,False
fig52,kmeans||,100,10000,15,50,500.0,0.0,10.0,bernoulli,1,43,0.0,4791064.884761715,1526986.021598239,16.0,0.020853757858276367,0.7545521259307861,False
fig52,kmeans||,100,10000,15,50,500.0,0.0,10.0,bernoulli,2,44,0.0,6752653.629027529,2797911.6301866993,23.0,0.020531892776489258,1.0703582763671875,False
fig52,kmeans||,100,10000,15,50,500.0,0.0,10.0,bernoulli,3,45,0.0,5832984.106162388,1598843.210798152,20.0,0.019711732864379883,0.8934550285339355,False
fig52,kmeans||,100,10000,15,50,500.0,0.0,10.0,bernoulli,4,46,0.0,5475746.534677536,1919621.5105661177,18.0,0.020818710327148438,1.3591539859771729,False
fig52,kmeans||,100,10000,15,50,500.0,0.0,10.0,bernoulli,5,47,0.0,4540253.607415702,1862576.570419285,15.0,0.02057337760925293,0.27570390701293945,False
fig52,kmeans||,100,10000,15,50,500.0,0.0,10.0,bernoulli,6,48,0.0,4590878.98937001,1630086.6227761328,25.0,0.020465612411499023,0.623187780380249,False
fig52,kmeans||,100,10000,15,50,500.0,0.0,10.0,bernoulli,7,49,0.0,6811139.603121443,3149797.162259674,21.0,0.020840883255004883,0.9417531490325928,False
fig52,kmeans||,100,10000,15,50,500.0,0.0,10.0,bernoulli,8,50,0.0,5182115.87274486,2411220.4944892926,16.0,0.022159814834594727,1.2189931869506836,False
fig52,kmeans||,100,10000,15,50,500.0,0.0,10.0,bernoulli,9,51,0.0,5149471.061303224,2506777.076617242,23.0,0.024076223373413086,1.32197904586792,False
fig52,kmeans||,100,10000,15,50,500.0,0.0,10.0,bernoulli,10,52,0.0,4616171.316308965,1439234.9904643544,17.0,0.020450592041015625,0.3282153606414795,False
fig52,kmeans||,100,10000,15,50,500.0,1.0,10.0,bernoulli,0,42,1.0,165237.1037468214,148933.75981797808,2.0,0.15565848350524902,0.13586139678955078,False
fig52,kmeans||,100,10000,15,50,500.0,1.0,10.0,bernoulli,1,43,1.0,166899.63250563966,148933.75981797808,2.0,0.14227843284606934,0.1538558006286621,False
fig52,kmeans||,100,10000,15,50,500.0,1.0,10.0,bernoulli,2,44,1.0,168051.1874433562,148933.75981797808,2.0,0.16632914543151855,0.07453036308288574,False
fig52,kmeans||,100,10000,15,50,500.0,1.0,10.0,bernoulli,3,45,1.0,171908.49565750605,148933.75981797808,2.0,0.17665529251098633,0.11495447158813477,False
fig52,kmeans||,100,10000,15,50,500.0,1.0,10.0,bernoulli,4,46,1.0,169910.19977980302,148933.75981797808,2.0,0.13537979125976562,0.11685419082641602,False
fig52,kmeans||,100,10000,15,50,500.0,1.0,10.0,bernoulli,5,47,1.0,246138.23594717795,227486.16544678554,12.0,0.15786314010620117,0.4150416851043701,False
fig52,kmeans||,100,10000,15,50,500.0,1.0,10.0,bernoulli,6,48,1.0,170508.0631341105,148933.75981797808,2.0,0.17038774490356445,0.0698699951171875,False
fig52,kmeans||,100,10000,15,50,500.0,1.0,10.0,bernoulli,7,49,1.0,171558.3466462322,148933.75981797808,2.0,0.12034082412719727,0.07861733436584473,False
fig52,kmeans||,100,10000,15,50,500.0,1.0,10.0,bernoulli,8,50,1.0,176769.59596867248,148933.75981797808,2.0,0.0851583480834961,0.16016197204589844,False
fig52,kmeans||,100,10000,15,50,500.0,1.0,10.0,bernoulli,9,51,1.0,169874.93805745058,148933.75981797808,2.0,0.14333653450012207,0.10878229141235352,False
fig52,kmeans||,100,10000,15,50,500.0,1.0,10.0,bernoulli,10,52,1.0,243739.47107778254,227505.05355216083,11.0,0.10019612312316895,0.5467221736907959,False
fig52,kmeans||,100,10000,15,50,500.0,2.0,10.0,bernoulli,0,42,2.0,154590.70401710144,148933.75981797808,2.0,0.23147153854370117,0.15562176704406738,False
fig52,kmeans||,100,10000,15,50,500.0,2.0,10.0,bernoulli,1,43,2.0,154191.48551078112,148933.75981797808,2.0,0.09178948402404785,0.14760780334472656,False
fig52,kmeans||,100,10000,15,50,500.0,2.0,10.0,bernoulli,2,44,2.0,154527.48848824855,148933.75981797808,2.0,0.1375441551208496,0.03580641746520996,False
fig52,kmeans||,100,10000,15,50,500.0,2.0,10.0,bernoulli,3,45,2.0,153891.36557288645,148933.75981797808,2.0,0.228895902633667,0.0957956314086914,False
fig52,kmeans||,100,10000,15,50,500.0,2.0,10.0,bernoulli,4,46,2.0,233174.70997844817,227473.36341657373,5.0,0.20383810997009277,0.47568845748901367,False
fig52,kmeans||,100,10000,15,50,500.0,2.0,10.0,bernoulli,5,47,2.0,153814.38105651003,148933.75981797808,2.0,0.24167203903198242,0.2330913543701172,False
fig52,kmeans||,100,10000,15,50,500.0,2.0,10.0,bernoulli,6,48,2.0,154063.4774095089,148933.75981797808,2.0,0.09844779968261719,0.035787343978881836,False
fig52,kmeans||,100,10000,15,50,500.0,2.0,10.0,bernoulli,7,49,2.0,154123.40601047917,148933.75981797808,2.0,0.11082291603088379,0.0805661678314209,False
fig52,kmeans||,100,10000,15,50,500.0,2.0,10.0,bernoulli,8,50,2.0,154471.83513704647,148933.75981797808,2.0,0.10251951217651367,0.10516905784606934,False
fig52,kmeans||,100,10000,15,50,500.0,2.0,10.0,bernoulli,9,51,2.0,154389.23767939786,148933.75981797808,2.0,0.18477916717529297,0.12308263778686523,False
fig52,kmeans||,100,10000,15,50,500.0,2.0,10.0,bernoulli,10,52,2.0,153814.44031234534,148933.75981797808,2.0,0.14348626136779785,0.03531670570373535,False
fig52,kmeans||,100,10000,15,50,500.0,3.0,10.0,bernoulli,0,42,3.0,152142.07106018637,148933.75981797808,2.0,0.12674665451049805,0.06483125686645508,False
fig52,kmeans||,100,10000,15,50,500.0,3.0,10.0,bernoulli,1,43,3.0,151873.8356468758,148933.75981797808,2.0,0.3470489978790283,0.18860793113708496,False
fig52,kmeans||,100,10000,15,50,500.0,3.0,10.0,bernoulli,2,44,3.0,151913.86159094024,148933.75981797808,2.0,0.23604202270507812,0.16768646240234375,False
fig52,kmeans||,100,10000,15,50,500.0,3.0,10.0,bernoulli,3,45,3.0,151875.14222083404,148933.75981797808,2.0,0.1192324161529541,0.21812701225280762,False
fig52,kmeans||,100,10000,15,50,500.0,3.0,10.0,bernoulli,4,46,3.0,152144.58848319715,148933.75981797808,2.0,0.22993707656860352,0.17435908317565918,False
fig52,kmeans||,100,10000,15,50,500.0,3.0,10.0,bernoulli,5,47,3.0,232461.7254323733,229626.9859102259,10.0,0.18125224113464355,0.7831060886383057,False
fig52,kmeans||,100,10000,15,50,500.0,3.0,10.0,bernoulli,6,48,3.0,151781.4019222745,148933.75981797808,2.0,0.22711849212646484,0.07616710662841797,False
fig52,kmeans||,100,10000,15,50,500.0,3.0,10.0,bernoulli,7,49,3.0,232264.64219444306,229294.04536376827,8.0,0.2078237533569336,0.506422758102417,False
fig52,kmeans||,100,10000,15,50,500.0,3.0,10.0,bernoulli,8,50,3.0,151895.4231116967,148933.75981797808,2.0,0.18558144569396973,0.14943337440490723,False
fig52,kmeans||,100,10000,15,50,500.0,3.0,10.0,bernoulli,9,51,3.0,152011.54980758126,148933.75981797808,2.0,0.23406219482421875,0.10651516914367676,False
fig52,kmeans||,100,10000,15,50,500.0,3.0,10.0,bernoulli,10,52,3.0,151896.5384790735,148933.75981797808,2.0,0.14732861518859863,0.055140018463134766,False
fig52,kmeans||,100,10000,15,50,500.0,4.0,10.0,bernoulli,0,42,4.0,151031.0984171697,148933.75981797808,2.0,0.17296195030212402,0.07699298858642578,False
fig52,kmeans||,100,10000,15,50,500.0,4.0,10.0,bernoulli,1,43,4.0,150881.64145899675,148933.75981797808,2.0,0.1417710781097412,0.20321154594421387,False
fig52,kmeans||,100,10000,15,50,500.0,4.0,10.0,bernoulli,2,44,4.0,150951.65983439094,148933.75981797808,2.0,0.17465925216674805,0.22833776473999023,False
fig52,kmeans||,100,10000,15,50,500.0,4.0,10.0,bernoulli,3,45,4.0,150977.65354004788,148933.75981797808,2.0,0.2775387763977051,0.08551287651062012,False
fig52,kmeans||,100,10000,15,50,500.0,4.0,10.0,bernoulli,4,46,4.0,150852.99871366614,148933.75981797808,2.0,0.25324177742004395,0.15752410888671875,False
fig52,kmeans||,100,10000,15,50,500.0,4.0,10.0,bernoulli,5,47,4.0,150799.35250213632,148933.75981797808,2.0,0.31786298751831055,0.06650924682617188,False
fig52,kmeans||,100,10000,15,50,500.0,4.0,10.0,bernoulli,6,48,4.0,150725.81763242043,148933.75981797805,2.0,0.14991521835327148,0.03697466850280762,False
fig52,kmeans||,100,10000,15,50,500.0,4.0,10.0,bernoulli,7,49,4.0,151040.49978428986,148933.75981797808,2.0,0.1416304111480713,0.08272838592529297,False
fig52,kmeans||,100,10000,15,50,500.0,4.0,10.0,bernoulli,8,50,4.0,151044.2611331781,148933.75981797808,2.0,0.326906681060791,0.1334366798400879,False
fig52,kmeans||,100,10000,15,50,500.0,4.0,10.0,bernoulli,9,51,4.0,150866.33604273744,148933.75981797808,2.0,0.15984582901000977,0.03566479682922363,False
fig52,kmeans||,100,10000,15,50,500.0,4.0,10.0,bernoulli,10,52,4.0,150895.92745538676,148933.75981797808,2.0,0.1484990119934082,0.07097029685974121,False
fig52,kmeans||,100,10000,15,50,500.0,5.0,10.0,bernoulli,0,42,5.0,150491.94091064588,148933.75981797808,2.0,0.34036707878112793,0.08272218704223633,False
fig52,kmeans||,100,10000,15,50,500.0,5.0,10.0,bernoulli,1,43,5.0,150301.29556644076,148933.75981797808,2.0,0.27155208587646484,0.13552403450012207,False
fig52,kmeans||,100,10000,15,50,500.0,5.0,10.0,bernoulli,2,44,5.0,150360.4703763272,148933.75981797808,2.0,0.3113546371459961,0.10204410552978516,False
fig52,kmeans||,100,10000,15,50,500.0,5.0,10.0,bernoulli,3,45,5.0,150317.6788683832,148933.75981797808,2.0,0.26184654235839844,0.18813085556030273,False
fig52,kmeans||,100,10000,15,50,500.0,5.0,10.0,bernoulli,4,46,5.0,150290.68909063513,148933.75981797808,2.0,0.3108229637145996,0.2090435028076172,False
fig52,kmeans||,100,10000,15,50,500.0,5.0,10.0,bernoulli,5,47,5.0,150261.28497514725,148933.75981797808,2.0,0.28753042221069336,0.07157015800476074,False
fig52,kmeans||,100,10000,15,50,500.0,5.0,10.0,bernoulli,6,48,5.0,150198.13273896376,148933.75981797808,2.0,0.2586555480957031,0.03834056854248047,False
fig52,kmeans||,100,10000,15,50,500.0,5.0,10.0,bernoulli,7,49,5.0,150403.60880418864,148933.75981797808,2.0,0.2099921703338623,0.23372173309326172,False
fig52,kmeans||,100,10000,15,50,500.0,5.0,10.0,bernoulli,8,50,5.0,150462.61459644904,148933.75981797808,2.0,0.19938421249389648,0.11607956886291504,False
fig52,kmeans||,100,10000,15,50,500.0,5.0,10.0,bernoulli,9,51,5.0,150374.3676839106,148933.75981797808,2.0,0.21717286109924316,0.2781383991241455,False
fig52,kmeans||,100,10000,15,50,500.0,5.0,10.0,bernoulli,10,52,5.0,150433.0712193186,148933.75981797808,2.0,0.2999403476715088,0.22264695167541504,False
fig52,kmeans||,100,10000,15,50,500.0,6.0,10.0,bernoulli,0,42,6.0,150138.74353211123,148933.75981797808,2.0,0.29461002349853516,0.08437347412109375,False
fig52,kmeans||,100,10000,15,50,500.0,6.0,10.0,bernoulli,1,43,6.0,150012.34984838578,148933.75981797808,2.0,0.3269350528717041,0.16025090217590332,False
fig52,kmeans||,100,10000,15,50,500.0,6.0,10.0,bernoulli,2,44,6.0,225521.39940802593,224443.14633825058,13.0,0.34107232093811035,0.875126838684082,False
fig52,kmeans||,100,10000,15,50,500.0,6.0,10.0,bernoulli,3,45,6.0,150045.08690771993,148933.75981797808,2.0,0.3225409984588623,0.19617366790771484,False
fig52,kmeans||,100,10000,15,50,500.0,6.0,10.0,bernoulli,4,46,6.0,149982.37310607798,148933.75981797808,2.0,0.2920820713043213,0.18720674514770508,False
fig52,kmeans||,100,10000,15,50,500.0,6.0,10.0,bernoulli,5,47,6.0,228548.30120913748,227526.9144248338,11.0,0.3830084800720215,0.6831352710723877,False
fig52,kmeans||,100,10000,15,50,500.0,6.0,10.0,bernoulli,6,48,6.0,149958.17515471557,148933.75981797808,2.0,0.3056316375732422,0.14647960662841797,False
fig52,kmeans||,100,10000,15,50,500.0,6.0,10.0,bernoulli,7,49,6.0,150051.94720013626,148933.75981797808,2.0,0.24657702445983887,0.03662705421447754,False
fig52,kmeans||,100,10000,15,50,500.0,6.0,10.0,bernoulli,8,50,6.0,230778.0742000466,229596.26928037318,13.0,0.30091047286987305,0.6937215328216553,False
fig52,kmeans||,100,10000,15,50,500.0,6.0,10.0,bernoulli,9,51,6.0,150026.11252381283,148933.75981797808,2.0,0.33679890632629395,0.1891345977783203,False
fig52,kmeans||,100,10000,15,50,500.0,6.0,10.0,bernoulli,10,52,6.0,149976.97978896764,148933.75981797808,2.0,0.21464061737060547,0.10806608200073242,False
fig52,kmeans||,100,10000,15,50,500.0,7.0,10.0,bernoulli,0,42,7.0,149808.5039523483,148933.75981797808,2.0,0.2817041873931885,0.03663229942321777,False
fig52,kmeans||,100,10000,15,50,500.0,7.0,10.0,bernoulli,1,43,7.0,149762.0121223454,148933.75981797808,2.0,0.3632187843322754,0.19183063507080078,False
fig52,kmeans||,100,10000,15,50,500.0,7.0,10.0,bernoulli,2,44,7.0,149747.24086997824,148933.75981797808,2.0,0.2516498565673828,0.11992573738098145,False
fig52,kmeans||,100,10000,15,50,500.0,7.0,10.0,bernoulli,3,45,7.0,149787.16871973098,148933.75981797808,2.0,0.314638614654541,0.16316437721252441,False
fig52,kmeans||,100,10000,15,50,500.0,7.0,10.0,bernoulli,4,46,7.0,149752.5034158922,148933.75981797808,2.0,0.3988628387451172,0.15560030937194824,False
fig52,kmeans||,100,10000,15,50,500.0,7.0,10.0,bernoulli,5,47,7.0,149696.73043506502,148933.75981797805,2.0,0.27528905868530273,0.1446542739868164,False
fig52,kmeans||,100,10000,15,50,500.0,7.0,10.0,bernoulli,6,48,7.0,149759.3685092932,148933.75981797808,2.0,0.4271979331970215,0.13553214073181152,False
fig52,kmeans||,100,10000,15,50,500.0,7.0,10.0,bernoulli,7,49,7.0,149779.1350040929,148933.75981797808,2.0,0.30701160430908203,0.23598384857177734,False
fig52,kmeans||,100,10000,15,50,500.0,7.0,10.0,bernoulli,8,50,7.0,149801.11797596427,148933.75981797808,2.0,0.39226365089416504,0.08038187026977539,False
fig52,kmeans||,100,10000,15,50,500.0,7.0,10.0,bernoulli,9,51,7.0,149757.80090784605,148933.75981797808,2.0,0.34856104850769043,0.14116549491882324,False
fig52,kmeans||,100,10000,15,50,500.0,7.0,10.0,bernoulli,10,52,7.0,149788.9455305052,148933.75981797808,2.0,0.276731014251709,0.08969688415527344,False
fig52,kmeans||,100,10000,15,50,500.0,8.0,10.0,bernoulli,0,42,8.0,149611.12091087285,148933.75981797808,2.0,0.2793574333190918,0.057778120040893555,False
fig52,kmeans||,100,10000,15,50,500.0,8.0,10.0,bernoulli,1,43,8.0,149602.0288569519,148933.75981797808,2.0,0.3995661735534668,0.22734618186950684,False
fig52,kmeans||,100,10000,15,50,500.0,8.0,10.0,bernoulli,2,44,8.0,149576.41910086217,148933.75981797808,2.0,0.43914365768432617,0.172074556350708,False
fig52,kmeans||,100,10000,15,50,500.0,8.0,10.0,bernoulli,3,45,8.0,149618.93712556132,148933.75981797808,2.0,0.4438788890838623,0.14936590194702148,False
fig52,kmeans||,100,10000,15,50,500.0,8.0,10.0,bernoulli,4,46,8.0,149597.00308466316,148933.75981797808,2.0,0.4537961483001709,0.13334321975708008,False
fig52,kmeans||,100,10000,15,50,500.0,8.0,10.0,bernoulli,5,47,8.0,149578.26096506973,148933.75981797808,2.0,0.3534379005432129,0.09697484970092773,False
fig52,kmeans||,100,10000,15,50,500.0,8.0,10.0,bernoulli,6,48,8.0,149609.85191810696,148933.75981797808,2.0,0.2691459655761719,0.11729288101196289,False
fig52,kmeans||,100,10000,15,50,500.0,8.0,10.0,bernoulli,7,49,8.0,149603.08614933194,148933.75981797808,2.0,0.3324153423309326,0.13926267623901367,False
fig52,kmeans||,100,10000,15,50,500.0,8.0,10.0,bernoulli,8,50,8.0,149603.33304034825,148933.75981797808,2.0,0.31113195419311523,0.11801767349243164,False
fig52,kmeans||,100,10000,15,50,500.0,8.0,10.0,bernoulli,9,51,8.0,149623.78101734756,148933.75981797808,2.0,0.3732724189758301,0.18309283256530762,False
fig52,kmeans||,100,10000,15,50,500.0,8.0,10.0,bernoulli,10,52,8.0,149628.05486416747,148933.75981797808,2.0,0.3592720031738281,0.17167997360229492,False
fig52,kmeans||,100,10000,15,50,500.0,9.0,10.0,bernoulli,0,42,9.0,149482.24802131162,148933.75981797808,2.0,0.436826229095459,0.038222551345825195,False
fig52,kmeans||,100,10000,15,50,500.0,9.0,10.0,bernoulli,1,43,9.0,149486.97415701082,148933.75981797808,2.0,0.29961681365966797,0.10202455520629883,False
fig52,kmeans||,100,10000,15,50,500.0,9.0,10.0,bernoulli,2,44,9.0,149487.10290617545,148933.75981797808,2.0,0.37300682067871094,0.10152363777160645,False
fig52,kmeans||,100,10000,15,50,500.0,9.0,10.0,bernoulli,3,45,9.0,149510.4803205964,148933.75981797805,2.0,0.3074319362640381,0.16905784606933594,False
fig52,kmeans||,100,10000,15,50,500.0,9.0,10.0,bernoulli,4,46,9.0,225033.2143450196,224483.67142173633,9.0,0.4681274890899658,0.18201351165771484,False
fig52,kmeans||,100,10000,15,50,500.0,9.0,10.0,bernoulli,5,47,9.0,149453.04738507405,148933.75981797808,2.0,0.4181497097015381,0.2333049774169922,False
fig52,kmeans||,100,10000,15,50,500.0,9.0,10.0,bernoulli,6,48,9.0,149509.11100190715,148933.75981797808,2.0,0.47946715354919434,0.04515504837036133,False
fig52,kmeans||,100,10000,15,50,500.0,9.0,10.0,bernoulli,7,49,9.0,149488.1905292861,148933.75981797808,2.0,0.4790842533111572,0.03722643852233887,False
fig52,kmeans||,100,10000,15,50,500.0,9.0,10.0,bernoulli,8,50,9.0,149465.44801779866,148933.75981797808,2.0,0.43237733840942383,0.12345218658447266,False
fig52,kmeans||,100,10000,15,50,500.0,9.0,10.0,bernoulli,9,51,9.0,149489.39881653275,148933.75981797808,2.0,0.4556150436401367,0.10746002197265625,False
fig52,kmeans||,100,10000,15,50,500.0,9.0,10.0,bernoulli,10,52,9.0,149485.85717796203,148933.75981797808,2.0,0.3924264907836914,0.040757179260253906,False
fig52,kmeans||,100,10000,15,50,500.0,10.0,10.0,bernoulli,0,42,10.0,149370.8727233945,148933.75981797808,2.0,0.4405045509338379,0.037621498107910156,False
fig52,kmeans||,100,10000,15,50,500.0,10.0,10.0,bernoulli,1,43,10.0,149367.86763142273,148933.75981797808,2.0,0.4279665946960449,0.04078078269958496,False
fig52,kmeans||,100,10000,15,50,500.0,10.0,10.0,bernoulli,2,44,10.0,149392.34044144087,148933.75981797808,2.0,0.3532545566558838,0.035456180572509766,False
fig52,kmeans||,100,10000,15,50,500.0,10.0,10.0,bernoulli,3,45,10.0,149372.05983503436,148933.75981797808,2.0,0.34438347816467285,0.09471750259399414,False
fig52,kmeans||,100,10000,15,50,500.0,10.0,10.0,bernoulli,4,46,10.0,149375.15529110265,148933.75981797808,2.0,0.41965436935424805,0.14788126945495605,False
fig52,kmeans||,100,10000,15,50,500.0,10.0,10.0,bernoulli,5,47,10.0,149341.35139472914,148933.75981797808,2.0,0.4355161190032959,0.14748191833496094,False
fig52,kmeans||,100,10000,15,50,500.0,10.0,10.0,bernoulli,6,48,10.0,227978.06086473845,227488.1968858362,8.0,0.46350908279418945,0.14135360717773438,False
fig52,kmeans||,100,10000,15,50,500.0,10.0,10.0,bernoulli,7,49,10.0,149401.23794404446,148933.75981797805,2.0,0.48618340492248535,0.07800650596618652,False
fig52,kmeans||,100,10000,15,50,500.0,10.0,10.0,bernoulli,8,50,10.0,149366.22845626133,148933.75981797808,2.0,0.5016131401062012,0.11703610420227051,False
fig52,kmeans||,100,10000,15,50,500.0,10.0,10.0,bernoulli,9,51,10.0,149376.82074155562,148933.75981797808,2.0,0.5326428413391113,0.05175590515136719,False
fig52,kmeans||,100,10000,15,50,500.0,10.0,10.0,bernoulli,10,52,10.0,149353.65721247866,148933.75981797808,2.0,0.6648271083831787,0.16756677627563477,False
fig52,kmeans||,100,10000,15,50,500.0,11.0,10.0,bernoulli,0,42,11.0,149274.23930468748,148933.75981797808,2.0,0.5104880332946777,0.13282060623168945,False
fig52,kmeans||,100,10000,15,50,500.0,11.0,10.0,bernoulli,1,43,11.0,149304.1502754551,148933.75981797808,2.0,0.49163103103637695,0.03671622276306152,False
fig52,kmeans||,100,10000,15,50,500.0,11.0,10.0,bernoulli,2,44,11.0,149297.9992446986,148933.75981797808,2.0,0.5730476379394531,0.0948481559753418,False
fig52,kmeans||,100,10000,15,50,500.0,11.0,10.0,bernoulli,3,45,11.0,149284.37637806137,148933.75981797808,2.0,0.5296652317047119,0.07555603981018066,False
fig52,kmeans||,100,10000,15,50,500.0,11.0,10.0,bernoulli,4,46,11.0,149297.7769554259,148933.75981797808,2.0,0.5361740589141846,0.3035581111907959,False
fig52,kmeans||,100,10000,15,50,500.0,11.0,10.0,bernoulli,5,47,11.0,149281.1866337487,148933.75981797808,2.0,0.5388963222503662,0.1758131980895996,False
fig52,kmeans||,100,10000,15,50,500.0,11.0,10.0,bernoulli,6,48,11.0,149293.37707918952,148933.75981797808,2.0,0.5226273536682129,0.06792950630187988,False
fig52,kmeans||,100,10000,15,50,500.0,11.0,10.0,bernoulli,7,49,11.0,149305.50270444286,148933.75981797808,2.0,0.3530426025390625,0.07013702392578125,False
fig52,kmeans||,100,10000,15,50,500.0,11.0,10.0,bernoulli,8,50,11.0,149294.98424308182,148933.75981797808,2.0,0.4947817325592041,0.20275211334228516,False
fig52,kmeans||,100,10000,15,50,500.0,11.0,10.0,bernoulli,9,51,11.0,149302.9698515727,148933.75981797808,2.0,0.49320054054260254,0.040149688720703125,False
fig52,kmeans||,100,10000,15,50,500.0,11.0,10.0,bernoulli,10,52,11.0,149279.68220859708,148933.75981797808,2.0,0.5240294933319092,0.08278369903564453,False
fig52,kmeans||,100,10000,15,50,500.0,12.0,10.0,bernoulli,0,42,12.0,149218.36062548598,148933.75981797808,2.0,0.3862290382385254,0.03678560256958008,False
fig52,kmeans||,100,10000,15,50,500.0,12.0,10.0,bernoulli,1,43,12.0,149236.48225752672,148933.75981797808,2.0,0.5371692180633545,0.16389942169189453,False
fig52,kmeans||,100,10000,15,50,500.0,12.0,10.0,bernoulli,2,44,12.0,149226.2873278777,148933.75981797808,2.0,0.5261430740356445,0.11110639572143555,False
fig52,kmeans||,100,10000,15,50,500.0,12.0,10.0,bernoulli,3,45,12.0,149210.96007798458,148933.75981797808,2.0,0.5235283374786377,0.1473982334136963,False
fig52,kmeans||,100,10000,15,50,500.0,12.0,10.0,bernoulli,4,46,12.0,149226.49381791175,148933.75981797808,2.0,0.5465686321258545,0.1277155876159668,False
fig52,kmeans||,100,10000,15,50,500.0,12.0,10.0,bernoulli,5,47,12.0,149208.68395078374,148933.75981797808,2.0,0.5109610557556152,0.08150744438171387,False
fig52,kmeans||,100,10000,15,50,500.0,12.0,10.0,bernoulli,6,48,12.0,149222.98359460916,148933.75981797808,2.0,0.5531430244445801,0.08716487884521484,False
fig52,kmeans||,100,10000,15,50,500.0,12.0,10.0,bernoulli,7,49,12.0,149217.6486232333,148933.75981797808,2.0,0.6062965393066406,0.24407601356506348,False
fig52,kmeans||,100,10000,15,50,500.0,12.0,10.0,bernoulli,8,50,12.0,149219.51292154758,148933.75981797808,2.0,0.44801974296569824,0.07851815223693848,False
fig52,kmeans||,100,10000,15,50,500.0,12.0,10.0,bernoulli,9,51,12.0,149233.13723647333,148933.75981797808,2.0,0.5912306308746338,0.16741728782653809,False
fig52,kmeans||,100,10000,15,50,500.0,12.0,10.0,bernoulli,10,52,12.0,149228.77349441778,148933.75981797808,2.0,0.4551966190338135,0.1965653896331787,False
fig52,kmeans||,100,10000,15,50,500.0,13.0,10.0,bernoulli,0,42,13.0,149158.34537287036,148933.75981797808,2.0,0.5781481266021729,0.2362983226776123,False
fig52,kmeans||,100,10000,15,50,500.0,13.0,10.0,bernoulli,1,43,13.0,149169.07525052954,148933.75981797808,2.0,0.41095852851867676,0.03591656684875488,False
fig52,kmeans||,100,10000,15,50,500.0,13.0,10.0,bernoulli,2,44,13.0,149175.5063685732,148933.75981797808,2.0,0.6835076808929443,0.2560555934906006,False
fig52,kmeans||,100,10000,15,50,500.0,13.0,10.0,bernoulli,3,45,13.0,149163.45645657013,148933.75981797808,2.0,0.602581262588501,0.09199404716491699,False
fig52,kmeans||,100,10000,15,50,500.0,13.0,10.0,bernoulli,4,46,13.0,149171.35123109134,148933.75981797808,2.0,0.6200344562530518,0.1357412338256836,False
fig52,kmeans||,100,10000,15,50,500.0,13.0,10.0,bernoulli,5,47,13.0,149143.1716510866,148933.75981797805,2.0,0.5428247451782227,0.1517329216003418,False
fig52,kmeans||,100,10000,15,50,500.0,13.0,10.0,bernoulli,6,48,13.0,149172.12948215604,148933.75981797808,2.0,0.5866975784301758,0.039438724517822266,False
fig52,kmeans||,100,10000,15,50,500.0,13.0,10.0,bernoulli,7,49,13.0,149166.7122589167,148933.75981797808,2.0,0.42179298400878906,0.07681941986083984,False
fig52,kmeans||,100,10000,15,50,500.0,13.0,10.0,bernoulli,8,50,13.0,149163.49361778333,148933.75981797808,2.0,0.6826503276824951,0.19138336181640625,False
fig52,kmeans||,100,10000,15,50,500.0,13.0,10.0,bernoulli,9,51,13.0,149171.78163684133,148933.75981797808,2.0,0.8543965816497803,0.22745370864868164,False
fig52,kmeans||,100,10000,15,50,500.0,13.0,10.0,bernoulli,10,52,13.0,149169.44397023437,148933.75981797808,2.0,0.6775588989257812,0.047376394271850586,False
fig52,kmeans||,100,10000,15,50,500.0,14.0,10.0,bernoulli,0,42,14.0,149109.89566294322,148933.75981797808,2.0,0.9956657886505127,0.15229010581970215,False
fig52,kmeans||,100,10000,15,50,500.0,14.0,10.0,bernoulli,1,43,14.0,149120.6687097978,148933.75981797808,2.0,1.0108308792114258,0.053338050842285156,False
fig52,kmeans||,100,10000,15,50,500.0,14.0,10.0,bernoulli,2,44,14.0,149129.90425894878,148933.75981797808,2.0,0.7889094352722168,0.2349529266357422,False
fig52,kmeans||,100,10000,15,50,500.0,14.0,10.0,bernoulli,3,45,14.0,149107.68103269438,148933.75981797808,2.0,0.8423976898193359,0.1343090534210205,False
fig52,kmeans||,100,10000,15,50,500.0,14.0,10.0,bernoulli,4,46,14.0,149129.76893523269,148933.75981797808,2.0,0.6792540550231934,0.20789742469787598,False
fig52,kmeans||,100,10000,15,50,500.0,14.0,10.0,bernoulli,5,47,14.0,149095.41500843802,148933.75981797808,2.0,0.44100189208984375,0.17029047012329102,False
fig52,kmeans||,100,10000,15,50,500.0,14.0,10.0,bernoulli,6,48,14.0,149120.05722363052,148933.75981797808,2.0,0.6010217666625977,0.1471097469329834,False
fig52,kmeans||,100,10000,15,50,500.0,14.0,10.0,bernoulli,7,49,14.0,149121.47844447475,148933.75981797808,2.0,0.5918440818786621,0.060976266860961914,False
fig52,kmeans||,100,10000,15,50,500.0,14.0,10.0,bernoulli,8,50,14.0,227677.52341574425,227476.53442773438,8.0,0.47268128395080566,0.5508902072906494,False
fig52,kmeans||,100,10000,15,50,500.0,14.0,10.0,bernoulli,9,51,14.0,149124.01569910682,148933.75981797808,2.0,0.6343014240264893,0.03976178169250488,False
fig52,kmeans||,100,10000,15,50,500.0,14.0,10.0,bernoulli,10,52,14.0,149106.12678605312,148933.75981797808,2.0,0.4635763168334961,0.0360722541809082,False
fig52,kmeans||,100,10000,15,50,500.0,15.0,10.0,bernoulli,0,42,15.0,149069.13117949758,148933.75981797805,2.0,0.6889266967773438,0.1318347454071045,False
fig52,kmeans||,100,10000,15,50,500.0,15.0,10.0,bernoulli,1,43,15.0,229771.7169285976,229621.09141482948,5.0,0.7815771102905273,0.3561699390411377,False
fig52,kmeans||,100,10000,15,50,500.0,15.0,10.0,bernoulli,2,44,15.0,149081.9020684469,148933.75981797805,2.0,0.8451840877532959,0.11846137046813965,False
fig52,kmeans||,100,10000,15,50,500.0,15.0,10.0,bernoulli,3,45,15.0,149072.33278672028,148933.75981797808,2.0,1.042724609375,0.15400290489196777,False
fig52,kmeans||,100,10000,15,50,500.0,15.0,10.0,bernoulli,4,46,15.0,149087.36226603956,148933.75981797808,2.0,1.0245518684387207,0.13313078880310059,False
fig52,kmeans||,100,10000,15,50,500.0,15.0,10.0,bernoulli,5,47,15.0,149064.6752909994,148933.75981797808,2.0,0.8771495819091797,0.06587648391723633,False
fig52,kmeans||,100,10000,15,50,500.0,15.0,10.0,bernoulli,6,48,15.0,149087.28324833227,148933.75981797808,2.0,0.8006250858306885,0.0370175838470459,False
fig52,kmeans||,100,10000,15,50,500.0,15.0,10.0,bernoulli,7,49,15.0,149078.74581494468,148933.75981797808,2.0,0.7088894844055176,0.045638322830200195,False
fig52,kmeans||,100,10000,15,50,500.0,15.0,10.0,bernoulli,8,50,15.0,227623.43639383378,227460.98916572658,12.0,0.9722506999969482,0.47396397590637207,False
fig52,kmeans||,100,10000,15,50,500.0,15.0,10.0,bernoulli,9,51,15.0,149086.08515955036,148933.75981797808,2.0,0.7616426944732666,0.04495859146118164,False
fig52,kmeans||,100,10000,15,50,500.0,15.0,10.0,bernoulli,10,52,15.0,149056.87177424668,148933.75981797808,2.0,0.9963345527648926,0.1746823787689209,False
