artifact,method,k,l,r,l_over_k,partitions,sampling,run,seed,r_effective,cost_seed,cost_final,n_lloyd_iters,time_seed,time_fit,failed
fig51,kmeans||,17,17,1,1,64,exact,0,42,1,7440456.62911722,5428438.165490343,15,5.697436571121216,6.270707845687866,False
fig51,kmeans||,17,17,1,1,64,exact,1,43,1,7734904.854894091,5598936.414252854,17,2.5887818336486816,8.085936069488525,False
fig51,kmeans||,17,17,1,1,64,exact,2,44,1,7983329.780989627,6375348.256748372,17,2.490440607070923,7.847548961639404,False
fig51,kmeans||,17,17,1,1,64,exact,3,45,1,6246085.351494165,5605883.065345031,17,2.41635799407959,9.381194829940796,False
fig51,kmeans||,17,17,1,1,64,exact,4,46,1,8202319.543137788,5823844.122624068,15,2.9600841999053955,8.358079433441162,False
fig51,kmeans||,17,17,1,1,64,exact,5,47,1,7880896.968534622,7326821.070965581,20,2.4482431411743164,10.471187114715576,False
fig51,kmeans||,17,17,1,1,64,exact,6,48,1,10343166.98167436,6758531.696323673,33,2.2646853923797607,29.418048620224,False
fig51,kmeans||,17,17,1,1,64,exact,7,49,1,6603181.849208165,5181882.956332665,12,2.965970993041992,4.405658483505249,False
fig51,kmeans||,17,17,1,1,64,exact,8,50,1,6884188.321197427,5676685.999037551,14,2.247668504714966,5.725677490234375,False
fig51,kmeans||,17,17,1,1,64,exact,9,51,1,8136942.304325939,5105167.3314736085,22,2.775738477706909,14.681304931640625,False
fig51,kmeans||,17,17,1,1,64,exact,10,52,1,6282325.202059031,4344268.0845323,19,2.322425365447998,9.929639339447021,False
fig51,kmeans||,17,17,2,1,64,exact,0,42,2,4324923.574862939,3731975.5110948253,23,3.1494951248168945,13.915935039520264,False
fig51,kmeans||,17,17,2,1,64,exact,1,43,2,4606135.808019971,3935844.0803980133,30,2.717373847961426,26.413840293884277,False
fig51,kmeans||,17,17,2,1,64,exact,2,44,2,4329230.675322081,4048221.506826674,8,3.0548040866851807,4.063682317733765,False
fig51,kmeans||,17,17,2,1,64,exact,3,45,2,4488138.585996068,4094975.1978656747,10,2.8284690380096436,5.404238939285278,False
fig51,kmeans||,17,17,2,1,64,exact,4,46,2,4708882.883360865,4250550.817839017,10,3.0640439987182617,4.0253586769104,False
fig51,kmeans||,17,17,2,1,64,exact,5,47,2,4501799.076887696,4151785.575139645,6,2.631769895553589,4.034770727157593,False
fig51,kmeans||,17,17,2,1,64,exact,6,48,2,5560246.234901818,4511125.188873842,9,2.7865495681762695,4.65871524810791,False
fig51,kmeans||,17,17,2,1,64,exact,7,49,2,4490988.851718525,3867901.378496738,11,3.383338451385498,5.662160873413086,False
fig51,kmeans||,17,17,2,1,64,exact,8,50,2,4277215.443400633,3886920.8314873576,11,2.996236801147461,5.418478727340698,False
fig51,kmeans||,17,17,2,1,64,exact,9,51,2,4332467.7723372895,3813601.5007642144,12,3.2729527950286865,4.164042949676514,False
fig51,kmeans||,17,17,2,1,64,exact,10,52,2,4894248.022007972,4113732.0066064037,20,2.898663282394409,13.684936046600342,False
fig51,kmeans||,17,17,3,1,64,exact,0,42,3,4264291.638592575,3972849.3961356655,14,3.548117160797119,5.762548923492432,False
fig51,kmeans||,17,17,3,1,64,exact,1,43,3,4184057.350189536,3869859.4996004202,12,3.1028923988342285,6.435702800750732,False
fig51,kmeans||,17,17,3,1,64,exact,2,44,3,4053047.957753526,3679150.181882417,12,2.9310662746429443,5.238175868988037,False
fig51,kmeans||,17,17,3,1,64,exact,3,45,3,3939649.8419607393,3737883.5784296235,11,3.4432120323181152,6.1510162353515625,False
fig51,kmeans||,17,17,3,1,64,exact,4,46,3,4137818.4349357393,3964788.1096001244,8,3.035555362701416,2.9720022678375244,False
fig51,kmeans||,17,17,3,1,64,exact,5,47,3,3951252.076616688,3643149.2267172975,8,3.4273288249969482,2.79325795173645,False
fig51,kmeans||,17,17,3,1,64,exact,6,48,3,4215488.831172522,3873564.9436922246,10,3.269904613494873,3.0710036754608154,False
fig51,kmeans||,17,17,3,1,64,exact,7,49,3,4243093.931539713,4041953.9103301917,10,3.1697752475738525,3.1071436405181885,False
fig51,kmeans||,17,17,3,1,64,exact,8,50,3,4042433.969794853,3811983.155935019,11,3.7058353424072266,3.4320285320281982,False
fig51,kmeans||,17,17,3,1,64,exact,9,51,3,4258418.042845612,3919176.56663999,16,3.26247239112854,7.085477113723755,False
fig51,kmeans||,17,17,3,1,64,exact,10,52,3,4051649.5191437723,3739455.294291157,11,3.42999267578125,5.668349027633667,False
fig51,kmeans||,17,17,4,1,64,exact,0,42,4,3818745.701829404,3629657.3117676624,11,3.2529189586639404,5.603598594665527,False
fig51,kmeans||,17,17,4,1,64,exact,1,43,4,3915806.1551808114,3808316.6723767747,10,3.677835702896118,3.221083164215088,False
fig51,kmeans||,17,17,4,1,64,exact,2,44,4,4200326.509997135,4065991.932788554,15,3.866582155227661,8.085867166519165,False
fig51,kmeans||,17,17,4,1,64,exact,3,45,4,3840336.6300590048,3766078.3753041215,20,5.016024827957153,13.093447208404541,False
fig51,kmeans||,17,17,4,1,64,exact,4,46,4,3955570.1665247013,3840774.3393138903,18,4.341607332229614,10.941957235336304,False
fig51,kmeans||,17,17,4,1,64,exact,5,47,4,3835715.6027161754,3663278.0597343137,9,3.7361602783203125,4.553657531738281,False
fig51,kmeans||,17,17,4,1,64,exact,6,48,4,4025817.2217048984,3909607.858257221,10,4.7695841789245605,5.5549843311309814,False
fig51,kmeans||,17,17,4,1,64,exact,7,49,4,4103231.8976621223,4000089.978606964,8,4.343285799026489,4.374817609786987,False
fig51,kmeans||,17,17,4,1,64,exact,8,50,4,4056810.219130703,3960950.3148212284,13,3.9734833240509033,7.767462968826294,False
fig51,kmeans||,17,17,4,1,64,exact,9,51,4,4017339.619214382,3929208.96052231,10,3.7693819999694824,3.269437074661255,False
fig51,kmeans||,17,17,4,1,64,exact,10,52,4,4251926.13961677,4048464.865246392,15,3.496607780456543,6.458801746368408,False
fig51,kmeans||,17,17,5,1,64,exact,0,42,5,3708487.2690857435,3664306.6236316445,8,5.070093393325806,4.127343416213989,False
fig51,kmeans||,17,17,5,1,64,exact,1,43,5,3917974.310770446,3852136.783353705,15,5.006746768951416,8.25868558883667,False
fig51,kmeans||,17,17,5,1,64,exact,2,44,5,3874311.196492094,3818066.2514370237,15,5.127900123596191,9.19910216331482,False
fig51,kmeans||,17,17,5,1,64,exact,3,45,5,3948954.315348641,3839971.996373854,9,5.3479602336883545,4.983613014221191,False
fig51,kmeans||,17,17,5,1,64,exact,4,46,5,4073447.3914386476,4022170.6631447724,9,4.711472034454346,2.9286062717437744,False
fig51,kmeans||,17,17,5,1,64,exact,5,47,5,3853643.6222636877,3700432.6701619457,11,4.916676759719849,6.03697657585144,False
fig51,kmeans||,17,17,5,1,64,exact,6,48,5,3938535.729381109,3824007.213912285,9,5.0006937980651855,4.306818723678589,False
fig51,kmeans||,17,17,5,1,64,exact,7,49,5,3722077.5486395434,3683090.8822610206,15,4.20604395866394,7.559575080871582,False
fig51,kmeans||,17,17,5,1,64,exact,8,50,5,3657958.4694458,3629347.0657019736,5,5.122836589813232,2.6586310863494873,False
fig51,kmeans||,17,17,5,1,64,exact,9,51,5,3936215.9612225727,3867639.3488010177,16,4.809472560882568,9.631821155548096,False
fig51,kmeans||,17,17,5,1,64,exact,10,52,5,3966849.5239653564,3803504.3873172593,9,5.2081077098846436,2.6807351112365723,False
fig51,kmeans||,17,17,6,1,64,exact,0,42,6,3803317.186793096,3782294.0634117145,9,5.39345645904541,4.658633470535278,False
fig51,kmeans||,17,17,6,1,64,exact,1,43,6,4019227.623486686,3971475.9837764143,13,6.304598331451416,8.294739246368408,False
fig51,kmeans||,17,17,6,1,64,exact,2,44,6,4154406.1123978305,4118557.9678121633,8,5.800940036773682,4.724008560180664,False
fig51,kmeans||,17,17,6,1,64,exact,3,45,6,3931611.265092719,3897170.792177969,8,5.706261157989502,4.338618516921997,False
fig51,kmeans||,17,17,6,1,64,exact,4,46,6,3736362.0000565005,3697757.5532508036,9,6.500853061676025,2.7491729259490967,False
fig51,kmeans||,17,17,6,1,64,exact,5,47,6,4212690.636221036,4074671.4308811277,14,5.843314170837402,9.097085952758789,False
fig51,kmeans||,17,17,6,1,64,exact,6,48,6,3916989.8184996294,3657934.0545455455,22,6.137540817260742,14.285813808441162,False
fig51,kmeans||,17,17,6,1,64,exact,7,49,6,3866439.428693064,3831488.9864987805,13,5.167065620422363,7.196375370025635,False
fig51,kmeans||,17,17,6,1,64,exact,8,50,6,3793474.882624813,3736876.651087509,16,5.6046271324157715,9.868830919265747,False
fig51,kmeans||,17,17,6,1,64,exact,9,51,6,4272936.500400083,3999458.9231602354,17,4.993895530700684,10.900684833526611,False
fig51,kmeans||,17,17,6,1,64,exact,10,52,6,4146543.9523968818,3987150.5425653765,14,5.314544200897217,7.554639577865601,False
fig51,kmeans||,17,17,7,1,64,exact,0,42,7,3841681.7934578937,3812521.3814154253,17,5.736861228942871,10.661088705062866,False
fig51,kmeans||,17,17,7,1,64,exact,1,43,7,3788538.5420467714,3759933.704846383,10,6.318484783172607,5.156874418258667,False
fig51,kmeans||,17,17,7,1,64,exact,2,44,7,3868906.0883119926,3839232.258131465,12,5.889426946640015,6.398019075393677,False
fig51,kmeans||,17,17,7,1,64,exact,3,45,7,3806242.8490711334,3785233.7218630435,14,6.4411303997039795,5.996248960494995,False
fig51,kmeans||,17,17,7,1,64,exact,4,46,7,4030058.49464852,3973044.3846172523,20,6.50858736038208,13.150013446807861,False
fig51,kmeans||,17,17,7,1,64,exact,5,47,7,3805525.5679504904,3737883.6620043577,13,5.938048601150513,7.25610089302063,False
fig51,kmeans||,17,17,7,1,64,exact,6,48,7,3719101.286735164,3694326.6738237245,10,6.308699607849121,3.6315505504608154,False
fig51,kmeans||,17,17,7,1,64,exact,7,49,7,4042813.665736318,4012821.8551701508,8,5.585859298706055,5.064367294311523,False
fig51,kmeans||,17,17,7,1,64,exact,8,50,7,3902728.537354505,3839581.9494259916,13,6.451909303665161,4.828641414642334,False
fig51,kmeans||,17,17,7,1,64,exact,9,51,7,3762993.037691208,3686925.80026598,12,6.393059730529785,4.61842942237854,False
fig51,kmeans||,17,17,7,1,64,exact,10,52,7,4050383.887895207,3932921.9673026595,7,6.230821371078491,3.7357966899871826,False
fig51,kmeans||,17,17,8,1,64,exact,0,42,8,3799376.8602321767,3780608.9391981233,10,6.839320421218872,5.399888038635254,False
fig51,kmeans||,17,17,8,1,64,exact,1,43,8,4071239.7211107505,4052200.669186783,18,7.468825101852417,11.88524603843689,False
fig51,kmeans||,17,17,8,1,64,exact,2,44,8,3938120.5268350416,3917790.597996519,7,7.701793909072876,3.330705404281616,False
fig51,kmeans||,17,17,8,1,64,exact,3,45,8,3979112.8989002462,3803957.977176519,12,7.830555438995361,4.96242880821228,False
fig51,kmeans||,17,17,8,1,64,exact,4,46,8,3955695.0692042145,3914842.331229732,15,6.903454065322876,6.772855043411255,False
fig51,kmeans||,17,17,8,1,64,exact,5,47,8,3899147.65520003,3865922.9774337374,19,6.84618616104126,10.521913766860962,False
fig51,kmeans||,17,17,8,1,64,exact,6,48,8,3891103.6973056938,3864884.501386352,9,6.823005199432373,3.027817726135254,False
fig51,kmeans||,17,17,8,1,64,exact,7,49,8,3759392.5809593312,3731465.01095364,7,6.966020345687866,4.512904644012451,False
fig51,kmeans||,17,17,8,1,64,exact,8,50,8,4021958.8405773984,3996382.358093843,9,7.439392566680908,4.591165542602539,False
fig51,kmeans||,17,17,8,1,64,exact,9,51,8,3860437.9596856865,3803340.4919092604,16,7.525832414627075,10.687828302383423,False
fig51,kmeans||,17,17,8,1,64,exact,10,52,8,3838228.404174149,3802034.436179619,10,7.323096513748169,3.0988380908966064,False
fig51,kmeans||,17,17,9,1,64,exact,0,42,9,3785364.613055158,3768367.9262634777,20,10.198435306549072,11.381085395812988,False
fig51,kmeans||,17,17,9,1,64,exact,1,43,9,3837209.4174810606,3763969.5754825743,9,9.033425092697144,5.6874072551727295,False
fig51,kmeans||,17,17,9,1,64,exact,2,44,9,4069115.517780224,4053543.182301267,6,8.383690118789673,3.634624719619751,False
fig51,kmeans||,17,17,9,1,64,exact,3,45,9,3866625.1410671812,3846037.344593196,28,8.557708024978638,22.006272315979004,False
fig51,kmeans||,17,17,9,1,64,exact,4,46,9,3889638.8435071954,3846535.299449779,15,7.935924530029297,6.936317682266235,False
fig51,kmeans||,17,17,9,1,64,exact,5,47,9,3720774.684376174,3687704.333903103,10,8.37391996383667,3.655651569366455,False
fig51,kmeans||,17,17,9,1,64,exact,6,48,9,3724561.584326275,3686713.8553005285,13,8.133292436599731,7.139297246932983,False
fig51,kmeans||,17,17,9,1,64,exact,7,49,9,3729799.0152305327,3709741.422691149,7,7.944734334945679,3.9045345783233643,False
fig51,kmeans||,17,17,9,1,64,exact,8,50,9,3774285.151390245,3731820.3693149774,14,8.374485492706299,7.718254089355469,False
fig51,kmeans||,17,17,9,1,64,exact,9,51,9,3962509.2152045323,3935786.283690325,9,8.33496379852295,2.643860101699829,False
fig51,kmeans||,17,17,9,1,64,exact,10,52,9,3798378.70988387,3776172.2364216913,7,7.597854137420654,2.126108169555664,False
fig51,kmeans||,17,17,10,1,64,exact,0,42,10,3667588.9055797057,3654149.8394265994,9,9.499790906906128,2.8335657119750977,False
fig51,kmeans||,17,17,10,1,64,exact,1,43,10,3976423.0773421424,3882933.1586930295,14,8.653183221817017,6.110333681106567,False
fig51,kmeans||,17,17,10,1,64,exact,2,44,10,4384081.763652641,4172859.5415165545,17,9.00964069366455,8.544945001602173,False
fig51,kmeans||,17,17,10,1,64,exact,3,45,10,3995122.667063853,3976572.3155150525,10,9.224566459655762,3.953274726867676,False
fig51,kmeans||,17,17,10,1,64,exact,4,46,10,4112042.9304883624,4059864.92675775,11,8.837742805480957,6.405986070632935,False
fig51,kmeans||,17,17,10,1,64,exact,5,47,10,3819981.141120524,3795620.230831716,9,9.561052083969116,4.375165939331055,False
fig51,kmeans||,17,17,10,1,64,exact,6,48,10,3900231.2736615017,3885544.1258925726,9,10.401993751525879,3.662447929382324,False
fig51,kmeans||,17,17,10,1,64,exact,7,49,10,3768065.618042207,3754828.0524304477,9,10.453919172286987,6.2029008865356445,False
fig51,kmeans||,17,17,10,1,64,exact,8,50,10,3781127.953243962,3762893.9762609582,15,9.275774002075195,9.59775996208191,False
fig51,kmeans||,17,17,10,1,64,exact,9,51,10,3645667.8574394076,3622176.0696069426,7,9.749384880065918,1.6413905620574951,False
fig51,kmeans||,17,17,10,1,64,exact,10,52,10,3837650.955908573,3823072.0487789265,10,9.781105518341064,5.7515318393707275,False
fig51,kmeans||,17,34,1,2,64,exact,0,42,1,5905949.98767005,5215624.534587215,14,2.8755710124969482,6.283059597015381,False
fig51,kmeans||,17,34,1,2,64,exact,1,43,1,6058691.04396285,4892611.451059486,25,2.5411059856414795,19.174360513687134,False
fig51,kmeans||,17,34,1,2,64,exact,2,44,1,4690821.016029852,4184597.3963449537,16,2.3462014198303223,9.611418008804321,False
fig51,kmeans||,17,34,1,2,64,exact,3,45,1,5009822.349365905,4716942.441796132,10,2.7514193058013916,4.7489073276519775,False
fig51,kmeans||,17,34,1,2,64,exact,4,46,1,5346172.8587211,4721331.095990295,12,2.870877265930176,6.80837345123291,False
fig51,kmeans||,17,34,1,2,64,exact,5,47,1,5730095.35860448,5204888.759377156,9,2.5054187774658203,2.887664794921875,False
fig51,kmeans||,17,34,1,2,64,exact,6,48,1,7741082.1751241945,5291336.484240537,25,2.552267074584961,18.253961086273193,False
fig51,kmeans||,17,34,1,2,64,exact,7,49,1,5539417.192724638,4544935.122393481,14,2.6635653972625732,6.078365087509155,False
fig51,kmeans||,17,34,1,2,64,exact,8,50,1,5679147.50740951,4750573.919283313,22,2.3465940952301025,12.749387502670288,False
fig51,kmeans||,17,34,1,2,64,exact,9,51,1,6054320.102396375,3853506.5764549198,25,2.3403475284576416,16.69763493537903,False
fig51,kmeans||,17,34,1,2,64,exact,10,52,1,4986573.961419231,4254909.5548719345,16,2.7094595432281494,7.593209266662598,False
fig51,kmeans||,17,34,2,2,64,exact,0,42,2,4069359.679302566,3847217.7564849956,16,2.7282302379608154,9.992105484008789,False
fig51,kmeans||,17,34,2,2,64,exact,1,43,2,3984132.045679376,3818395.4268322056,13,3.008899688720703,7.400976657867432,False
fig51,kmeans||,17,34,2,2,64,exact,2,44,2,4067938.572182851,3836321.200848323,18,2.8279855251312256,9.241228342056274,False
fig51,kmeans||,17,34,2,2,64,exact,3,45,2,4328151.646323407,4147179.6438202797,19,2.978461742401123,10.467806339263916,False
fig51,kmeans||,17,34,2,2,64,exact,4,46,2,3864751.307217441,3759117.2322446685,12,2.989060878753662,4.124086856842041,False
fig51,kmeans||,17,34,2,2,64,exact,5,47,2,4033778.6000072467,3759167.1919625285,9,3.3958687782287598,4.515927791595459,False
fig51,kmeans||,17,34,2,2,64,exact,6,48,2,4083248.4090505904,3773681.526838284,10,2.9664981365203857,4.458187103271484,False
fig51,kmeans||,17,34,2,2,64,exact,7,49,2,4227885.462169071,3839581.993709876,17,2.9359898567199707,7.679155349731445,False
fig51,kmeans||,17,34,2,2,64,exact,8,50,2,3914130.484344796,3709741.420792281,10,2.9223642349243164,5.551314830780029,False
fig51,kmeans||,17,34,2,2,64,exact,9,51,2,4068019.326113398,3877579.5617137877,7,3.9088099002838135,4.113069295883179,False
fig51,kmeans||,17,34,2,2,64,exact,10,52,2,4143936.8005845957,3818823.7432251917,15,2.7753684520721436,6.339754343032837,False
fig51,kmeans||,17,34,3,2,64,exact,0,42,3,3681052.5771931726,3644305.7339370144,12,3.9222702980041504,6.199429035186768,False
fig51,kmeans||,17,34,3,2,64,exact,1,43,3,3978220.409665167,3923169.9981336035,7,3.479999303817749,3.4826807975769043,False
fig51,kmeans||,17,34,3,2,64,exact,2,44,3,4001912.6309317322,3900616.2470273515,9,3.079763174057007,2.852213144302368,False
fig51,kmeans||,17,34,3,2,64,exact,3,45,3,3887473.794138807,3835050.2544399914,9,3.199985980987549,2.6434366703033447,False
fig51,kmeans||,17,34,3,2,64,exact,4,46,3,3980755.282153489,3895637.0329216523,14,3.9492714405059814,5.773244142532349,False
fig51,kmeans||,17,34,3,2,64,exact,5,47,3,3926215.876172175,3724779.957030596,16,3.4381892681121826,8.344053030014038,False
fig51,kmeans||,17,34,3,2,64,exact,6,48,3,4203711.150137449,3937114.0994761027,8,3.565640926361084,4.522826433181763,False
fig51,kmeans||,17,34,3,2,64,exact,7,49,3,4112791.2702628565,3994314.4563146974,19,3.3110363483428955,12.391849994659424,False
fig51,kmeans||,17,34,3,2,64,exact,8,50,3,3965513.2617195994,3758491.4028831227,18,3.1951303482055664,9.167441844940186,False
fig51,kmeans||,17,34,3,2,64,exact,9,51,3,3892743.4322081488,3734014.0836195257,11,3.9395666122436523,6.676245450973511,False
fig51,kmeans||,17,34,3,2,64,exact,10,52,3,4088842.8931156388,3899364.0401151404,18,3.8324735164642334,12.599474906921387,False
fig51,kmeans||,17,34,4,2,64,exact,0,42,4,3670748.67540142,3643279.2470132466,11,4.145632028579712,4.625421762466431,False
fig51,kmeans||,17,34,4,2,64,exact,1,43,4,3869153.473593427,3832285.2462905403,11,3.843031644821167,6.47604513168335,False
fig51,kmeans||,17,34,4,2,64,exact,2,44,4,4166886.341253861,4085326.0694521507,8,3.790120840072632,5.36775279045105,False
fig51,kmeans||,17,34,4,2,64,exact,3,45,4,3860747.123712405,3832845.6290041227,10,3.837714672088623,5.677693605422974,False
fig51,kmeans||,17,34,4,2,64,exact,4,46,4,3933077.111525817,3847501.5075716055,19,4.0802321434021,11.832399368286133,False
fig51,kmeans||,17,34,4,2,64,exact,5,47,4,3870838.6841706135,3848857.555134948,8,3.822458028793335,5.261205434799194,False
fig51,kmeans||,17,34,4,2,64,exact,6,48,4,3978436.9177144035,3838778.385852474,12,3.904482364654541,5.6988677978515625,False
fig51,kmeans||,17,34,4,2,64,exact,7,49,4,3891937.907590594,3861866.248435681,18,3.956717014312744,12.758450031280518,False
fig51,kmeans||,17,34,4,2,64,exact,8,50,4,3748153.739040935,3632038.1837999625,11,4.09061074256897,4.028897523880005,False
fig51,kmeans||,17,34,4,2,64,exact,9,51,4,3871937.8178892164,3852226.7028297675,17,4.002472639083862,9.13204312324524,False
fig51,kmeans||,17,34,4,2,64,exact,10,52,4,3814297.619269142,3783177.3524553864,9,3.893937349319458,4.634528636932373,False
fig51,kmeans||,17,34,5,2,64,exact,0,42,5,3733498.6302747843,3714472.5922249686,10,4.261636972427368,2.901958465576172,False
fig51,kmeans||,17,34,5,2,64,exact,1,43,5,4113947.2773472066,3803899.710827607,26,5.4269795417785645,17.96323871612549,False
fig51,kmeans||,17,34,5,2,64,exact,2,44,5,3814136.544500676,3801833.1952090655,6,4.666952610015869,1.3679261207580566,False
fig51,kmeans||,17,34,5,2,64,exact,3,45,5,4012245.808387435,3997949.855427418,7,5.78157639503479,4.02282452583313,False
fig51,kmeans||,17,34,5,2,64,exact,4,46,5,3878068.1827886985,3860557.337192935,15,4.970678806304932,6.863146543502808,False
fig51,kmeans||,17,34,5,2,64,exact,5,47,5,4031830.794509905,4011238.7197654676,6,4.042103290557861,3.8449935913085938,False
fig51,kmeans||,17,34,5,2,64,exact,6,48,5,3987462.9040122516,3872664.2949313307,15,5.38540244102478,8.713579416275024,False
fig51,kmeans||,17,34,5,2,64,exact,7,49,5,3888643.092714957,3864951.6313789897,8,4.496830463409424,2.6040124893188477,False
fig51,kmeans||,17,34,5,2,64,exact,8,50,5,3863044.129563538,3767054.59771909,10,4.4753968715667725,5.217824459075928,False
fig51,kmeans||,17,34,5,2,64,exact,9,51,5,4033061.3214322086,4005012.8850604277,14,4.227296352386475,7.667903423309326,False
fig51,kmeans||,17,34,5,2,64,exact,10,52,5,3746238.7283695294,3705171.5624933606,13,4.858830451965332,7.1757800579071045,False
fig51,kmeans||,17,34,6,2,64,exact,0,42,6,3802321.4409143394,3791767.19770229,13,5.736304759979248,5.042813062667847,False
fig51,kmeans||,17,34,6,2,64,exact,1,43,6,3948969.7329453593,3938550.437617627,11,5.490173101425171,5.299623250961304,False
fig51,kmeans||,17,34,6,2,64,exact,2,44,6,3882131.437892714,3875108.5434115175,7,5.9074366092681885,3.638671398162842,False
fig51,kmeans||,17,34,6,2,64,exact,3,45,6,3901551.837606678,3889698.837678128,9,6.022074222564697,4.600748062133789,False
fig51,kmeans||,17,34,6,2,64,exact,4,46,6,3997142.972428116,3989670.5472868043,7,5.848850727081299,1.6087346076965332,False
fig51,kmeans||,17,34,6,2,64,exact,5,47,6,4008584.337041269,3998307.601444732,6,6.245221853256226,1.4793760776519775,False
fig51,kmeans||,17,34,6,2,64,exact,6,48,6,3833744.3091962184,3819175.317644028,9,5.477274656295776,5.712149620056152,False
fig51,kmeans||,17,34,6,2,64,exact,7,49,6,4034437.0354499067,4021205.9699046095,7,5.539173603057861,2.348526954650879,False
fig51,kmeans||,17,34,6,2,64,exact,8,50,6,3881105.085489904,3714693.7240230204,13,5.423685789108276,7.689077138900757,False
fig51,kmeans||,17,34,6,2,64,exact,9,51,6,4505434.151619174,4486278.792566362,11,5.63543963432312,3.762361764907837,False
fig51,kmeans||,17,34,6,2,64,exact,10,52,6,3780887.6421374283,3766772.285202703,11,5.206931114196777,6.431648254394531,False
fig51,kmeans||,17,34,7,2,64,exact,0,42,7,3938752.8932183743,3911335.7441999894,16,6.037732362747192,9.25408411026001,False
fig51,kmeans||,17,34,7,2,64,exact,1,43,7,3949858.6633834606,3782896.0157889836,13,7.069032430648804,4.644739627838135,False
fig51,kmeans||,17,34,7,2,64,exact,2,44,7,3885882.6559576946,3875446.4797739764,18,7.160702705383301,10.92108964920044,False
fig51,kmeans||,17,34,7,2,64,exact,3,45,7,3868124.245836122,3833662.9717285116,8,5.876075267791748,2.640004873275757,False
fig51,kmeans||,17,34,7,2,64,exact,4,46,7,3849445.812719739,3839983.3680839376,7,6.560710906982422,1.874645471572876,False
fig51,kmeans||,17,34,7,2,64,exact,5,47,7,3976620.6163268536,3962393.023957856,9,6.521413087844849,2.34285831451416,False
fig51,kmeans||,17,34,7,2,64,exact,6,48,7,3633575.2587176017,3622313.543246445,8,6.935892105102539,4.420623779296875,False
fig51,kmeans||,17,34,7,2,64,exact,7,49,7,3938132.7626507715,3925789.5354380812,9,6.837738037109375,4.830479145050049,False
fig51,kmeans||,17,34,7,2,64,exact,8,50,7,3704340.1140246456,3695345.1514580087,10,6.596013069152832,5.757137298583984,False
fig51,kmeans||,17,34,7,2,64,exact,9,51,7,3862433.770861454,3848287.1360815656,5,6.227965354919434,1.0408358573913574,False
fig51,kmeans||,17,34,7,2,64,exact,10,52,7,3826296.269234252,3815794.2637107614,9,5.986191987991333,3.237294912338257,False
fig51,kmeans||,17,34,8,2,64,exact,0,42,8,3830891.8689073576,3823502.230346602,6,7.108343839645386,4.287522315979004,False
fig51,kmeans||,17,34,8,2,64,exact,1,43,8,3902042.7954286532,3892948.634682861,9,7.896928787231445,4.537090063095093,False
fig51,kmeans||,17,34,8,2,64,exact,2,44,8,3939914.165517303,3932921.5768706724,5,7.79529881477356,2.9597268104553223,False
fig51,kmeans||,17,34,8,2,64,exact,3,45,8,3607485.6900678203,3599960.966511406,7,8.458438873291016,2.9505879878997803,False
fig51,kmeans||,17,34,8,2,64,exact,4,46,8,3718496.9228881937,3709559.7065797686,11,7.7067248821258545,6.642963647842407,False
fig51,kmeans||,17,34,8,2,64,exact,5,47,8,3929049.7615776397,3913390.9954610476,18,7.993646144866943,11.49625539779663,False
fig51,kmeans||,17,34,8,2,64,exact,6,48,8,3834052.3122417764,3828159.435218745,10,7.294110059738159,6.4785706996917725,False
fig51,kmeans||,17,34,8,2,64,exact,7,49,8,3772495.4867348247,3766185.739380662,7,8.064280986785889,1.9196913242340088,False
fig51,kmeans||,17,34,8,2,64,exact,8,50,8,3865989.398334261,3858019.309401659,5,8.015705108642578,0.9156041145324707,False
fig51,kmeans||,17,34,8,2,64,exact,9,51,8,3852994.984443308,3846639.554487591,6,8.258535623550415,3.251580238342285,False
fig51,kmeans||,17,34,8,2,64,exact,10,52,8,3781071.384138148,3771254.718140039,12,7.5560619831085205,7.015233278274536,False
fig51,kmeans||,17,34,9,2,64,exact,0,42,9,3853011.9088617633,3843795.325078676,8,8.329891443252563,3.2844016551971436,False
fig51,kmeans||,17,34,9,2,64,exact,1,43,9,4092264.9034868595,4087321.5232877685,7,8.904544830322266,4.66887903213501,False
fig51,kmeans||,17,34,9,2,64,exact,2,44,9,3964738.120949366,3959162.4069242002,7,8.45694375038147,1.6612637042999268,False
fig51,kmeans||,17,34,9,2,64,exact,3,45,9,4003285.983265614,3997351.214259808,9,9.207815408706665,4.604948043823242,False
fig51,kmeans||,17,34,9,2,64,exact,4,46,9,3825555.2616900373,3821196.793955743,8,9.269044160842896,4.745617151260376,False
fig51,kmeans||,17,34,9,2,64,exact,5,47,9,4105976.404558601,4101128.596111291,8,9.237578868865967,4.390974521636963,False
fig51,kmeans||,17,34,9,2,64,exact,6,48,9,3844224.88355935,3688381.2520030565,16,9.04803729057312,10.730571031570435,False
fig51,kmeans||,17,34,9,2,64,exact,7,49,9,3833691.612734205,3826331.927515802,9,8.94367504119873,4.595936298370361,False
fig51,kmeans||,17,34,9,2,64,exact,8,50,9,3660823.807156978,3653068.9263959797,9,8.919348955154419,4.402063846588135,False
fig51,kmeans||,17,34,9,2,64,exact,9,51,9,3652595.9219220495,3646126.737651497,8,9.374698162078857,3.4500584602355957,False
fig51,kmeans||,17,34,9,2,64,exact,10,52,9,3695983.57171412,3687482.421371467,10,9.138790607452393,5.29213547706604,False
fig51,kmeans||,17,34,10,2,64,exact,0,42,10,4057840.574025552,4055424.0043544834,11,10.905917167663574,6.828331708908081,False
fig51,kmeans||,17,34,10,2,64,exact,1,43,10,3699481.3586029666,3687398.777240321,9,10.29522442817688,5.2359299659729,False
fig51,kmeans||,17,34,10,2,64,exact,2,44,10,3866140.6723200893,3859008.0995055134,8,11.059856653213501,4.468932151794434,False
fig51,kmeans||,17,34,10,2,64,exact,3,45,10,3944613.1284770304,3938681.7187816827,6,10.189242124557495,3.451720714569092,False
fig51,kmeans||,17,34,10,2,64,exact,4,46,10,3781939.7502452205,3775280.168680599,11,9.482352256774902,5.6787519454956055,False
fig51,kmeans||,17,34,10,2,64,exact,5,47,10,3905111.840296687,3756796.5458835,15,11.755643844604492,9.655962228775024,False
fig51,kmeans||,17,34,10,2,64,exact,6,48,10,3676827.296540727,3671138.034492898,17,10.558238506317139,11.451645135879517,False
fig51,kmeans||,17,34,10,2,64,exact,7,49,10,3845457.910887119,3840064.550632477,9,11.636517524719238,4.952949285507202,False
fig51,kmeans||,17,34,10,2,64,exact,8,50,10,3844549.9882826805,3837241.8498119246,10,9.867764234542847,5.785367250442505,False
fig51,kmeans||,17,34,10,2,64,exact,9,51,10,3662655.310976638,3649355.6036986606,10,9.909141540527344,5.569602966308594,False
fig51,kmeans||,17,34,10,2,64,exact,10,52,10,3666305.857780876,3658551.204665348,11,9.620655059814453,6.217396974563599,False
fig51,kmeans||,17,68,1,4,64,exact,0,42,1,4296920.935941221,3922617.7994262343,17,2.7065699100494385,8.087507963180542,False
fig51,kmeans||,17,68,1,4,64,exact,1,43,1,4289394.690836104,3946290.569642388,15,2.757018804550171,9.394783973693848,False
fig51,kmeans||,17,68,1,4,64,exact,2,44,1,4171632.1043008864,3887670.9418432717,9,3.9844164848327637,2.9562530517578125,False
fig51,kmeans||,17,68,1,4,64,exact,3,45,1,4091315.82936565,3834961.2973776795,9,2.5128445625305176,3.5595004558563232,False
fig51,kmeans||,17,68,1,4,64,exact,4,46,1,4434157.379331288,4171619.910531229,8,2.658470630645752,1.965247392654419,False
fig51,kmeans||,17,68,1,4,64,exact,5,47,1,4241271.068399183,3859160.395659359,10,2.596832275390625,3.4955246448516846,False
fig51,kmeans||,17,68,1,4,64,exact,6,48,1,4949381.321092666,4606645.834911797,10,2.7569849491119385,2.875133514404297,False
fig51,kmeans||,17,68,1,4,64,exact,7,49,1,4841465.726081529,4467666.680063457,11,2.6061854362487793,6.563123941421509,False
fig51,kmeans||,17,68,1,4,64,exact,8,50,1,4580857.660214233,3860981.2714837794,16,2.543449640274048,10.027901887893677,False
fig51,kmeans||,17,68,1,4,64,exact,9,51,1,4107346.324591769,3685775.020130334,10,2.638214349746704,3.433842182159424,False
fig51,kmeans||,17,68,1,4,64,exact,10,52,1,4529183.200130595,4114698.662962903,9,2.8259499073028564,4.946919918060303,False
fig51,kmeans||,17,68,2,4,64,exact,0,42,2,3751531.895981532,3674099.229536248,8,3.379608392715454,1.851654052734375,False
fig51,kmeans||,17,68,2,4,64,exact,1,43,2,3790193.942647731,3731762.516923364,10,2.9739909172058105,3.59721302986145,False
fig51,kmeans||,17,68,2,4,64,exact,2,44,2,4090721.9287458016,4054744.3915122845,8,3.1164915561676025,2.234973430633545,False
fig51,kmeans||,17,68,2,4,64,exact,3,45,2,4058284.4298131713,4031808.2417852813,8,3.927734851837158,2.1612014770507812,False
fig51,kmeans||,17,68,2,4,64,exact,4,46,2,4104215.552679957,3833656.5540641057,14,3.2518463134765625,8.419785976409912,False
fig51,kmeans||,17,68,2,4,64,exact,5,47,2,4189988.002197324,4018077.726637419,8,3.215938091278076,5.301450967788696,False
fig51,kmeans||,17,68,2,4,64,exact,6,48,2,4028304.704347622,3844744.1291322685,11,3.7612016201019287,5.69133996963501,False
fig51,kmeans||,17,68,2,4,64,exact,7,49,2,4171263.4966145144,3986405.7644849257,13,3.093066930770874,7.513172388076782,False
fig51,kmeans||,17,68,2,4,64,exact,8,50,2,3965975.0455634557,3812850.8491957015,8,2.8199620246887207,4.148675918579102,False
fig51,kmeans||,17,68,2,4,64,exact,9,51,2,3868184.681697697,3835028.5860879086,9,3.265503168106079,2.8918240070343018,False
fig51,kmeans||,17,68,2,4,64,exact,10,52,2,3755229.9713336956,3702361.770216458,13,2.9168403148651123,5.818251848220825,False
fig51,kmeans||,17,68,3,4,64,exact,0,42,3,3852136.8698699065,3839628.848446417,9,3.8637869358062744,2.582228183746338,False
fig51,kmeans||,17,68,3,4,64,exact,1,43,3,3828670.710633756,3815179.3889271975,11,4.660507440567017,3.5816802978515625,False
fig51,kmeans||,17,68,3,4,64,exact,2,44,3,3702984.895847937,3688335.302534075,7,4.877462387084961,4.130788326263428,False
fig51,kmeans||,17,68,3,4,64,exact,3,45,3,3772705.847281725,3763754.6940201907,10,3.1636874675750732,5.6921422481536865,False
fig51,kmeans||,17,68,3,4,64,exact,4,46,3,3951425.123923297,3931937.0067331423,11,3.4166440963745117,4.036603212356567,False
fig51,kmeans||,17,68,3,4,64,exact,5,47,3,3985019.5568036563,3902378.6743435683,11,3.3812432289123535,3.521519184112549,False
fig51,kmeans||,17,68,3,4,64,exact,6,48,3,3787737.263530579,3770054.90293213,6,3.4195046424865723,1.247373342514038,False
fig51,kmeans||,17,68,3,4,64,exact,7,49,3,3653259.941550276,3643471.970702359,8,4.128467559814453,4.381915330886841,False
fig51,kmeans||,17,68,3,4,64,exact,8,50,3,3909977.8112012288,3826331.717037467,13,3.435530424118042,7.668097734451294,False
fig51,kmeans||,17,68,3,4,64,exact,9,51,3,3845135.165378888,3816024.162369924,10,3.6435530185699463,5.593066215515137,False
fig51,kmeans||,17,68,3,4,64,exact,10,52,3,4036021.847606295,4015491.050986608,8,4.701025009155273,4.764429330825806,False
fig51,kmeans||,17,68,4,4,64,exact,0,42,4,3972306.9918232933,3895247.0990129155,14,4.330681800842285,8.33471155166626,False
fig51,kmeans||,17,68,4,4,64,exact,1,43,4,3734091.908349391,3728364.167399643,10,4.728867292404175,5.045397996902466,False
fig51,kmeans||,17,68,4,4,64,exact,2,44,4,3734852.14475968,3724648.5405484317,8,4.810518503189087,4.605981111526489,False
fig51,kmeans||,17,68,4,4,64,exact,3,45,4,3690022.929019725,3685558.5846045287,9,4.14166522026062,4.730760812759399,False
fig51,kmeans||,17,68,4,4,64,exact,4,46,4,3886043.1755923885,3874584.0477908896,12,4.44752311706543,6.589015960693359,False
fig51,kmeans||,17,68,4,4,64,exact,5,47,4,3810343.321498128,3791863.602517952,14,4.243495225906372,8.573927879333496,False
fig51,kmeans||,17,68,4,4,64,exact,6,48,4,4344469.431152996,4298201.695754282,20,5.1581714153289795,14.259300947189331,False
fig51,kmeans||,17,68,4,4,64,exact,7,49,4,3687418.2416439382,3677588.3596363133,10,3.880577564239502,3.3271470069885254,False
fig51,kmeans||,17,68,4,4,64,exact,8,50,4,3846982.187939205,3835443.9791217195,10,5.326470851898193,4.4514853954315186,False
fig51,kmeans||,17,68,4,4,64,exact,9,51,4,3799705.5966870654,3793099.7566072377,7,4.982349872589111,3.7059485912323,False
fig51,kmeans||,17,68,4,4,64,exact,10,52,4,4015588.891692974,3876575.3803259404,29,3.8217830657958984,25.372776746749878,False
fig51,kmeans||,17,68,5,4,64,exact,0,42,5,3766916.620914998,3763265.277725373,6,4.813065052032471,3.3707900047302246,False
fig51,kmeans||,17,68,5,4,64,exact,1,43,5,4124678.7317591,4120718.700884446,5,5.800020694732666,3.1028892993927,False
fig51,kmeans||,17,68,5,4,64,exact,2,44,5,3884969.43168348,3871562.0941311563,17,5.071623802185059,11.490644931793213,False
fig51,kmeans||,17,68,5,4,64,exact,3,45,5,3851428.167479364,3769593.476025121,17,4.696463346481323,9.235525608062744,False
fig51,kmeans||,17,68,5,4,64,exact,4,46,5,4174177.7218696047,4038352.600106139,27,4.764153480529785,25.26181387901306,False
fig51,kmeans||,17,68,5,4,64,exact,5,47,5,3759032.3327473067,3747681.114670219,12,5.267806053161621,4.84114670753479,False
fig51,kmeans||,17,68,5,4,64,exact,6,48,5,3858160.249206581,3854014.132527754,7,5.172884225845337,2.2135860919952393,False
fig51,kmeans||,17,68,5,4,64,exact,7,49,5,3848571.1314094374,3842936.3377979803,8,4.601763010025024,5.27094030380249,False
fig51,kmeans||,17,68,5,4,64,exact,8,50,5,3799677.9947992517,3793966.2732058316,8,4.848076581954956,2.138571262359619,False
fig51,kmeans||,17,68,5,4,64,exact,9,51,5,3957576.788360651,3947330.8928172747,16,6.184677600860596,10.635761260986328,False
fig51,kmeans||,17,68,5,4,64,exact,10,52,5,3960376.4365003076,3943988.6589018386,17,5.7234790325164795,11.326181650161743,False
fig51,kmeans||,17,68,6,4,64,exact,0,42,6,3718366.1495526754,3716266.714497559,9,6.313931465148926,2.661543130874634,False
fig51,kmeans||,17,68,6,4,64,exact,1,43,6,3950000.891528135,3947600.2754029823,7,6.850576400756836,2.7862792015075684,False
fig51,kmeans||,17,68,6,4,64,exact,2,44,6,3818836.1177731003,3813871.782833127,8,6.488368034362793,4.469738483428955,False
fig51,kmeans||,17,68,6,4,64,exact,3,45,6,3778111.1968067093,3774819.9476679927,8,5.411541700363159,2.5671703815460205,False
fig51,kmeans||,17,68,6,4,64,exact,4,46,6,3710930.15814087,3702361.77195821,13,6.382099866867065,7.68656325340271,False
fig51,kmeans||,17,68,6,4,64,exact,5,47,6,3742165.0275227726,3737592.1365863625,8,5.9613566398620605,4.533907890319824,False
fig51,kmeans||,17,68,6,4,64,exact,6,48,6,3809867.868246846,3798189.847502825,10,5.5510194301605225,4.089206695556641,False
fig51,kmeans||,17,68,6,4,64,exact,7,49,6,3772641.2685961565,3770088.1081656264,5,5.524243354797363,3.6674420833587646,False
fig51,kmeans||,17,68,6,4,64,exact,8,50,6,3830188.6415395727,3825773.3757581124,16,5.988853454589844,10.531588315963745,False
fig51,kmeans||,17,68,6,4,64,exact,9,51,6,3800818.662172608,3796476.43615035,9,5.7078187465667725,5.06822943687439,False
fig51,kmeans||,17,68,6,4,64,exact,10,52,6,3814998.756906924,3810198.676728768,9,6.0074989795684814,3.2620856761932373,False
fig51,kmeans||,17,68,7,4,64,exact,0,42,7,3824519.205391154,3821524.8792703357,6,7.297275066375732,3.7960660457611084,False
fig51,kmeans||,17,68,7,4,64,exact,1,43,7,3857619.2395132394,3851695.4030895378,10,7.628439903259277,6.4225170612335205,False
fig51,kmeans||,17,68,7,4,64,exact,2,44,7,4442968.479278548,4373260.363590571,17,6.466107368469238,11.540058851242065,False
fig51,kmeans||,17,68,7,4,64,exact,3,45,7,3934829.4476618096,3933135.890555431,7,7.282079458236694,4.56691837310791,False
fig51,kmeans||,17,68,7,4,64,exact,4,46,7,3786325.057238896,3784981.9934059824,10,6.739153623580933,6.397573947906494,False
fig51,kmeans||,17,68,7,4,64,exact,5,47,7,3680760.067947116,3672904.326325522,7,7.599596977233887,3.849480152130127,False
fig51,kmeans||,17,68,7,4,64,exact,6,48,7,3817983.9707104783,3814211.35187556,6,7.140350341796875,3.163545846939087,False
fig51,kmeans||,17,68,7,4,64,exact,7,49,7,4216473.529006365,4214576.633300049,14,7.433093309402466,7.840246915817261,False
fig51,kmeans||,17,68,7,4,64,exact,8,50,7,3698203.5681063784,3694631.3191415425,10,7.1989147663116455,6.28342866897583,False
fig51,kmeans||,17,68,7,4,64,exact,9,51,7,3577244.625670705,3572816.455060672,6,6.559332370758057,4.283107280731201,False
fig51,kmeans||,17,68,7,4,64,exact,10,52,7,3966462.1599609265,3960732.7906099646,9,7.158891677856445,5.6851325035095215,False
fig51,kmeans||,17,68,8,4,64,exact,0,42,8,3946230.0123273097,3943838.3518908485,7,9.12369966506958,3.8975253105163574,False
fig51,kmeans||,17,68,8,4,64,exact,1,43,8,4177913.5814995994,4177092.126913153,8,8.686503171920776,4.124351739883423,False
fig51,kmeans||,17,68,8,4,64,exact,2,44,8,3862791.8334592436,3857029.890371899,22,8.564722776412964,17.07915234565735,False
fig51,kmeans||,17,68,8,4,64,exact,3,45,8,3768320.564654125,3766591.611756587,8,9.055745124816895,4.879161834716797,False
fig51,kmeans||,17,68,8,4,64,exact,4,46,8,3888918.729442134,3855302.476469755,14,7.537412643432617,6.667308568954468,False
fig51,kmeans||,17,68,8,4,64,exact,5,47,8,3696040.5452320403,3687398.728750903,10,8.194301843643188,6.8569016456604,False
fig51,kmeans||,17,68,8,4,64,exact,6,48,8,3885618.073831824,3882037.4540882516,7,8.608762502670288,3.9769113063812256,False
fig51,kmeans||,17,68,8,4,64,exact,7,49,8,4117173.262633592,4113079.0820549247,8,8.585516691207886,4.2962963581085205,False
fig51,kmeans||,17,68,8,4,64,exact,8,50,8,3979205.6995830117,3976443.519089004,6,9.151678562164307,3.2531423568725586,False
fig51,kmeans||,17,68,8,4,64,exact,9,51,8,3755205.2234879937,3739491.0048239585,13,8.795830011367798,8.112961053848267,False
fig51,kmeans||,17,68,8,4,64,exact,10,52,8,3841325.0851888536,3839485.1472724937,6,9.1767737865448,1.2800283432006836,False
fig51,kmeans||,17,68,9,4,64,exact,0,42,9,3750208.7199855577,3747603.997939502,5,9.194644451141357,3.1085257530212402,False
fig51,kmeans||,17,68,9,4,64,exact,1,43,9,3720036.7415082217,3718675.899053779,6,9.128368139266968,3.5015928745269775,False
fig51,kmeans||,17,68,9,4,64,exact,2,44,9,3803131.2570237718,3799574.5341300652,13,9.866992950439453,8.00643801689148,False
fig51,kmeans||,17,68,9,4,64,exact,3,45,9,3748481.8148571225,3746137.6233609496,10,10.690732479095459,3.657358169555664,False
fig51,kmeans||,17,68,9,4,64,exact,4,46,9,3851750.690297545,3850464.8035676507,8,10.023704528808594,3.490483522415161,False
fig51,kmeans||,17,68,9,4,64,exact,5,47,9,3846068.48129797,3743114.8914261465,15,9.475230932235718,9.413005352020264,False
fig51,kmeans||,17,68,9,4,64,exact,6,48,9,3839822.370409932,3834961.227051466,18,9.4843008518219,12.373825073242188,False
fig51,kmeans||,17,68,9,4,64,exact,7,49,9,3719617.072324453,3716363.101791455,10,9.920753002166748,5.25792670249939,False
fig51,kmeans||,17,68,9,4,64,exact,8,50,9,4174773.528300098,4172037.339001269,7,9.805787324905396,1.9022216796875,False
fig51,kmeans||,17,68,9,4,64,exact,9,51,9,3683161.670827125,3679062.8381440933,7,10.589600086212158,4.566583871841431,False
fig51,kmeans||,17,68,9,4,64,exact,10,52,9,3925246.3208756186,3803435.3611374144,18,9.363999366760254,9.975790023803711,False
fig51,kmeans||,17,68,10,4,64,exact,0,42,10,3975821.7950608423,3973880.0118032387,6,10.530256748199463,1.7766528129577637,False
fig51,kmeans||,17,68,10,4,64,exact,1,43,10,3957977.8041087836,3956997.7587998137,5,10.992199420928955,3.4831364154815674,False
fig51,kmeans||,17,68,10,4,64,exact,2,44,10,3782579.184206423,3780817.9733126857,5,11.539669752120972,0.9444596767425537,False
fig51,kmeans||,17,68,10,4,64,exact,3,45,10,3746508.769474483,3745632.8551965468,5,12.352835893630981,3.2177817821502686,False
fig51,kmeans||,17,68,10,4,64,exact,4,46,10,3905592.6935793073,3904635.3362585166,12,11.222068548202515,7.984992265701294,False
fig51,kmeans||,17,68,10,4,64,exact,5,47,10,3933537.3135686223,3926148.433815537,9,10.061431646347046,3.9714372158050537,False
fig51,kmeans||,17,68,10,4,64,exact,6,48,10,3619914.329499195,3619367.2542297672,4,11.747682332992554,0.9014203548431396,False
fig51,kmeans||,17,68,10,4,64,exact,7,49,10,4049022.824511723,4043321.969742759,23,10.44620132446289,18.438576698303223,False
fig51,kmeans||,17,68,10,4,64,exact,8,50,10,3720160.5073242267,3719351.404643521,4,11.199167728424072,0.6246018409729004,False
fig51,kmeans||,17,68,10,4,64,exact,9,51,10,3650702.265691805,3647283.9178729686,9,10.96821904182434,2.67474102973938,False
fig51,kmeans||,17,68,10,4,64,exact,10,52,10,3971938.9919681186,3967936.883104778,8,11.710897207260132,4.105337619781494,False
fig51,kmeans||,33,33,1,1,64,exact,0,42,1,6011705.176917449,3787299.876958591,100,2.543522596359253,279.4374759197235,False
fig51,kmeans||,33,33,1,1,64,exact,1,43,1,6060080.399428414,4041147.5568803665,59,2.505708932876587,98.00847601890564,False
fig51,kmeans||,33,33,1,1,64,exact,2,44,1,4239666.144359513,2673487.610019272,41,2.589193820953369,49.43867063522339,False
fig51,kmeans||,33,33,1,1,64,exact,3,45,1,4863783.534192924,2784345.839325357,60,2.6446685791015625,100.47429323196411,False
fig51,kmeans||,33,33,1,1,64,exact,4,46,1,4844374.629348106,2599387.9413744705,33,2.328718900680542,35.4109411239624,False
fig51,kmeans||,33,33,1,1,64,exact,5,47,1,6594572.327020749,4303201.950694014,27,2.3868179321289062,23.979646921157837,False
fig51,kmeans||,33,33,1,1,64,exact,6,48,1,8057163.383970053,4786838.301635052,57,2.190340518951416,90.8238353729248,False
fig51,kmeans||,33,33,1,1,64,exact,7,49,1,5265617.110122754,2477005.755500774,28,2.434589147567749,23.05131959915161,False
fig51,kmeans||,33,33,1,1,64,exact,8,50,1,5393606.223184592,3927854.819454186,46,2.3642308712005615,61.10906219482422,False
fig51,kmeans||,33,33,1,1,64,exact,9,51,1,6167851.431516526,2494160.425044398,36,2.4705145359039307,38.58221983909607,False
fig51,kmeans||,33,33,1,1,64,exact,10,52,1,4507292.8326191055,2460595.77789152,40,2.395026206970215,49.15461087226868,False
fig51,kmeans||,33,33,2,1,64,exact,0,42,2,1468280.4851533824,1061976.9313993528,10,2.917935848236084,5.644681453704834,False
fig51,kmeans||,33,33,2,1,64,exact,1,43,2,1620811.3952051015,1140689.7695668247,34,3.041128396987915,38.471991300582886,False
fig51,kmeans||,33,33,2,1,64,exact,2,44,2,1400704.2464164696,1117475.2282039542,9,2.7502946853637695,3.7716586589813232,False
fig51,kmeans||,33,33,2,1,64,exact,3,45,2,1347669.0308915,1079289.0523183136,10,3.222363233566284,5.469213962554932,False
fig51,kmeans||,33,33,2,1,64,exact,4,46,2,1451337.8183014751,1141387.604747254,11,3.0380377769470215,6.995826244354248,False
fig51,kmeans||,33,33,2,1,64,exact,5,47,2,1720572.1366080856,1221805.9256092075,35,3.132708787918091,40.78188133239746,False
fig51,kmeans||,33,33,2,1,64,exact,6,48,2,1989954.697444497,1316421.8296465431,20,3.219001531600952,15.286376237869263,False
fig51,kmeans||,33,33,2,1,64,exact,7,49,2,1838511.147219531,1241736.8485240135,24,2.8382794857025146,19.041741847991943,False
fig51,kmeans||,33,33,2,1,64,exact,8,50,2,1440805.6108566658,1204202.7020610902,20,3.0002365112304688,12.990206956863403,False
fig51,kmeans||,33,33,2,1,64,exact,9,51,2,1944689.9839079012,1702854.0052839522,13,3.1047346591949463,8.002057552337646,False
fig51,kmeans||,33,33,2,1,64,exact,10,52,2,1751016.550502369,1213549.1423756988,32,2.985835075378418,32.459282875061035,False
fig51,kmeans||,33,33,3,1,64,exact,0,42,3,1264013.1668373419,1111892.0970690711,10,3.8708431720733643,3.45565128326416,False
fig51,kmeans||,33,33,3,1,64,exact,1,43,3,1251097.4448572653,1143494.1371592954,13,3.4513485431671143,8.188270568847656,False
fig51,kmeans||,33,33,3,1,64,exact,2,44,3,1246248.9733606703,1119544.5931043534,19,3.567277431488037,11.217544078826904,False
fig51,kmeans||,33,33,3,1,64,exact,3,45,3,1212355.4000613152,1129974.4772459273,9,3.348111152648926,3.1548473834991455,False
fig51,kmeans||,33,33,3,1,64,exact,4,46,3,1258924.7029776636,1122408.5095839284,11,3.7587766647338867,4.478876829147339,False
fig51,kmeans||,33,33,3,1,64,exact,5,47,3,1259088.3833029885,1163187.4215017075,43,3.207705497741699,52.68173170089722,False
fig51,kmeans||,33,33,3,1,64,exact,6,48,3,1341533.736409196,1166484.8983737144,20,3.2726128101348877,14.07671570777893,False
fig51,kmeans||,33,33,3,1,64,exact,7,49,3,1198263.6179893,1101425.209588144,8,3.50341534614563,2.1121299266815186,False
fig51,kmeans||,33,33,3,1,64,exact,8,50,3,1226812.0018367071,1123225.9021479636,9,3.966139078140259,2.6094601154327393,False
fig51,kmeans||,33,33,3,1,64,exact,9,51,3,1268981.7686259365,1129164.8822154328,11,3.458001136779785,6.107945442199707,False
fig51,kmeans||,33,33,3,1,64,exact,10,52,3,1215342.8757146206,1088307.4293409814,36,3.871641159057617,37.00452136993408,False
fig51,kmeans||,33,33,4,1,64,exact,0,42,4,1210530.8435132906,1122157.2079209196,18,3.9453253746032715,9.66687536239624,False
fig51,kmeans||,33,33,4,1,64,exact,1,43,4,1207591.4942916946,1140883.022861624,13,4.604045391082764,4.893937587738037,False
fig51,kmeans||,33,33,4,1,64,exact,2,44,4,1151134.399605298,1094530.8977860303,8,4.4978532791137695,4.492950201034546,False
fig51,kmeans||,33,33,4,1,64,exact,3,45,4,1357594.9590092755,1315657.2965741074,18,4.025237321853638,12.707536935806274,False
fig51,kmeans||,33,33,4,1,64,exact,4,46,4,1228426.1225088537,1169561.4009307302,13,4.128433465957642,5.834937334060669,False
fig51,kmeans||,33,33,4,1,64,exact,5,47,4,1230487.8547939633,1151234.1277888394,16,4.529087543487549,11.533769607543945,False
fig51,kmeans||,33,33,4,1,64,exact,6,48,4,1271997.494010411,1173882.8923953022,29,4.129922389984131,25.861846446990967,False
fig51,kmeans||,33,33,4,1,64,exact,7,49,4,1136075.6115070176,1078244.7870258058,24,3.790849208831787,18.67308783531189,False
fig51,kmeans||,33,33,4,1,64,exact,8,50,4,1194791.7828256274,1129175.130077969,11,3.9137325286865234,6.439864873886108,False
fig51,kmeans||,33,33,4,1,64,exact,9,51,4,1203577.4275912424,1132061.910934541,14,4.170191764831543,9.103026390075684,False
fig51,kmeans||,33,33,4,1,64,exact,10,52,4,1194676.6542295224,1140138.9314020257,15,4.701202630996704,6.984063148498535,False
fig51,kmeans||,33,33,5,1,64,exact,0,42,5,1172783.958950881,1126874.452832566,8,4.696657419204712,4.493851900100708,False
fig51,kmeans||,33,33,5,1,64,exact,1,43,5,1232593.7588484606,1177867.208402507,22,5.115471124649048,15.734004735946655,False
fig51,kmeans||,33,33,5,1,64,exact,2,44,5,1256076.1407033184,1186383.5337591867,17,4.3878560066223145,9.239893198013306,False
fig51,kmeans||,33,33,5,1,64,exact,3,45,5,1185280.4072688469,1143431.9810383955,20,4.714414596557617,12.262493133544922,False
fig51,kmeans||,33,33,5,1,64,exact,4,46,5,1162632.3259703084,1128848.7537998515,9,4.613449335098267,3.3099939823150635,False
fig51,kmeans||,33,33,5,1,64,exact,5,47,5,1181486.1798941079,1118595.6410145266,9,4.426413059234619,6.061668157577515,False
fig51,kmeans||,33,33,5,1,64,exact,6,48,5,1206622.5069913182,1173269.2571373559,15,4.803005695343018,9.341942071914673,False
fig51,kmeans||,33,33,5,1,64,exact,7,49,5,1266677.5787188623,1226305.5439666586,31,5.129037857055664,28.52719473838806,False
fig51,kmeans||,33,33,5,1,64,exact,8,50,5,1199813.4153440013,1149684.7194960562,38,5.752204656600952,42.334672927856445,False
fig51,kmeans||,33,33,5,1,64,exact,9,51,5,1169837.9515803496,1109080.1366344877,21,5.049831390380859,13.095210075378418,False
fig51,kmeans||,33,33,5,1,64,exact,10,52,5,1154970.6477922117,1127845.2927125695,9,4.3865766525268555,5.8379433155059814,False
fig51,kmeans||,33,33,6,1,64,exact,0,42,6,1231662.920120712,1214444.642433899,25,5.6975417137146,19.871466159820557,False
fig51,kmeans||,33,33,6,1,64,exact,1,43,6,1217302.090866325,1162940.0158852602,12,5.890742778778076,7.541460990905762,False
fig51,kmeans||,33,33,6,1,64,exact,2,44,6,1245238.4571067134,1223518.1323256237,37,5.565702438354492,42.193711042404175,False
fig51,kmeans||,33,33,6,1,64,exact,3,45,6,1225370.9390190674,1199064.3060660788,8,5.225862503051758,4.550480842590332,False
fig51,kmeans||,33,33,6,1,64,exact,4,46,6,1215889.7670794576,1190077.697996239,10,6.497826814651489,5.860613584518433,False
fig51,kmeans||,33,33,6,1,64,exact,5,47,6,1142825.4844856027,1112247.549227681,19,6.28605055809021,14.12070918083191,False
fig51,kmeans||,33,33,6,1,64,exact,6,48,6,1199106.7531320585,1145391.4315692324,18,5.521900653839111,10.082193613052368,False
fig51,kmeans||,33,33,6,1,64,exact,7,49,6,1253688.9223123416,1215685.175659056,19,5.0879316329956055,13.92009687423706,False
fig51,kmeans||,33,33,6,1,64,exact,8,50,6,1166740.7014119623,1138084.2610907978,11,5.1305248737335205,4.6078596115112305,False
fig51,kmeans||,33,33,6,1,64,exact,9,51,6,1208507.6649890826,1183034.4379194092,13,5.137897968292236,5.47956109046936,False
fig51,kmeans||,33,33,6,1,64,exact,10,52,6,1164957.3953292503,1139702.8496637454,22,5.518728971481323,16.365158557891846,False
fig51,kmeans||,33,33,7,1,64,exact,0,42,7,1268301.2977964166,1220529.2180885244,25,6.777141571044922,18.78776454925537,False
fig51,kmeans||,33,33,7,1,64,exact,1,43,7,1222130.744448794,1183157.8600038798,51,5.830082893371582,75.24079251289368,False
fig51,kmeans||,33,33,7,1,64,exact,2,44,7,1276938.2596435873,1221338.9507656458,18,5.921433210372925,10.250388145446777,False
fig51,kmeans||,33,33,7,1,64,exact,3,45,7,1166174.0020280068,1140047.0170627339,22,6.230071067810059,16.68627095222473,False
fig51,kmeans||,33,33,7,1,64,exact,4,46,7,1189046.2127016643,1160672.7054304683,52,6.142438650131226,78.80642557144165,False
fig51,kmeans||,33,33,7,1,64,exact,5,47,7,1213142.0915862883,1188278.515413211,9,6.719825744628906,3.1678261756896973,False
fig51,kmeans||,33,33,7,1,64,exact,6,48,7,1143171.818697736,1122378.726886263,18,6.087810754776001,12.984171390533447,False
fig51,kmeans||,33,33,7,1,64,exact,7,49,7,1193440.663590567,1168848.8219528946,18,6.633012056350708,12.28239917755127,False
fig51,kmeans||,33,33,7,1,64,exact,8,50,7,1174984.2653887845,1140233.7748833613,43,6.827068090438843,51.55604434013367,False
fig51,kmeans||,33,33,7,1,64,exact,9,51,7,1184652.1370443995,1165099.3649321678,10,6.426663875579834,3.1682980060577393,False
fig51,kmeans||,33,33,7,1,64,exact,10,52,7,1224883.0273640016,1195286.0742687394,15,6.392894268035889,8.928400993347168,False
fig51,kmeans||,33,33,8,1,64,exact,0,42,8,1160446.548522007,1150230.5672209142,14,7.361225843429565,8.4355309009552,False
fig51,kmeans||,33,33,8,1,64,exact,1,43,8,1220536.5123712756,1153609.0715966711,62,6.977167129516602,105.42555785179138,False
fig51,kmeans||,33,33,8,1,64,exact,2,44,8,1196588.4495032264,1181426.5454362412,6,7.438831567764282,3.841508626937866,False
fig51,kmeans||,33,33,8,1,64,exact,3,45,8,1248247.2674133182,1226347.2736054726,21,7.633716344833374,14.973881959915161,False
fig51,kmeans||,33,33,8,1,64,exact,4,46,8,1168897.190979448,1154962.3976943458,9,6.991269826889038,5.244309663772583,False
fig51,kmeans||,33,33,8,1,64,exact,5,47,8,1204546.1243210377,1167649.6553637132,14,8.117121934890747,7.8049328327178955,False
fig51,kmeans||,33,33,8,1,64,exact,6,48,8,1121056.2362763297,1098452.5002386698,19,7.502981185913086,11.958729028701782,False
fig51,kmeans||,33,33,8,1,64,exact,7,49,8,1240834.4289756054,1192112.1662398758,12,7.431924104690552,6.999645709991455,False
fig51,kmeans||,33,33,8,1,64,exact,8,50,8,1211304.494177628,1191940.0199578262,17,6.869829416275024,11.521003723144531,False
fig51,kmeans||,33,33,8,1,64,exact,9,51,8,1175233.9247140775,1161694.4495266594,8,6.862941741943359,4.7526843547821045,False
fig51,kmeans||,33,33,8,1,64,exact,10,52,8,1243423.7408783778,1222388.873667358,9,7.521798610687256,5.38732385635376,False
fig51,kmeans||,33,33,9,1,64,exact,0,42,9,1140015.3702541501,1127862.5828201617,23,8.560248851776123,18.716514825820923,False
fig51,kmeans||,33,33,9,1,64,exact,1,43,9,1155430.9059603245,1137608.7354336488,25,8.427832841873169,20.830706119537354,False
fig51,kmeans||,33,33,9,1,64,exact,2,44,9,1247058.7931517763,1212771.383042815,20,8.93431806564331,15.740798711776733,False
fig51,kmeans||,33,33,9,1,64,exact,3,45,9,1249726.055395698,1198867.141027638,9,9.43520736694336,4.504103899002075,False
fig51,kmeans||,33,33,9,1,64,exact,4,46,9,1156940.376418502,1143430.0044285655,53,8.264170169830322,80.60267663002014,False
fig51,kmeans||,33,33,9,1,64,exact,5,47,9,1150667.0804653484,1132670.1673192424,18,8.748425722122192,11.86896300315857,False
fig51,kmeans||,33,33,9,1,64,exact,6,48,9,1104375.6288222077,1090079.3724829173,9,7.823103666305542,6.158918857574463,False
fig51,kmeans||,33,33,9,1,64,exact,7,49,9,1179123.2361376453,1160374.8092794768,11,9.009250402450562,6.055193185806274,False
fig51,kmeans||,33,33,9,1,64,exact,8,50,9,1159068.6892262436,1136629.1474993073,56,9.15959620475769,93.53939604759216,False
fig51,kmeans||,33,33,9,1,64,exact,9,51,9,1152526.9510502138,1142443.908643423,15,8.62240481376648,7.409473657608032,False
fig51,kmeans||,33,33,9,1,64,exact,10,52,9,1161087.5327975426,1152648.2687466766,8,9.188299417495728,4.36295747756958,False
fig51,kmeans||,33,33,10,1,64,exact,0,42,10,1171140.7153876566,1166243.2230140795,9,10.046136379241943,2.8423984050750732,False
fig51,kmeans||,33,33,10,1,64,exact,1,43,10,1150750.3347796462,1139744.0287391446,18,9.551195621490479,12.67262053489685,False
fig51,kmeans||,33,33,10,1,64,exact,2,44,10,1155786.3334241514,1125824.2106184878,25,9.268996477127075,20.564449548721313,False
fig51,kmeans||,33,33,10,1,64,exact,3,45,10,1178113.0847475065,1164908.1624743037,8,9.768375396728516,4.442927837371826,False
fig51,kmeans||,33,33,10,1,64,exact,4,46,10,1180968.2456717463,1161559.556845359,22,9.214507579803467,16.482755661010742,False
fig51,kmeans||,33,33,10,1,64,exact,5,47,10,1195188.2910431726,1185961.0107135095,16,8.835782766342163,9.656734704971313,False
fig51,kmeans||,33,33,10,1,64,exact,6,48,10,1105072.4913863812,1096318.646896226,17,9.486416578292847,10.92845606803894,False
fig51,kmeans||,33,33,10,1,64,exact,7,49,10,1192965.2232865116,1177829.402580156,17,9.213534355163574,11.34326958656311,False
fig51,kmeans||,33,33,10,1,64,exact,8,50,10,1190551.199301588,1175938.1923963083,20,10.069792747497559,14.83698296546936,False
fig51,kmeans||,33,33,10,1,64,exact,9,51,10,1119948.731992331,1104352.753178625,7,9.93389368057251,4.58366584777832,False
fig51,kmeans||,33,33,10,1,64,exact,10,52,10,1160442.236836879,1151193.2180366,42,9.873552083969116,49.763455390930176,False
fig51,kmeans||,33,66,1,2,64,exact,0,42,1,2721662.546727392,1903193.5925048261,57,2.6535019874572754,88.08117723464966,False
fig51,kmeans||,33,66,1,2,64,exact,1,43,1,3331551.7872524867,1621300.4627918066,36,2.557539463043213,38.282195806503296,False
fig51,kmeans||,33,66,1,2,64,exact,2,44,1,2246862.414597157,1873327.8616157966,29,3.8127641677856445,23.22670602798462,False
fig51,kmeans||,33,66,1,2,64,exact,3,45,1,2164826.2818524805,1575166.0171293071,30,2.902822971343994,31.11395764350891,False
fig51,kmeans||,33,66,1,2,64,exact,4,46,1,3536577.0817181617,2488056.591143474,17,3.5811455249786377,8.741453647613525,False
fig51,kmeans||,33,66,1,2,64,exact,5,47,1,2697251.613841241,1635402.7375661565,51,2.610565423965454,72.61086654663086,False
fig51,kmeans||,33,66,1,2,64,exact,6,48,1,4452136.944356959,2599378.606766823,32,2.673996925354004,29.32951283454895,False
fig51,kmeans||,33,66,1,2,64,exact,7,49,1,3374623.5991245606,2463791.1657488956,21,3.0127835273742676,14.59222936630249,False
fig51,kmeans||,33,66,1,2,64,exact,8,50,1,2953081.931139496,1765122.8423121967,23,2.514420986175537,15.30016279220581,False
fig51,kmeans||,33,66,1,2,64,exact,9,51,1,2559554.1921624863,1703754.250487125,33,2.6050267219543457,30.72780132293701,False
fig51,kmeans||,33,66,1,2,64,exact,10,52,1,2582586.99131156,1539239.0584504916,76,2.392554521560669,165.20647549629211,False
fig51,kmeans||,33,66,2,2,64,exact,0,42,2,1285374.369618156,1196602.3843845373,22,3.0470731258392334,17.981144666671753,False
fig51,kmeans||,33,66,2,2,64,exact,1,43,2,1206275.5521009865,1079234.9162216946,27,3.29237699508667,24.37622904777527,False
fig51,kmeans||,33,66,2,2,64,exact,2,44,2,1182416.8250852786,1094234.4334259126,9,3.384373426437378,2.5825531482696533,False
fig51,kmeans||,33,66,2,2,64,exact,3,45,2,1178634.3527298174,1130895.025155466,10,3.1615309715270996,5.56101393699646,False
fig51,kmeans||,33,66,2,2,64,exact,4,46,2,1266031.5289989957,1108189.6348092658,34,2.8438315391540527,32.651841163635254,False
fig51,kmeans||,33,66,2,2,64,exact,5,47,2,1190602.6104946658,1090579.7370953423,9,2.96886944770813,3.203522205352783,False
fig51,kmeans||,33,66,2,2,64,exact,6,48,2,1285125.410912798,1128738.5356504826,19,3.1115455627441406,13.247901201248169,False
fig51,kmeans||,33,66,2,2,64,exact,7,49,2,1302925.325494076,1111962.8528195089,9,2.9281601905822754,3.005842685699463,False
fig51,kmeans||,33,66,2,2,64,exact,8,50,2,1256693.649727542,1107169.8014020878,10,2.8891661167144775,3.8433408737182617,False
fig51,kmeans||,33,66,2,2,64,exact,9,51,2,1279418.9294660701,1182415.757304963,10,2.6179187297821045,3.128838062286377,False
fig51,kmeans||,33,66,2,2,64,exact,10,52,2,1279398.4283802276,1180528.1501917024,18,3.3829612731933594,10.13481616973877,False
fig51,kmeans||,33,66,3,2,64,exact,0,42,3,1180418.7887899824,1122858.727336613,9,3.7151546478271484,4.745975971221924,False
fig51,kmeans||,33,66,3,2,64,exact,1,43,3,1175274.9325173027,1136043.5964393662,18,3.6659281253814697,10.109935760498047,False
fig51,kmeans||,33,66,3,2,64,exact,2,44,3,1160649.1827738916,1119163.1912688697,51,3.8698301315307617,72.66478991508484,False
fig51,kmeans||,33,66,3,2,64,exact,3,45,3,1161039.385115953,1139980.1958704402,13,3.7239112854003906,5.838723659515381,False
fig51,kmeans||,33,66,3,2,64,exact,4,46,3,1168182.9566452235,1143290.0751801503,19,3.54470157623291,14.26510763168335,False
fig51,kmeans||,33,66,3,2,64,exact,5,47,3,1163118.9075944186,1135760.3169248705,9,3.4624788761138916,2.698936939239502,False
fig51,kmeans||,33,66,3,2,64,exact,6,48,3,1174023.4990137413,1130321.8493181167,9,5.091235160827637,5.0770978927612305,False
fig51,kmeans||,33,66,3,2,64,exact,7,49,3,1167260.7943042603,1136331.5263284035,22,4.170400142669678,15.068192720413208,False
fig51,kmeans||,33,66,3,2,64,exact,8,50,3,1124917.7490617097,1088770.1474235663,9,3.9154231548309326,3.4279775619506836,False
fig51,kmeans||,33,66,3,2,64,exact,9,51,3,1191794.511092773,1145321.9608564572,22,3.4414355754852295,14.53757905960083,False
fig51,kmeans||,33,66,3,2,64,exact,10,52,3,1158698.6361622708,1129931.9241985162,12,3.5180294513702393,4.965322017669678,False
fig51,kmeans||,33,66,4,2,64,exact,0,42,4,1205372.238184767,1169181.0957067239,31,3.80179762840271,30.119174480438232,False
fig51,kmeans||,33,66,4,2,64,exact,1,43,4,1266430.2552101335,1251770.6633029096,15,4.312995195388794,10.217024803161621,False
fig51,kmeans||,33,66,4,2,64,exact,2,44,4,1156969.978999356,1132597.669554334,9,4.273155212402344,2.529228687286377,False
fig51,kmeans||,33,66,4,2,64,exact,3,45,4,1088855.092884338,1080109.0836587907,11,3.7084758281707764,6.07257866859436,False
fig51,kmeans||,33,66,4,2,64,exact,4,46,4,1152652.6786398548,1135508.770112435,15,4.290950536727905,9.873802661895752,False
fig51,kmeans||,33,66,4,2,64,exact,5,47,4,1183240.9045294027,1148687.100740512,21,3.9581491947174072,15.071882963180542,False
fig51,kmeans||,33,66,4,2,64,exact,6,48,4,1206625.7170372184,1185334.556837751,41,3.5464653968811035,50.80199432373047,False
fig51,kmeans||,33,66,4,2,64,exact,7,49,4,1201924.7213464815,1175193.7018308032,59,3.9848532676696777,107.38323879241943,False
fig51,kmeans||,33,66,4,2,64,exact,8,50,4,1122802.2240074764,1099074.7674349798,10,4.10860538482666,5.0754313468933105,False
fig51,kmeans||,33,66,4,2,64,exact,9,51,4,1141644.407487452,1127122.6537190962,10,5.78180718421936,3.9107675552368164,False
fig51,kmeans||,33,66,4,2,64,exact,10,52,4,1163242.3163723142,1142814.6684537204,20,3.7084758281707764,14.629857063293457,False
fig51,kmeans||,33,66,5,2,64,exact,0,42,5,1198690.106896627,1184819.8384559173,19,5.015345096588135,11.532247066497803,False
fig51,kmeans||,33,66,5,2,64,exact,1,43,5,1160943.6851399022,1146155.610725843,17,4.803402662277222,11.527803421020508,False
fig51,kmeans||,33,66,5,2,64,exact,2,44,5,1094822.1973461653,1080309.5928309509,11,5.281636476516724,4.663638591766357,False
fig51,kmeans||,33,66,5,2,64,exact,3,45,5,1170326.1257191142,1159943.645795935,27,4.844667434692383,21.85932970046997,False
fig51,kmeans||,33,66,5,2,64,exact,4,46,5,1162460.2946836697,1152138.8952710193,9,4.95672607421875,5.516339540481567,False
fig51,kmeans||,33,66,5,2,64,exact,5,47,5,1106620.1417832628,1093307.0480739274,9,4.689959526062012,4.732203006744385,False
fig51,kmeans||,33,66,5,2,64,exact,6,48,5,1220749.4204722985,1199124.7371531914,44,4.642065763473511,56.14224362373352,False
fig51,kmeans||,33,66,5,2,64,exact,7,49,5,1134918.0168812794,1116414.921003306,8,4.646947383880615,4.572370767593384,False
fig51,kmeans||,33,66,5,2,64,exact,8,50,5,1213432.346686095,1199575.483232038,27,5.206305265426636,23.247666597366333,False
fig51,kmeans||,33,66,5,2,64,exact,9,51,5,1110595.3426148363,1096907.1935999952,8,4.703441858291626,4.523181200027466,False
fig51,kmeans||,33,66,5,2,64,exact,10,52,5,1160069.7916921661,1144476.8953345346,17,4.937391757965088,9.370405673980713,False
fig51,kmeans||,33,66,6,2,64,exact,0,42,6,1234025.0174377637,1227050.386323651,17,5.6247804164886475,11.300741910934448,False
fig51,kmeans||,33,66,6,2,64,exact,1,43,6,1126671.8070979065,1117388.7173781039,8,5.440594911575317,4.898457288742065,False
fig51,kmeans||,33,66,6,2,64,exact,2,44,6,1180737.3328491936,1161656.410058124,23,5.665299415588379,18.153021812438965,False
fig51,kmeans||,33,66,6,2,64,exact,3,45,6,1163066.5484345069,1122563.5943703651,15,5.995660066604614,9.738799333572388,False
fig51,kmeans||,33,66,6,2,64,exact,4,46,6,1145752.115768178,1130901.5832659286,19,5.654729843139648,13.646772384643555,False
fig51,kmeans||,33,66,6,2,64,exact,5,47,6,1126641.0583588926,1118502.2870101358,8,5.555830240249634,5.41990327835083,False
fig51,kmeans||,33,66,6,2,64,exact,6,48,6,1085922.4338159391,1079289.0691505317,10,5.39324164390564,6.264141798019409,False
fig51,kmeans||,33,66,6,2,64,exact,7,49,6,1154742.5212879013,1143274.750626054,9,5.875152111053467,5.132516622543335,False
fig51,kmeans||,33,66,6,2,64,exact,8,50,6,1173009.8081703114,1156921.162470997,17,6.414139032363892,10.470622062683105,False
fig51,kmeans||,33,66,6,2,64,exact,9,51,6,1133175.2299146708,1107678.437735619,21,5.957005262374878,13.421038389205933,False
fig51,kmeans||,33,66,6,2,64,exact,10,52,6,1151890.597207726,1144918.653619425,18,5.425804138183594,12.186110973358154,False
fig51,kmeans||,33,66,7,2,64,exact,0,42,7,1116385.4011771993,1109152.5770133976,14,6.96108341217041,6.6268932819366455,False
fig51,kmeans||,33,66,7,2,64,exact,1,43,7,1155841.216610491,1147637.1364889494,20,6.140400648117065,12.315766096115112,False
fig51,kmeans||,33,66,7,2,64,exact,2,44,7,1105826.4087770819,1098468.1391732653,8,8.037410020828247,4.364582777023315,False
fig51,kmeans||,33,66,7,2,64,exact,3,45,7,1077120.8847517162,1072209.6205291215,10,6.831030368804932,4.955907821655273,False
fig51,kmeans||,33,66,7,2,64,exact,4,46,7,1267831.5302226325,1260842.0275617864,19,6.657776594161987,14.192780017852783,False
fig51,kmeans||,33,66,7,2,64,exact,5,47,7,1107396.1139812064,1101389.5837391354,6,7.2021543979644775,3.3048911094665527,False
fig51,kmeans||,33,66,7,2,64,exact,6,48,7,1186717.3410540665,1178397.867975988,13,7.266672134399414,7.39398193359375,False
fig51,kmeans||,33,66,7,2,64,exact,7,49,7,1247165.7939448673,1240186.6695544426,8,7.9619598388671875,4.541752815246582,False
fig51,kmeans||,33,66,7,2,64,exact,8,50,7,1107562.0157952695,1099309.8325033996,13,7.20425271987915,9.462188243865967,False
fig51,kmeans||,33,66,7,2,64,exact,9,51,7,1149997.11854245,1144853.0266856952,7,6.931704759597778,4.237568140029907,False
fig51,kmeans||,33,66,7,2,64,exact,10,52,7,1148437.0234279712,1143935.7335105676,7,7.64264702796936,3.1169042587280273,False
fig51,kmeans||,33,66,8,2,64,exact,0,42,8,1140295.6957934657,1136578.482060829,10,8.62597393989563,5.959378957748413,False
fig51,kmeans||,33,66,8,2,64,exact,1,43,8,1205101.7229388373,1199968.145433939,15,8.296329498291016,7.5465614795684814,False
fig51,kmeans||,33,66,8,2,64,exact,2,44,8,1085873.9860379335,1076449.9319386855,20,8.140456914901733,15.197510004043579,False
fig51,kmeans||,33,66,8,2,64,exact,3,45,8,1209643.7064209585,1205537.516041291,11,8.872328758239746,6.5063323974609375,False
fig51,kmeans||,33,66,8,2,64,exact,4,46,8,1184056.0745851153,1177403.4022847894,26,7.489860534667969,24.19293451309204,False
fig51,kmeans||,33,66,8,2,64,exact,5,47,8,1165122.527515452,1160199.5501531328,19,8.814980030059814,13.739392042160034,False
fig51,kmeans||,33,66,8,2,64,exact,6,48,8,1165675.8315195173,1157620.0406526504,19,8.521828889846802,14.31655240058899,False
fig51,kmeans||,33,66,8,2,64,exact,7,49,8,1232142.2764636036,1226410.422901657,17,8.550028324127197,11.866888046264648,False
fig51,kmeans||,33,66,8,2,64,exact,8,50,8,1115600.9473173944,1110250.5337959183,8,7.571082592010498,5.372045516967773,False
fig51,kmeans||,33,66,8,2,64,exact,9,51,8,1143197.7286610557,1139518.3143620295,14,7.52924656867981,8.907457828521729,False
fig51,kmeans||,33,66,8,2,64,exact,10,52,8,1136274.8725555816,1127679.1254446774,18,8.202213525772095,13.58587121963501,False
fig51,kmeans||,33,66,9,2,64,exact,0,42,9,1202311.8051567383,1197429.2503673928,18,10.001434087753296,13.675940752029419,False
fig51,kmeans||,33,66,9,2,64,exact,1,43,9,1151151.7093615204,1142940.0730844347,18,8.305294275283813,14.285703659057617,False
fig51,kmeans||,33,66,9,2,64,exact,2,44,9,1152435.9389721542,1141217.2380552813,20,9.348095655441284,15.3700270652771,False
fig51,kmeans||,33,66,9,2,64,exact,3,45,9,1168244.358955184,1152650.3343964203,52,9.716090679168701,84.72296023368835,False
fig51,kmeans||,33,66,9,2,64,exact,4,46,9,1190471.8165160262,1187465.309892629,11,9.411880016326904,5.412809133529663,False
fig51,kmeans||,33,66,9,2,64,exact,5,47,9,1109718.6268218306,1097783.293258307,23,8.940524339675903,20.269848585128784,False
fig51,kmeans||,33,66,9,2,64,exact,6,48,9,1222038.5592199643,1217226.5836820048,22,9.153891801834106,14.95999526977539,False
fig51,kmeans||,33,66,9,2,64,exact,7,49,9,1177523.2689630075,1163147.052507501,33,9.013688087463379,33.48255753517151,False
fig51,kmeans||,33,66,9,2,64,exact,8,50,9,1067108.3941866641,1063165.5346078232,11,9.684537887573242,7.335251569747925,False
fig51,kmeans||,33,66,9,2,64,exact,9,51,9,1118056.0656423317,1112694.7192027858,11,9.236677646636963,4.9649200439453125,False
fig51,kmeans||,33,66,9,2,64,exact,10,52,9,1136866.1038194518,1131358.5396862924,7,10.567498922348022,3.899432420730591,False
fig51,kmeans||,33,66,10,2,64,exact,0,42,10,1165913.3428426448,1161123.9858102512,12,11.072538614273071,7.597386837005615,False
fig51,kmeans||,33,66,10,2,64,exact,1,43,10,1090000.5718461599,1084078.4410302998,12,10.939909934997559,7.885810375213623,False
fig51,kmeans||,33,66,10,2,64,exact,2,44,10,1132512.7665440983,1128902.9546995962,12,11.31581711769104,6.704759359359741,False
fig51,kmeans||,33,66,10,2,64,exact,3,45,10,1100197.4747472983,1098152.8332892074,6,11.398025751113892,3.4873032569885254,False
fig51,kmeans||,33,66,10,2,64,exact,4,46,10,1184801.3051651465,1180688.2275289071,18,10.975234270095825,13.509990453720093,False
fig51,kmeans||,33,66,10,2,64,exact,5,47,10,1135602.772836844,1114254.156086576,20,11.537680864334106,16.016987085342407,False
fig51,kmeans||,33,66,10,2,64,exact,6,48,10,1143343.604342127,1139806.223256343,12,11.106036901473999,6.485344648361206,False
fig51,kmeans||,33,66,10,2,64,exact,7,49,10,1128753.7096859943,1122003.795066841,14,10.167477130889893,8.77884817123413,False
fig51,kmeans||,33,66,10,2,64,exact,8,50,10,1183329.1767467207,1172968.1527628351,55,11.306484460830688,90.70142316818237,False
fig51,kmeans||,33,66,10,2,64,exact,9,51,10,1166493.9988220185,1161475.207094008,13,11.15785527229309,8.372163534164429,False
fig51,kmeans||,33,66,10,2,64,exact,10,52,10,1116215.7401148598,1112362.4927193904,10,10.875012397766113,5.418428182601929,False
fig51,kmeans||,33,132,1,4,64,exact,0,42,1,1334389.8092449473,1115276.5987998915,53,2.492379665374756,85.2015688419342,False
fig51,kmeans||,33,132,1,4,64,exact,1,43,1,2046676.8424238674,1467611.9741600147,20,2.573504686355591,16.163442611694336,False
fig51,kmeans||,33,132,1,4,64,exact,2,44,1,1242174.2293562293,1089295.750341946,11,2.8989176750183105,4.213813304901123,False
fig51,kmeans||,33,132,1,4,64,exact,3,45,1,1613203.3934648025,1405598.9419539026,24,2.4882242679595947,19.195871353149414,False
fig51,kmeans||,33,132,1,4,64,exact,4,46,1,1759250.4557906138,1216094.8283836907,17,2.7719249725341797,11.893548488616943,False
fig51,kmeans||,33,132,1,4,64,exact,5,47,1,1321915.7270756282,1164428.2811778828,20,2.8138508796691895,12.894756555557251,False
fig51,kmeans||,33,132,1,4,64,exact,6,48,1,3245829.7041321597,2421970.44720239,49,3.0624265670776367,70.55246353149414,False
fig51,kmeans||,33,132,1,4,64,exact,7,49,1,2478611.861506542,2215765.3808499975,10,2.6008007526397705,4.617862224578857,False
fig51,kmeans||,33,132,1,4,64,exact,8,50,1,1767250.5413319776,1203617.1445588102,19,2.5665383338928223,12.187494993209839,False
fig51,kmeans||,33,132,1,4,64,exact,9,51,1,1417676.165060825,1187344.4148833933,35,2.5015742778778076,38.329665184020996,False
fig51,kmeans||,33,132,1,4,64,exact,10,52,1,1528215.201212319,1147072.832078267,21,2.7245566844940186,16.726076364517212,False
fig51,kmeans||,33,132,2,4,64,exact,0,42,2,1202486.2053330063,1178773.5192269925,9,3.090698480606079,4.92546820640564,False
fig51,kmeans||,33,132,2,4,64,exact,1,43,2,1127141.4995980999,1093510.6986703011,8,3.1606788635253906,4.670373201370239,False
fig51,kmeans||,33,132,2,4,64,exact,2,44,2,1159877.4044691422,1129499.3861761729,9,3.0006794929504395,2.7778689861297607,False
fig51,kmeans||,33,132,2,4,64,exact,3,45,2,1118662.0520617554,1097598.3820919604,10,2.983215093612671,6.7160117626190186,False
fig51,kmeans||,33,132,2,4,64,exact,4,46,2,1147369.3298931797,1115078.5487176313,33,3.4884085655212402,36.24264168739319,False
fig51,kmeans||,33,132,2,4,64,exact,5,47,2,1153340.5470925656,1115981.682850989,8,4.550813674926758,3.4259095191955566,False
fig51,kmeans||,33,132,2,4,64,exact,6,48,2,1227746.7285903695,1136716.2976177484,30,2.8887643814086914,31.82039999961853,False
fig51,kmeans||,33,132,2,4,64,exact,7,49,2,1139772.0661532427,1108189.6348092658,39,2.8520853519439697,49.08460712432861,False
fig51,kmeans||,33,132,2,4,64,exact,8,50,2,1189117.7597186333,1150843.7304919562,29,2.995359182357788,29.350885152816772,False
fig51,kmeans||,33,132,2,4,64,exact,9,51,2,1202872.1853351465,1168295.4371665106,30,3.0222063064575195,31.153782844543457,False
fig51,kmeans||,33,132,2,4,64,exact,10,52,2,1189001.528129439,1158349.9985930035,10,2.9602136611938477,5.875018358230591,False
fig51,kmeans||,33,132,3,4,64,exact,0,42,3,1137255.736858773,1129763.279199183,9,4.583994626998901,4.48569393157959,False
fig51,kmeans||,33,132,3,4,64,exact,1,43,3,1142822.3269131875,1131764.7001729715,10,3.989706039428711,6.949397325515747,False
fig51,kmeans||,33,132,3,4,64,exact,2,44,3,1202417.9844405518,1186057.059247611,32,3.4096524715423584,32.24390363693237,False
fig51,kmeans||,33,132,3,4,64,exact,3,45,3,1162171.506747941,1150865.4168697607,16,3.969899892807007,10.557782888412476,False
fig51,kmeans||,33,132,3,4,64,exact,4,46,3,1119795.3950828188,1112492.2443164065,27,5.132668733596802,26.124080896377563,False
fig51,kmeans||,33,132,3,4,64,exact,5,47,3,1205490.879532306,1193172.5688000629,41,4.113607406616211,54.88274908065796,False
fig51,kmeans||,33,132,3,4,64,exact,6,48,3,1147900.869151114,1131796.4507409376,17,4.223870515823364,10.800820589065552,False
fig51,kmeans||,33,132,3,4,64,exact,7,49,3,1150414.8846274342,1142397.2228290904,8,5.463754653930664,4.327264308929443,False
fig51,kmeans||,33,132,3,4,64,exact,8,50,3,1204044.8996770137,1172959.8027747343,9,3.6202595233917236,5.823307275772095,False
fig51,kmeans||,33,132,3,4,64,exact,9,51,3,1190869.0734519938,1180424.2507522057,18,4.881875514984131,13.199287414550781,False
fig51,kmeans||,33,132,3,4,64,exact,10,52,3,1151958.7025133763,1145473.435348639,15,3.5816895961761475,10.245115041732788,False
fig51,kmeans||,33,132,4,4,64,exact,0,42,4,1178675.8701580672,1174945.0772130461,9,4.7764153480529785,6.183454275131226,False
fig51,kmeans||,33,132,4,4,64,exact,1,43,4,1117355.890436383,1112084.520668094,9,4.644327640533447,5.062006711959839,False
fig51,kmeans||,33,132,4,4,64,exact,2,44,4,1162040.9641292826,1157471.8319409117,6,5.897340297698975,3.541668176651001,False
fig51,kmeans||,33,132,4,4,64,exact,3,45,4,1120554.2894857083,1114967.9916441808,19,4.617626905441284,15.222012281417847,False
fig51,kmeans||,33,132,4,4,64,exact,4,46,4,1165737.807609464,1161637.3815909547,12,5.079334020614624,4.7651636600494385,False
fig51,kmeans||,33,132,4,4,64,exact,5,47,4,1224500.63573149,1213274.127208797,22,5.845611333847046,16.3114275932312,False
fig51,kmeans||,33,132,4,4,64,exact,6,48,4,1111665.3257009666,1104493.4346410357,19,4.167393684387207,12.011867046356201,False
fig51,kmeans||,33,132,4,4,64,exact,7,49,4,1108380.2914081356,1104847.900006204,7,5.359203100204468,3.976768732070923,False
fig51,kmeans||,33,132,4,4,64,exact,8,50,4,1162174.8260610667,1158077.1201094412,38,3.971991539001465,45.66776084899902,False
fig51,kmeans||,33,132,4,4,64,exact,9,51,4,1106274.4727523723,1100230.9710230741,19,4.196577548980713,13.771512031555176,False
fig51,kmeans||,33,132,4,4,64,exact,10,52,4,1127762.8490003278,1121659.0507556063,7,4.22102689743042,3.992302656173706,False
fig51,kmeans||,33,132,5,4,64,exact,0,42,5,1156515.7204638284,1154010.3069930847,10,7.047162294387817,5.694147825241089,False
fig51,kmeans||,33,132,5,4,64,exact,1,43,5,1134727.3963338663,1131927.3100407494,7,6.062520503997803,2.3210318088531494,False
fig51,kmeans||,33,132,5,4,64,exact,2,44,5,1235290.8517210234,1220985.7935387383,52,5.567444324493408,75.73090767860413,False
fig51,kmeans||,33,132,5,4,64,exact,3,45,5,1174855.381633064,1155311.5857348808,22,6.62959361076355,15.02922797203064,False
fig51,kmeans||,33,132,5,4,64,exact,4,46,5,1146422.2890348046,1143704.1464091656,9,5.6699817180633545,4.851899862289429,False
fig51,kmeans||,33,132,5,4,64,exact,5,47,5,1159315.7614324691,1147020.9388445853,48,6.61642861366272,74.76437950134277,False
fig51,kmeans||,33,132,5,4,64,exact,6,48,5,1193935.740822645,1183165.6469952774,43,6.666941165924072,59.978158950805664,False
fig51,kmeans||,33,132,5,4,64,exact,7,49,5,1093122.9274738282,1086938.4824330378,43,5.091359853744507,56.100385427474976,False
fig51,kmeans||,33,132,5,4,64,exact,8,50,5,1086414.3874313757,1080804.9576428437,10,5.435210227966309,6.061741352081299,False
fig51,kmeans||,33,132,5,4,64,exact,9,51,5,1167510.3541705918,1163750.5386743532,35,5.17954683303833,37.12687945365906,False
fig51,kmeans||,33,132,5,4,64,exact,10,52,5,1151079.5919595365,1146437.199716248,13,5.407436847686768,8.611724376678467,False
fig51,kmeans||,33,132,6,4,64,exact,0,42,6,1126045.2427201772,1124078.949176752,11,6.032533645629883,4.600589990615845,False
fig51,kmeans||,33,132,6,4,64,exact,1,43,6,1308138.8907385853,1303473.4327934082,21,6.353936195373535,14.492445945739746,False
fig51,kmeans||,33,132,6,4,64,exact,2,44,6,1093499.3409116368,1091716.5465229678,6,7.092589855194092,4.050039291381836,False
fig51,kmeans||,33,132,6,4,64,exact,3,45,6,1156153.090429831,1154741.1351492715,9,6.6801862716674805,4.981234788894653,False
fig51,kmeans||,33,132,6,4,64,exact,4,46,6,1259777.831270621,1243808.9600018903,28,6.026963949203491,25.21759796142578,False
fig51,kmeans||,33,132,6,4,64,exact,5,47,6,1152660.2097689172,1148447.663296986,11,6.9692652225494385,5.876462936401367,False
fig51,kmeans||,33,132,6,4,64,exact,6,48,6,1153326.0045846787,1145194.0428927813,27,6.3506247997283936,25.891089916229248,False
fig51,kmeans||,33,132,6,4,64,exact,7,49,6,1126424.5502914023,1122347.3633215493,7,6.099450349807739,4.018499851226807,False
fig51,kmeans||,33,132,6,4,64,exact,8,50,6,1189063.1206304426,1184500.7808639456,18,7.930680751800537,10.987749576568604,False
fig51,kmeans||,33,132,6,4,64,exact,9,51,6,1179484.910867712,1167779.0408031307,54,5.950990676879883,88.31102275848389,False
fig51,kmeans||,33,132,6,4,64,exact,10,52,6,1194190.7030918815,1189140.8217034785,13,7.849463224411011,5.124621629714966,False
fig51,kmeans||,33,132,7,4,64,exact,0,42,7,1167219.679351471,1166067.3109245326,7,8.349072933197021,1.6897931098937988,False
fig51,kmeans||,33,132,7,4,64,exact,1,43,7,1156989.2735910336,1155918.6402087095,8,9.520967245101929,4.292154312133789,False
fig51,kmeans||,33,132,7,4,64,exact,2,44,7,1121477.5202314432,1120078.291234137,6,8.56414270401001,3.1771042346954346,False
fig51,kmeans||,33,132,7,4,64,exact,3,45,7,1083369.6825671408,1082008.1694534565,6,7.610876083374023,4.359015226364136,False
fig51,kmeans||,33,132,7,4,64,exact,4,46,7,1170200.9487479182,1168505.6530390608,33,6.811625242233276,34.13255047798157,False
fig51,kmeans||,33,132,7,4,64,exact,5,47,7,1111004.1975172274,1101393.664840871,49,7.215837717056274,72.00389289855957,False
fig51,kmeans||,33,132,7,4,64,exact,6,48,7,1100076.3469094236,1096736.4385875284,8,7.31475043296814,5.302671432495117,False
fig51,kmeans||,33,132,7,4,64,exact,7,49,7,1157517.3407531397,1154450.2007559375,7,7.041231870651245,3.3944172859191895,False
fig51,kmeans||,33,132,7,4,64,exact,8,50,7,1101410.0880498127,1097185.005080353,10,7.900294780731201,3.9215238094329834,False
fig51,kmeans||,33,132,7,4,64,exact,9,51,7,1124319.846414761,1122206.5961135123,7,8.828001976013184,1.7550008296966553,False
fig51,kmeans||,33,132,7,4,64,exact,10,52,7,1165560.0175557188,1151723.6725847286,21,9.33914589881897,14.97617793083191,False
fig51,kmeans||,33,132,8,4,64,exact,0,42,8,1189408.011616133,1187079.0275201944,14,8.80948519706726,7.411479473114014,False
fig51,kmeans||,33,132,8,4,64,exact,1,43,8,1126091.438120557,1124772.7358336947,14,9.731382846832275,8.180053949356079,False
fig51,kmeans||,33,132,8,4,64,exact,2,44,8,1190175.5532346624,1188993.4983081776,14,9.9263756275177,9.722289085388184,False
fig51,kmeans||,33,132,8,4,64,exact,3,45,8,1112205.8822635836,1109031.4201755354,17,9.22842025756836,11.169848918914795,False
fig51,kmeans||,33,132,8,4,64,exact,4,46,8,1140495.18971485,1137496.4663170194,13,8.8085355758667,8.573639631271362,False
fig51,kmeans||,33,132,8,4,64,exact,5,47,8,1148939.268303902,1140094.11991661,24,9.96044111251831,19.298632383346558,False
fig51,kmeans||,33,132,8,4,64,exact,6,48,8,1113453.9674999171,1112769.747804265,13,9.46916151046753,7.236736059188843,False
fig51,kmeans||,33,132,8,4,64,exact,7,49,8,1114659.9779243763,1111243.6788513302,7,8.114629983901978,2.0884735584259033,False
fig51,kmeans||,33,132,8,4,64,exact,8,50,8,1098655.9923512065,1097488.7464862247,9,9.941879510879517,5.128626823425293,False
fig51,kmeans||,33,132,8,4,64,exact,9,51,8,1164452.8165745903,1161480.123911544,6,9.388735055923462,3.339986801147461,False
fig51,kmeans||,33,132,8,4,64,exact,10,52,8,1221314.4496696063,1213555.9399904385,55,9.843010187149048,91.86840915679932,False
fig51,kmeans||,33,132,9,4,64,exact,0,42,9,1238868.9205925385,1231334.6137205372,37,9.98149585723877,39.961196184158325,False
fig51,kmeans||,33,132,9,4,64,exact,1,43,9,1148201.0759846338,1147053.376323275,13,10.816699981689453,6.986729621887207,False
fig51,kmeans||,33,132,9,4,64,exact,2,44,9,1186458.4870422853,1185821.4879500526,30,10.663589477539062,29.86513614654541,False
fig51,kmeans||,33,132,9,4,64,exact,3,45,9,1180424.62329746,1179472.1763178406,9,10.67175030708313,4.838027715682983,False
fig51,kmeans||,33,132,9,4,64,exact,4,46,9,1129066.10173129,1128081.6653416248,10,10.591583728790283,5.605995178222656,False
fig51,kmeans||,33,132,9,4,64,exact,5,47,9,1195059.2521336311,1191799.6477670725,7,10.826666593551636,4.385670900344849,False
fig51,kmeans||,33,132,9,4,64,exact,6,48,9,1149365.98863898,1144654.690485454,20,12.190057039260864,15.73220157623291,False
fig51,kmeans||,33,132,9,4,64,exact,7,49,9,1106485.8190820313,1103687.95695052,7,12.38756775856018,3.780104637145996,False
fig51,kmeans||,33,132,9,4,64,exact,8,50,9,1144850.0820506255,1144033.6538239613,7,11.676292419433594,3.993168830871582,False
fig51,kmeans||,33,132,9,4,64,exact,9,51,9,1156963.6052169553,1156201.6265782053,16,12.338691234588623,11.49483585357666,False
fig51,kmeans||,33,132,9,4,64,exact,10,52,9,1122409.6397939185,1121633.328923048,7,11.664946556091309,4.044528961181641,False
fig51,kmeans||,33,132,10,4,64,exact,0,42,10,1178062.7299245077,1177428.3284358035,24,12.470830202102661,20.17658281326294,False
fig51,kmeans||,33,132,10,4,64,exact,1,43,10,1164400.6301724839,1161900.6844811419,8,12.123686075210571,5.0472588539123535,False
fig51,kmeans||,33,132,10,4,64,exact,2,44,10,1139566.7202859235,1138905.8365591383,30,12.868046522140503,32.87645602226257,False
fig51,kmeans||,33,132,10,4,64,exact,3,45,10,1088694.9466518192,1087731.041527047,7,13.217806339263916,3.6390457153320312,False
fig51,kmeans||,33,132,10,4,64,exact,4,46,10,1135128.7137213144,1134218.6560768774,8,12.291300535202026,4.484643936157227,False
fig51,kmeans||,33,132,10,4,64,exact,5,47,10,1122450.2076039477,1117196.034939568,24,13.359994649887085,21.54170250892639,False
fig51,kmeans||,33,132,10,4,64,exact,6,48,10,1166561.0594890146,1162012.6413754972,56,13.59257984161377,92.66037893295288,False
fig51,kmeans||,33,132,10,4,64,exact,7,49,10,1138086.0207352568,1135381.4977284414,8,11.894419193267822,5.405454158782959,False
fig51,kmeans||,33,132,10,4,64,exact,8,50,10,1108411.7461979399,1107618.898728636,7,13.188348770141602,1.6733951568603516,False
fig51,kmeans||,33,132,10,4,64,exact,9,51,10,1129704.935418574,1126558.3570046125,9,12.083167791366577,2.9682095050811768,False
fig51,kmeans||,33,132,10,4,64,exact,10,52,10,1150952.6326820978,1145862.0184718613,13,12.052564859390259,6.010745286941528,False
fig51,kmeans||,65,65,1,1,64,exact,0,42,1,2744551.952034495,832167.2514938164,45,2.8643264770507812,71.70315885543823,False
fig51,kmeans||,65,65,1,1,64,exact,1,43,1,3311841.507056565,1022549.8442192114,100,2.4339239597320557,318.6157011985779,False
fig51,kmeans||,65,65,1,1,64,exact,2,44,1,2246069.489150187,1251562.1243170311,100,2.551384449005127,316.44921612739563,False
fig51,kmeans||,65,65,1,1,64,exact,3,45,1,2069516.0626347256,740221.9189237078,100,2.5647637844085693,327.0673544406891,False
fig51,kmeans||,65,65,1,1,64,exact,4,46,1,3639873.4569963943,1280643.210178357,78,2.3894104957580566,192.97168278694153,False
fig51,kmeans||,65,65,1,1,64,exact,5,47,1,2665834.964254705,1517413.291140172,53,3.0217394828796387,90.63956093788147,False
fig51,kmeans||,65,65,1,1,64,exact,6,48,1,4451516.499357949,2022004.390271922,30,2.4773073196411133,30.959081172943115,False
fig51,kmeans||,65,65,1,1,64,exact,7,49,1,3332081.182849799,1782734.167976513,63,2.2935726642608643,122.78178453445435,False
fig51,kmeans||,65,65,1,1,64,exact,8,50,1,2928850.947109052,1400401.177644959,49,2.7733707427978516,77.98690581321716,False
fig51,kmeans||,65,65,1,1,64,exact,9,51,1,2535162.030642948,1128191.3066806262,100,2.8747823238372803,303.8877635002136,False
fig51,kmeans||,65,65,1,1,64,exact,10,52,1,2554462.4921455807,933204.6038250373,100,2.7376561164855957,309.50969791412354,False
fig51,kmeans||,65,65,2,1,64,exact,0,42,2,673051.6971643106,514093.52231209027,52,3.9132747650146484,87.62930727005005,False
fig51,kmeans||,65,65,2,1,64,exact,1,43,2,759358.1327888186,513712.7436063429,33,3.6449878215789795,36.3559627532959,False
fig51,kmeans||,65,65,2,1,64,exact,2,44,2,661379.5213735868,513078.39323885506,54,2.6157195568084717,90.2070803642273,False
fig51,kmeans||,65,65,2,1,64,exact,3,45,2,573882.7547081115,472020.90719092777,41,3.4406752586364746,52.11272168159485,False
fig51,kmeans||,65,65,2,1,64,exact,4,46,2,767746.9381723729,501888.0888344808,25,3.1160476207733154,21.171356678009033,False
fig51,kmeans||,65,65,2,1,64,exact,5,47,2,660712.9160391234,487063.14731446485,20,2.767725944519043,13.398824691772461,False
fig51,kmeans||,65,65,2,1,64,exact,6,48,2,840792.9992249861,618418.0327650165,39,3.479156494140625,47.814534187316895,False
fig51,kmeans||,65,65,2,1,64,exact,7,49,2,832555.3393435837,574676.1660104506,26,3.4007561206817627,24.922880172729492,False
fig51,kmeans||,65,65,2,1,64,exact,8,50,2,795608.4095317854,511248.3580083183,31,3.1705305576324463,31.37156891822815,False
fig51,kmeans||,65,65,2,1,64,exact,9,51,2,617376.7745273501,458272.0220842925,27,2.773461103439331,24.022172212600708,False
fig51,kmeans||,65,65,2,1,64,exact,10,52,2,669098.9352732248,493066.7739873013,19,2.6604208946228027,12.791377067565918,False
fig51,kmeans||,65,65,3,1,64,exact,0,42,3,548982.3357316516,462980.9417530395,24,3.631960153579712,18.857963800430298,False
fig51,kmeans||,65,65,3,1,64,exact,1,43,3,524625.1000913676,455918.7852690923,44,3.181918144226074,62.79770874977112,False
fig51,kmeans||,65,65,3,1,64,exact,2,44,3,527219.2916369922,454149.1294876495,26,3.5151848793029785,24.262486934661865,False
fig51,kmeans||,65,65,3,1,64,exact,3,45,3,498272.2661733265,450488.0624326628,29,3.215963125228882,26.924147129058838,False
fig51,kmeans||,65,65,3,1,64,exact,4,46,3,532923.0424027425,461459.0035344845,23,4.153564691543579,20.738157033920288,False
fig51,kmeans||,65,65,3,1,64,exact,5,47,3,511108.6931854043,443286.9683289664,24,3.145620584487915,21.466604471206665,False
fig51,kmeans||,65,65,3,1,64,exact,6,48,3,534942.2357531046,456553.5434184964,32,3.1326680183410645,34.51218819618225,False
fig51,kmeans||,65,65,3,1,64,exact,7,49,3,517561.7536253732,449164.4180895641,32,3.418978452682495,32.934526681900024,False
fig51,kmeans||,65,65,3,1,64,exact,8,50,3,520632.8578698544,454407.5547626896,16,3.5829882621765137,10.439663171768188,False
fig51,kmeans||,65,65,3,1,64,exact,9,51,3,513325.0339540732,449863.4550956758,26,4.089900970458984,21.673519134521484,False
fig51,kmeans||,65,65,3,1,64,exact,10,52,3,502168.67054948246,450274.44731842977,25,3.3562676906585693,21.56700897216797,False
fig51,kmeans||,65,65,4,1,64,exact,0,42,4,490219.3521485608,446044.51186389994,32,4.681793928146362,36.977866649627686,False
fig51,kmeans||,65,65,4,1,64,exact,1,43,4,481115.7008696106,445563.92732195125,19,4.19275164604187,14.100395917892456,False
fig51,kmeans||,65,65,4,1,64,exact,2,44,4,497953.2315560188,452937.1619714621,22,4.461822986602783,18.56872057914734,False
fig51,kmeans||,65,65,4,1,64,exact,3,45,4,499153.2705765235,458819.04788876866,27,4.025223016738892,26.240800380706787,False
fig51,kmeans||,65,65,4,1,64,exact,4,46,4,505512.4536621562,466549.4318943601,25,4.06119704246521,23.04999279975891,False
fig51,kmeans||,65,65,4,1,64,exact,5,47,4,484890.6585982323,447534.670643102,24,5.003174781799316,21.866101264953613,False
fig51,kmeans||,65,65,4,1,64,exact,6,48,4,483962.3113507746,454093.9147803365,18,4.634130239486694,13.485530614852905,False
fig51,kmeans||,65,65,4,1,64,exact,7,49,4,491662.673277747,446379.84918786265,24,3.682185649871826,22.425440549850464,False
fig51,kmeans||,65,65,4,1,64,exact,8,50,4,492770.31692166603,460315.8408499244,24,4.2772376537323,21.72898006439209,False
fig51,kmeans||,65,65,4,1,64,exact,9,51,4,484230.2590626378,448705.3273511838,47,3.8061606884002686,72.29873037338257,False
fig51,kmeans||,65,65,4,1,64,exact,10,52,4,491502.34463738144,459427.6793649153,45,4.0396058559417725,65.74116158485413,False
fig51,kmeans||,65,65,5,1,64,exact,0,42,5,469388.165734421,451809.48660081753,26,5.035749912261963,24.21145796775818,False
fig51,kmeans||,65,65,5,1,64,exact,1,43,5,487285.39764661813,455121.27003552025,56,5.5683465003967285,96.96596956253052,False
fig51,kmeans||,65,65,5,1,64,exact,2,44,5,500783.14632576786,473599.6397863379,22,4.724000692367554,18.955767393112183,False
fig51,kmeans||,65,65,5,1,64,exact,3,45,5,475247.7555501061,451504.8390981826,18,5.117274761199951,13.184848070144653,False
fig51,kmeans||,65,65,5,1,64,exact,4,46,5,478087.13263033214,447142.0963283992,35,4.4471399784088135,41.491374254226685,False
fig51,kmeans||,65,65,5,1,64,exact,5,47,5,488829.2412353739,454164.5134045993,26,5.3998777866363525,22.930617332458496,False
fig51,kmeans||,65,65,5,1,64,exact,6,48,5,470668.4251902271,452382.9618154351,20,4.74734091758728,15.60452914237976,False
fig51,kmeans||,65,65,5,1,64,exact,7,49,5,477078.3135914167,449774.0461698551,27,4.4763994216918945,27.098888397216797,False
fig51,kmeans||,65,65,5,1,64,exact,8,50,5,486341.2732433524,462700.8523607411,25,4.3034844398498535,21.86755633354187,False
fig51,kmeans||,65,65,5,1,64,exact,9,51,5,484970.9809105247,452143.4129238474,33,4.926385402679443,36.95580506324768,False
fig51,kmeans||,65,65,5,1,64,exact,10,52,5,479897.8394726005,443028.3390115137,23,4.415874719619751,20.006810665130615,False
fig51,kmeans||,65,65,6,1,64,exact,0,42,6,472733.37602634245,458675.66089453315,16,6.589195251464844,12.402485370635986,False
fig51,kmeans||,65,65,6,1,64,exact,1,43,6,472416.69906493725,448534.1597657157,27,5.978250026702881,26.86979103088379,False
fig51,kmeans||,65,65,6,1,64,exact,2,44,6,473444.5900020625,451089.72722550476,18,5.1202123165130615,13.323264122009277,False
fig51,kmeans||,65,65,6,1,64,exact,3,45,6,490483.68659138866,472361.95865908323,15,5.5550856590271,10.39441204071045,False
fig51,kmeans||,65,65,6,1,64,exact,4,46,6,454509.59883049526,437981.9849469829,15,5.676964998245239,8.728942155838013,False
fig51,kmeans||,65,65,6,1,64,exact,5,47,6,486255.44034709444,459275.8061723697,18,6.440248012542725,12.598955631256104,False
fig51,kmeans||,65,65,6,1,64,exact,6,48,6,474478.34625981265,463404.4998009787,18,5.919211387634277,11.432756900787354,False
fig51,kmeans||,65,65,6,1,64,exact,7,49,6,489585.4759076138,460381.61911139777,24,6.9423744678497314,23.543431997299194,False
fig51,kmeans||,65,65,6,1,64,exact,8,50,6,490610.3278316156,465832.03184049955,50,5.691740989685059,83.712810754776,False
fig51,kmeans||,65,65,6,1,64,exact,9,51,6,481937.1507351557,458117.578285181,48,6.4336161613464355,77.0979208946228,False
fig51,kmeans||,65,65,6,1,64,exact,10,52,6,473913.452953879,459305.5030806359,18,5.775152921676636,13.945704936981201,False
fig51,kmeans||,65,65,7,1,64,exact,0,42,7,485252.9105298121,469491.8979255583,24,8.407575130462646,23.757895946502686,False
fig51,kmeans||,65,65,7,1,64,exact,1,43,7,465077.8633514263,454861.5677841606,19,6.689624786376953,14.559216260910034,False
fig51,kmeans||,65,65,7,1,64,exact,2,44,7,477449.2814010505,457679.6841601086,20,6.384804725646973,14.799853801727295,False
fig51,kmeans||,65,65,7,1,64,exact,3,45,7,461595.3901227409,450216.72938302415,23,6.376754283905029,21.28759741783142,False
fig51,kmeans||,65,65,7,1,64,exact,4,46,7,473499.16076859646,461830.47654505447,22,7.972802400588989,17.933714866638184,False
fig51,kmeans||,65,65,7,1,64,exact,5,47,7,468395.67112818226,446784.9952032009,28,7.306686162948608,29.233214378356934,False
fig51,kmeans||,65,65,7,1,64,exact,6,48,7,469666.0747787133,460085.39263964747,13,7.777806282043457,5.6420722007751465,False
fig51,kmeans||,65,65,7,1,64,exact,7,49,7,472781.0879885535,454145.80684001115,19,7.40664005279541,15.543517827987671,False
fig51,kmeans||,65,65,7,1,64,exact,8,50,7,485682.3112167303,469410.34121786524,20,7.610455513000488,15.487372398376465,False
fig51,kmeans||,65,65,7,1,64,exact,9,51,7,472107.30265471386,453856.7479465642,20,7.6001691818237305,15.300683736801147,False
fig51,kmeans||,65,65,7,1,64,exact,10,52,7,480672.28806027246,467420.9528974763,29,7.2939629554748535,30.624236345291138,False
fig51,kmeans||,65,65,8,1,64,exact,0,42,8,464703.20164760493,452300.99727345136,21,7.348016023635864,17.41642737388611,False
fig51,kmeans||,65,65,8,1,64,exact,1,43,8,460116.4919318743,449050.59972351353,18,9.166163921356201,14.399207592010498,False
fig51,kmeans||,65,65,8,1,64,exact,2,44,8,463922.43456591887,448261.6754167157,28,9.186604022979736,29.91520643234253,False
fig51,kmeans||,65,65,8,1,64,exact,3,45,8,464734.47035145236,449060.5368370993,36,7.228610277175903,47.748748779296875,False
fig51,kmeans||,65,65,8,1,64,exact,4,46,8,470135.5359995674,452673.40352460946,29,9.060489416122437,32.07579159736633,False
fig51,kmeans||,65,65,8,1,64,exact,5,47,8,460156.54890558356,452752.1425153655,13,7.218711853027344,6.428856134414673,False
fig51,kmeans||,65,65,8,1,64,exact,6,48,8,470081.4194481619,462609.245671439,13,8.231738805770874,7.970996141433716,False
fig51,kmeans||,65,65,8,1,64,exact,7,49,8,467076.05155006534,453921.64625018946,21,8.432722806930542,18.468974113464355,False
fig51,kmeans||,65,65,8,1,64,exact,8,50,8,472766.9865328069,460389.25908722455,29,8.381622552871704,30.24812364578247,False
fig51,kmeans||,65,65,8,1,64,exact,9,51,8,470075.2922335817,456969.3818747734,21,8.110676527023315,17.47319746017456,False
fig51,kmeans||,65,65,8,1,64,exact,10,52,8,472512.0806247037,461498.6277213453,26,8.932379961013794,24.531090259552002,False
fig51,kmeans||,65,65,9,1,64,exact,0,42,9,479378.5683644877,472358.05209576536,14,8.902488708496094,10.247501134872437,False
fig51,kmeans||,65,65,9,1,64,exact,1,43,9,465157.2129521431,456770.90661686024,21,9.918618202209473,17.796141147613525,False
fig51,kmeans||,65,65,9,1,64,exact,2,44,9,473129.65501585987,462706.0496037904,13,10.34346628189087,9.790616273880005,False
fig51,kmeans||,65,65,9,1,64,exact,3,45,9,463610.86239078955,452714.4192192239,14,8.347925424575806,9.617393732070923,False
fig51,kmeans||,65,65,9,1,64,exact,4,46,9,462714.10262958484,446215.05409837095,26,10.83563232421875,26.14103412628174,False
fig51,kmeans||,65,65,9,1,64,exact,5,47,9,463020.3162789223,454059.980032691,44,10.395772218704224,66.6081976890564,False
fig51,kmeans||,65,65,9,1,64,exact,6,48,9,471819.27826201427,464438.83114692674,52,8.50881028175354,97.83193135261536,False
fig51,kmeans||,65,65,9,1,64,exact,7,49,9,458970.40308597335,445853.3434756012,19,9.178296566009521,16.61122417449951,False
fig51,kmeans||,65,65,9,1,64,exact,8,50,9,475040.53550731094,458618.83707071695,28,8.994319915771484,30.326303720474243,False
fig51,kmeans||,65,65,9,1,64,exact,9,51,9,473696.0011496061,460317.1943176295,22,9.510488748550415,19.2002170085907,False
fig51,kmeans||,65,65,9,1,64,exact,10,52,9,459222.6737783599,452252.62026777805,22,9.292199850082397,17.097843647003174,False
fig51,kmeans||,65,65,10,1,64,exact,0,42,10,468062.84388610604,457784.9118414643,21,10.651868104934692,19.594355583190918,False
fig51,kmeans||,65,65,10,1,64,exact,1,43,10,466423.6446331416,455240.7556288193,44,12.19152045249939,69.78529644012451,False
fig51,kmeans||,65,65,10,1,64,exact,2,44,10,493733.3622221731,481699.6244103086,27,11.127373695373535,26.199931383132935,False
fig51,kmeans||,65,65,10,1,64,exact,3,45,10,464126.50283346925,454611.85354377073,17,10.92269515991211,12.839856624603271,False
fig51,kmeans||,65,65,10,1,64,exact,4,46,10,456829.57035651355,444672.7378274414,37,11.929829359054565,48.42633366584778,False
fig51,kmeans||,65,65,10,1,64,exact,5,47,10,479118.11222006305,460160.40783247276,26,11.33929705619812,27.37454581260681,False
fig51,kmeans||,65,65,10,1,64,exact,6,48,10,474293.21950534,466377.84982740635,27,11.292600154876709,26.972671508789062,False
fig51,kmeans||,65,65,10,1,64,exact,7,49,10,475147.26234691555,464121.5012444866,22,11.955558061599731,19.886298656463623,False
fig51,kmeans||,65,65,10,1,64,exact,8,50,10,465808.413812775,452317.9598639758,23,11.04005217552185,21.54040217399597,False
fig51,kmeans||,65,65,10,1,64,exact,9,51,10,451635.18060458684,444399.6804728433,23,11.711090326309204,18.613191604614258,False
fig51,kmeans||,65,65,10,1,64,exact,10,52,10,460722.0182816526,451191.90928221593,44,11.771027326583862,70.66478872299194,False
fig51,kmeans||,65,130,1,2,64,exact,0,42,1,1013245.6769551246,608176.2960204136,27,2.676178455352783,25.824275016784668,False
fig51,kmeans||,65,130,1,2,64,exact,1,43,1,1840106.579423977,756576.9439360198,78,3.261815071105957,191.96451210975647,False
fig51,kmeans||,65,130,1,2,64,exact,2,44,1,954903.2338506624,575597.0614378583,41,2.255483627319336,54.251914978027344,False
fig51,kmeans||,65,130,1,2,64,exact,3,45,1,1373563.4592809859,768262.2374083173,47,3.0504956245422363,72.45031380653381,False
fig51,kmeans||,65,130,1,2,64,exact,4,46,1,1538604.0466016117,778736.365219982,68,2.4738032817840576,145.81038641929626,False
fig51,kmeans||,65,130,1,2,64,exact,5,47,1,934256.4390481429,674287.0142205103,87,2.856126546859741,235.25034999847412,False
fig51,kmeans||,65,130,1,2,64,exact,6,48,1,3156939.3115605516,1258008.8816555613,37,2.5870954990386963,47.99775528907776,False
fig51,kmeans||,65,130,1,2,64,exact,7,49,1,2200879.0494678877,936788.4873121071,44,3.2443037033081055,63.57978439331055,False
fig51,kmeans||,65,130,1,2,64,exact,8,50,1,1481757.2119399735,695852.506543057,38,2.6417126655578613,47.26664113998413,False
fig51,kmeans||,65,130,1,2,64,exact,9,51,1,1065711.6636090116,666162.7216579418,34,2.698148250579834,37.849475383758545,False
fig51,kmeans||,65,130,1,2,64,exact,10,52,1,1260980.6193541177,623992.4658230772,55,2.7010886669158936,98.12516617774963,False
fig51,kmeans||,65,130,2,2,64,exact,0,42,2,520818.35331198084,455928.2994210273,29,3.0288939476013184,29.49316644668579,False
fig51,kmeans||,65,130,2,2,64,exact,1,43,2,533887.0884990604,458699.26611600345,15,2.925818920135498,10.954106330871582,False
fig51,kmeans||,65,130,2,2,64,exact,2,44,2,501187.8736140075,445550.2129838768,33,3.168752908706665,36.84878063201904,False
fig51,kmeans||,65,130,2,2,64,exact,3,45,2,486135.24881397904,443384.38917788083,20,2.8581910133361816,18.912455558776855,False
fig51,kmeans||,65,130,2,2,64,exact,4,46,2,511579.1600204137,453327.6506019637,34,3.0194180011749268,39.55867290496826,False
fig51,kmeans||,65,130,2,2,64,exact,5,47,2,497245.1510669795,452498.5757653778,28,3.349905252456665,29.896094799041748,False
fig51,kmeans||,65,130,2,2,64,exact,6,48,2,597537.5264693468,466335.1957932837,26,3.2605345249176025,25.68267512321472,False
fig51,kmeans||,65,130,2,2,64,exact,7,49,2,508697.14199227444,444790.7163897819,20,2.8903956413269043,16.103567600250244,False
fig51,kmeans||,65,130,2,2,64,exact,8,50,2,504125.164318001,454735.5511007912,29,4.347208023071289,29.432112455368042,False
fig51,kmeans||,65,130,2,2,64,exact,9,51,2,495342.04377680086,459013.06430819206,30,3.131669044494629,31.65537714958191,False
fig51,kmeans||,65,130,2,2,64,exact,10,52,2,499964.95387146354,452733.14519594196,33,3.2253899574279785,35.50473761558533,False
fig51,kmeans||,65,130,3,2,64,exact,0,42,3,471929.01789639785,448355.95710947586,22,3.617419958114624,20.310518503189087,False
fig51,kmeans||,65,130,3,2,64,exact,1,43,3,483029.040387318,451642.9935887997,33,4.068368196487427,36.48743653297424,False
fig51,kmeans||,65,130,3,2,64,exact,2,44,3,487427.0594992018,457812.4500982225,31,3.515087604522705,33.490652084350586,False
fig51,kmeans||,65,130,3,2,64,exact,3,45,3,485508.9133126854,463326.2276023066,29,3.3473122119903564,30.245816230773926,False
fig51,kmeans||,65,130,3,2,64,exact,4,46,3,477348.7111075839,448308.82048524317,32,3.8688340187072754,38.912047386169434,False
fig51,kmeans||,65,130,3,2,64,exact,5,47,3,476806.7636050348,452840.6545194474,30,4.379669904708862,35.19751024246216,False
fig51,kmeans||,65,130,3,2,64,exact,6,48,3,481496.270363812,455369.77472475235,18,3.4488844871520996,15.987171649932861,False
fig51,kmeans||,65,130,3,2,64,exact,7,49,3,484967.3303183384,461176.7124813289,21,3.801044225692749,18.681874752044678,False
fig51,kmeans||,65,130,3,2,64,exact,8,50,3,486979.7485859464,465921.27418211865,19,5.238723516464233,14.628000259399414,False
fig51,kmeans||,65,130,3,2,64,exact,9,51,3,475744.3063865024,451616.628754286,23,3.606879472732544,20.25475287437439,False
fig51,kmeans||,65,130,3,2,64,exact,10,52,3,482519.63416315673,456232.1987777421,23,3.712163209915161,18.615015983581543,False
fig51,kmeans||,65,130,4,2,64,exact,0,42,4,469331.7356156198,457701.44959030766,24,4.43033242225647,21.52079153060913,False
fig51,kmeans||,65,130,4,2,64,exact,1,43,4,467890.59899412293,451236.51112983614,24,4.303085803985596,19.549773454666138,False
fig51,kmeans||,65,130,4,2,64,exact,2,44,4,474812.85583460133,462616.5280262946,34,4.745117664337158,40.520347118377686,False
fig51,kmeans||,65,130,4,2,64,exact,3,45,4,469142.45711977733,457894.2652230765,45,4.12639594078064,63.936960220336914,False
fig51,kmeans||,65,130,4,2,64,exact,4,46,4,472500.54036621976,459684.43316544924,15,4.428883790969849,11.007240533828735,False
fig51,kmeans||,65,130,4,2,64,exact,5,47,4,461663.7573936714,449374.89449112926,20,4.049762010574341,14.92778754234314,False
fig51,kmeans||,65,130,4,2,64,exact,6,48,4,468173.241052059,452031.0507357174,26,4.536990404129028,25.483479738235474,False
fig51,kmeans||,65,130,4,2,64,exact,7,49,4,472614.44129925495,464073.2707627064,17,4.654411792755127,12.945728540420532,False
fig51,kmeans||,65,130,4,2,64,exact,8,50,4,471313.65151433967,457603.10557302803,19,4.702249526977539,17.500547409057617,False
fig51,kmeans||,65,130,4,2,64,exact,9,51,4,466698.5876774188,458007.8402272315,19,4.347982168197632,13.886379480361938,False
fig51,kmeans||,65,130,4,2,64,exact,10,52,4,462616.24411654094,451831.44722426456,22,4.422119855880737,17.963001251220703,False
fig51,kmeans||,65,130,5,2,64,exact,0,42,5,461530.0991373645,453558.1499618799,23,6.055769205093384,18.88456439971924,False
fig51,kmeans||,65,130,5,2,64,exact,1,43,5,470120.01471912186,460189.78951381036,30,5.881835222244263,29.167762279510498,False
fig51,kmeans||,65,130,5,2,64,exact,2,44,5,480102.8200850539,463203.56802759675,18,5.146278142929077,12.297049760818481,False
fig51,kmeans||,65,130,5,2,64,exact,3,45,5,468095.8158137183,456639.4868780976,41,7.181653738021851,60.3155198097229,False
fig51,kmeans||,65,130,5,2,64,exact,4,46,5,458071.65856000315,451533.35067751433,26,5.774813413619995,25.820438146591187,False
fig51,kmeans||,65,130,5,2,64,exact,5,47,5,499366.8608094642,478400.55334002606,31,5.39316463470459,31.01792311668396,False
fig51,kmeans||,65,130,5,2,64,exact,6,48,5,491018.2382092686,469472.5835671228,29,6.2556047439575195,30.664682626724243,False
fig51,kmeans||,65,130,5,2,64,exact,7,49,5,471417.4679999867,456525.78347871016,24,5.159470558166504,23.29329824447632,False
fig51,kmeans||,65,130,5,2,64,exact,8,50,5,482884.257903656,465957.3438342699,27,5.711980581283569,27.57116460800171,False
fig51,kmeans||,65,130,5,2,64,exact,9,51,5,467142.9923318556,458155.0263773604,19,5.549633026123047,14.930140733718872,False
fig51,kmeans||,65,130,5,2,64,exact,10,52,5,451350.8426144533,443702.73410443665,22,6.648786783218384,16.616382122039795,False
fig51,kmeans||,65,130,6,2,64,exact,0,42,6,462386.42984593275,451531.94881759083,16,7.7530858516693115,10.174331426620483,False
fig51,kmeans||,65,130,6,2,64,exact,1,43,6,463596.5624605774,457623.56343288993,26,6.34212851524353,24.412772178649902,False
fig51,kmeans||,65,130,6,2,64,exact,2,44,6,461502.4244225706,454250.2977757748,22,6.174988269805908,19.216047048568726,False
fig51,kmeans||,65,130,6,2,64,exact,3,45,6,445948.6197548558,438483.6281902761,20,6.71688437461853,13.765176773071289,False
fig51,kmeans||,65,130,6,2,64,exact,4,46,6,459744.61085876514,449991.21001690207,18,8.306214332580566,14.295648574829102,False
fig51,kmeans||,65,130,6,2,64,exact,5,47,6,481545.7473199712,468001.2175426957,16,6.625199556350708,11.53638219833374,False
fig51,kmeans||,65,130,6,2,64,exact,6,48,6,460275.53431770153,448994.4065823844,52,7.944556474685669,94.30819582939148,False
fig51,kmeans||,65,130,6,2,64,exact,7,49,6,457596.93749420525,452147.5135870903,17,7.515862464904785,11.071902751922607,False
fig51,kmeans||,65,130,6,2,64,exact,8,50,6,464568.62940299464,458084.908646338,48,6.060798406600952,79.04487013816833,False
fig51,kmeans||,65,130,6,2,64,exact,9,51,6,474597.88709533645,458060.77245637635,24,7.300161600112915,23.73403787612915,False
fig51,kmeans||,65,130,6,2,64,exact,10,52,6,464951.97317320394,457310.9936063671,19,6.927710771560669,15.14132285118103,False
fig51,kmeans||,65,130,7,2,64,exact,0,42,7,454769.2899475052,451570.7495961864,46,9.65938663482666,70.32630205154419,False
fig51,kmeans||,65,130,7,2,64,exact,1,43,7,464838.96596048604,458292.9883628495,41,9.641374588012695,59.03620982170105,False
fig51,kmeans||,65,130,7,2,64,exact,2,44,7,455178.57119472174,447350.2077146244,26,7.531765699386597,27.396814584732056,False
fig51,kmeans||,65,130,7,2,64,exact,3,45,7,472556.99360254366,464121.7552255803,41,8.078343391418457,57.322566986083984,False
fig51,kmeans||,65,130,7,2,64,exact,4,46,7,462808.50080243277,451728.0862047914,25,9.273998975753784,22.45829463005066,False
fig51,kmeans||,65,130,7,2,64,exact,5,47,7,484115.3197176284,476922.090833867,27,7.267270088195801,28.682061195373535,False
fig51,kmeans||,65,130,7,2,64,exact,6,48,7,460940.09533736896,452028.1415091946,24,7.740066289901733,19.838336944580078,False
fig51,kmeans||,65,130,7,2,64,exact,7,49,7,462358.9059005166,456477.082718166,19,7.339693784713745,15.275370836257935,False
fig51,kmeans||,65,130,7,2,64,exact,8,50,7,459711.9540160406,455014.2044359285,18,7.736232757568359,12.245187759399414,False
fig51,kmeans||,65,130,7,2,64,exact,9,51,7,450582.004000433,443254.82105325337,24,7.2007670402526855,21.825544595718384,False
fig51,kmeans||,65,130,7,2,64,exact,10,52,7,458030.8115112278,452024.7621035725,17,9.218315362930298,12.706110954284668,False
fig51,kmeans||,65,130,8,2,64,exact,0,42,8,465636.5600495824,454289.22786249017,16,8.484154224395752,10.769934892654419,False
fig51,kmeans||,65,130,8,2,64,exact,1,43,8,454710.16021008755,449702.31340839725,24,9.747614622116089,20.603681802749634,False
fig51,kmeans||,65,130,8,2,64,exact,2,44,8,461570.21384582773,455289.40953300585,15,9.653245687484741,10.617905616760254,False
fig51,kmeans||,65,130,8,2,64,exact,3,45,8,453019.61154225137,449781.6576788804,30,10.01448917388916,33.472012996673584,False
fig51,kmeans||,65,130,8,2,64,exact,4,46,8,450112.55305769935,447188.12792638806,23,9.40463900566101,18.170538187026978,False
fig51,kmeans||,65,130,8,2,64,exact,5,47,8,469309.3901799136,458087.8469797302,39,8.578460454940796,54.59538507461548,False
fig51,kmeans||,65,130,8,2,64,exact,6,48,8,475469.23295436887,471817.4374365916,18,9.127175569534302,14.138223648071289,False
fig51,kmeans||,65,130,8,2,64,exact,7,49,8,463824.4006771088,460668.1664829783,38,10.100664138793945,51.43771839141846,False
fig51,kmeans||,65,130,8,2,64,exact,8,50,8,458292.41850843007,455059.3092368479,17,9.211394786834717,13.390715599060059,False
fig51,kmeans||,65,130,8,2,64,exact,9,51,8,448545.2389230426,444760.46975022304,14,8.856406211853027,10.1718590259552,False
fig51,kmeans||,65,130,8,2,64,exact,10,52,8,467366.0903470073,461849.1525106133,19,8.957084894180298,18.488954067230225,False
fig51,kmeans||,65,130,9,2,64,exact,0,42,9,465887.6535819295,462946.34476651205,11,10.537298679351807,8.277392387390137,False
fig51,kmeans||,65,130,9,2,64,exact,1,43,9,460902.68839570804,452305.5509204248,24,11.00650405883789,22.933056116104126,False
fig51,kmeans||,65,130,9,2,64,exact,2,44,9,452310.7591642579,449955.27042351034,17,11.872180223464966,13.847142457962036,False
fig51,kmeans||,65,130,9,2,64,exact,3,45,9,478315.8615145769,472676.71083304257,33,11.66457724571228,39.24908447265625,False
fig51,kmeans||,65,130,9,2,64,exact,4,46,9,452225.73433980905,447680.3589757242,30,10.094265460968018,30.806531190872192,False
fig51,kmeans||,65,130,9,2,64,exact,5,47,9,449057.7529400253,445216.07499338436,18,9.74275517463684,12.222535848617554,False
fig51,kmeans||,65,130,9,2,64,exact,6,48,9,461408.82955379563,458093.261718032,15,11.679354429244995,8.610827684402466,False
fig51,kmeans||,65,130,9,2,64,exact,7,49,9,446239.27835718635,442945.52579195163,20,10.520635604858398,16.71974229812622,False
fig51,kmeans||,65,130,9,2,64,exact,8,50,9,465686.2244206583,462454.6033709171,47,11.39345932006836,76.40183520317078,False
fig51,kmeans||,65,130,9,2,64,exact,9,51,9,461394.0510960021,453016.1590452933,15,11.597573280334473,11.063802719116211,False
fig51,kmeans||,65,130,9,2,64,exact,10,52,9,473327.93392254,462296.87617868104,18,10.0389723777771,14.716696977615356,False
fig51,kmeans||,65,130,10,2,64,exact,0,42,10,460268.9491946477,453998.2127193079,15,10.648858308792114,10.987203359603882,False
fig51,kmeans||,65,130,10,2,64,exact,1,43,10,463505.56300592376,459256.95363655203,25,12.261202812194824,21.27689218521118,False
fig51,kmeans||,65,130,10,2,64,exact,2,44,10,461207.30075491674,456333.34736499196,33,13.100077390670776,39.07413339614868,False
fig51,kmeans||,65,130,10,2,64,exact,3,45,10,462709.30701470125,457403.2994951239,32,11.66134786605835,39.168262004852295,False
fig51,kmeans||,65,130,10,2,64,exact,4,46,10,459980.9288068913,453203.5266725868,34,12.984310865402222,43.29930377006531,False
fig51,kmeans||,65,130,10,2,64,exact,5,47,10,448335.3623835406,445093.36942707276,25,13.891842126846313,21.3958683013916,False
fig51,kmeans||,65,130,10,2,64,exact,6,48,10,470553.0513690595,468921.3939619924,17,12.776578664779663,13.505518913269043,False
fig51,kmeans||,65,130,10,2,64,exact,7,49,10,454808.23721191194,452579.50577954034,20,10.974209785461426,17.029888153076172,False
fig51,kmeans||,65,130,10,2,64,exact,8,50,10,453166.90592799184,446678.287645255,40,12.705284833908081,51.80121445655823,False
fig51,kmeans||,65,130,10,2,64,exact,9,51,10,457055.29042751953,453499.13462410244,20,14.221059322357178,13.104167699813843,False
fig51,kmeans||,65,130,10,2,64,exact,10,52,10,443272.76137834636,440864.2717672821,13,12.622089147567749,6.5961692333221436,False
fig51,kmeans||,65,260,1,4,64,exact,0,42,1,638338.0393072235,519623.2545783085,33,2.9653799533843994,41.838624000549316,False
fig51,kmeans||,65,260,1,4,64,exact,1,43,1,673059.3452698563,533015.9909354325,20,3.036466598510742,15.097031354904175,False
fig51,kmeans||,65,260,1,4,64,exact,2,44,1,715716.5384510844,525431.1020497264,40,2.557744026184082,56.814499855041504,False
fig51,kmeans||,65,260,1,4,64,exact,3,45,1,811851.9121581138,576439.2588769018,28,2.4696567058563232,28.221853971481323,False
fig51,kmeans||,65,260,1,4,64,exact,4,46,1,859805.2190426069,615452.8069122253,25,2.8597288131713867,21.96546459197998,False
fig51,kmeans||,65,260,1,4,64,exact,5,47,1,651066.920017955,510172.6790664465,26,2.596747398376465,24.865638732910156,False
fig51,kmeans||,65,260,1,4,64,exact,6,48,1,1406058.3018396844,1021162.2758339961,22,2.7739415168762207,19.534634351730347,False
fig51,kmeans||,65,260,1,4,64,exact,7,49,1,712084.4542761038,474167.3881848648,25,2.951169013977051,23.35258960723877,False
fig51,kmeans||,65,260,1,4,64,exact,8,50,1,733647.8403237545,545423.4370467693,40,2.858780860900879,53.175007581710815,False
fig51,kmeans||,65,260,1,4,64,exact,9,51,1,763978.3723189166,637903.1656245663,24,2.610332489013672,20.66566824913025,False
fig51,kmeans||,65,260,1,4,64,exact,10,52,1,766030.5237558314,603976.9559406589,23,3.031799077987671,19.620460510253906,False
fig51,kmeans||,65,260,2,4,64,exact,0,42,2,464535.5311344707,444461.6332549091,20,3.1425812244415283,14.15511441230774,False
fig51,kmeans||,65,260,2,4,64,exact,1,43,2,471709.28815838037,448290.74002787384,15,3.191380500793457,10.593520641326904,False
fig51,kmeans||,65,260,2,4,64,exact,2,44,2,495805.3124532809,468096.4730364018,25,3.32375431060791,23.719698429107666,False
fig51,kmeans||,65,260,2,4,64,exact,3,45,2,486560.66987166146,459487.55072217784,45,3.529036045074463,69.7355592250824,False
fig51,kmeans||,65,260,2,4,64,exact,4,46,2,462703.6571328217,448983.14857177367,31,3.6104202270507812,35.60613393783569,False
fig51,kmeans||,65,260,2,4,64,exact,5,47,2,498427.3536201248,476812.2294812101,18,3.131281614303589,14.223560571670532,False
fig51,kmeans||,65,260,2,4,64,exact,6,48,2,489012.3755753132,450409.5595121061,27,3.3890786170959473,26.2829270362854,False
fig51,kmeans||,65,260,2,4,64,exact,7,49,2,467445.8132077283,445447.12793945044,28,3.1388731002807617,27.617210626602173,False
fig51,kmeans||,65,260,2,4,64,exact,8,50,2,473265.5635587937,444895.5071280773,23,3.6404635906219482,19.437328100204468,False
fig51,kmeans||,65,260,2,4,64,exact,9,51,2,475841.9862233405,452609.2863656628,29,3.246829032897949,32.59629774093628,False
fig51,kmeans||,65,260,2,4,64,exact,10,52,2,473389.53015849396,456875.2047699739,16,3.4651918411254883,10.245927572250366,False
fig51,kmeans||,65,260,3,4,64,exact,0,42,3,472052.77558873047,458407.8933776529,45,4.2317540645599365,73.2545256614685,False
fig51,kmeans||,65,260,3,4,64,exact,1,43,3,457871.30487092223,451805.41945737664,16,4.529265880584717,11.848856925964355,False
fig51,kmeans||,65,260,3,4,64,exact,2,44,3,453239.4236148618,446063.7686649547,16,4.190774917602539,10.583107709884644,False
fig51,kmeans||,65,260,3,4,64,exact,3,45,3,455020.8239005107,446402.86499272403,44,4.299844741821289,69.55081677436829,False
fig51,kmeans||,65,260,3,4,64,exact,4,46,3,468675.8073442007,453813.6036858708,25,4.15080189704895,24.381558895111084,False
fig51,kmeans||,65,260,3,4,64,exact,5,47,3,458260.54536514997,452169.2331027397,20,4.090505361557007,15.44141411781311,False
fig51,kmeans||,65,260,3,4,64,exact,6,48,3,456084.89330782957,447670.84004205454,20,4.047359228134155,16.756742477416992,False
fig51,kmeans||,65,260,3,4,64,exact,7,49,3,457652.09836865065,449661.4187835922,26,5.487239122390747,26.714768886566162,False
fig51,kmeans||,65,260,3,4,64,exact,8,50,3,471725.15946774033,462129.5979381128,18,4.2439491748809814,14.61005163192749,False
fig51,kmeans||,65,260,3,4,64,exact,9,51,3,462175.1914641593,456106.32670851174,23,3.9778177738189697,20.14734196662903,False
fig51,kmeans||,65,260,3,4,64,exact,10,52,3,465790.02128118795,454897.7970276765,33,4.1700968742370605,36.76361799240112,False
fig51,kmeans||,65,260,4,4,64,exact,0,42,4,448989.9176644572,444298.28143518855,21,5.172456741333008,17.586662769317627,False
fig51,kmeans||,65,260,4,4,64,exact,1,43,4,455014.0880681592,446278.8422060953,28,6.547727584838867,27.181512117385864,False
fig51,kmeans||,65,260,4,4,64,exact,2,44,4,466882.29030980763,462914.53649389767,21,5.2423083782196045,19.012344360351562,False
fig51,kmeans||,65,260,4,4,64,exact,3,45,4,474738.3412424688,471146.14126805775,43,5.4270570278167725,60.27985644340515,False
fig51,kmeans||,65,260,4,4,64,exact,4,46,4,459483.82043949916,453926.90153658675,26,5.926180124282837,25.60718536376953,False
fig51,kmeans||,65,260,4,4,64,exact,5,47,4,463795.8433957099,455810.1567948415,21,5.443899393081665,19.627322673797607,False
fig51,kmeans||,65,260,4,4,64,exact,6,48,4,480289.4116879384,465111.1489129357,31,5.282016038894653,33.077033281326294,False
fig51,kmeans||,65,260,4,4,64,exact,7,49,4,465399.50169641525,461743.3075464956,19,5.20226788520813,16.04335379600525,False
fig51,kmeans||,65,260,4,4,64,exact,8,50,4,454242.409461886,447202.27370137855,24,4.55432653427124,19.679580211639404,False
fig51,kmeans||,65,260,4,4,64,exact,9,51,4,469211.80737785134,460118.478293186,27,5.217230319976807,24.612724781036377,False
fig51,kmeans||,65,260,4,4,64,exact,10,52,4,489948.6975066244,467714.2634172712,33,5.2992165088653564,37.6155960559845,False
fig51,kmeans||,65,260,5,4,64,exact,0,42,5,472967.410558291,466859.9818026256,17,6.622910499572754,13.066951990127563,False
fig51,kmeans||,65,260,5,4,64,exact,1,43,5,457488.85394807416,448544.6705502686,37,8.136471271514893,45.81390380859375,False
fig51,kmeans||,65,260,5,4,64,exact,2,44,5,469316.28771988535,465935.2084265185,26,8.126715183258057,23.88732099533081,False
fig51,kmeans||,65,260,5,4,64,exact,3,45,5,462199.56065304513,454067.0247239014,23,6.497227907180786,20.786550521850586,False
fig51,kmeans||,65,260,5,4,64,exact,4,46,5,457825.23559309373,452681.03378740686,19,6.360857725143433,15.003971338272095,False
fig51,kmeans||,65,260,5,4,64,exact,5,47,5,456100.5055901999,453850.073117952,22,7.330554485321045,15.614358186721802,False
fig51,kmeans||,65,260,5,4,64,exact,6,48,5,453093.98714397894,448364.9401032209,17,6.370770692825317,10.409222841262817,False
fig51,kmeans||,65,260,5,4,64,exact,7,49,5,458447.1619608863,453807.08772183984,46,8.061622858047485,69.0416476726532,False
fig51,kmeans||,65,260,5,4,64,exact,8,50,5,464976.579051536,460842.27257314883,70,6.627166032791138,152.49394941329956,False
fig51,kmeans||,65,260,5,4,64,exact,9,51,5,462091.670568332,458851.0168502258,18,6.075893402099609,10.63062334060669,False
fig51,kmeans||,65,260,5,4,64,exact,10,52,5,452784.32524731883,448021.1692057017,19,6.103277921676636,11.592973947525024,False
fig51,kmeans||,65,260,6,4,64,exact,0,42,6,452513.9579626462,447455.438201057,24,8.157689809799194,20.561100482940674,False
fig51,kmeans||,65,260,6,4,64,exact,1,43,6,467042.78226132935,463285.8831270033,32,7.626626491546631,33.93881368637085,False
fig51,kmeans||,65,260,6,4,64,exact,2,44,6,462435.0113741702,457210.0803271495,25,8.176441192626953,19.562634706497192,False
fig51,kmeans||,65,260,6,4,64,exact,3,45,6,460241.79996050795,456245.39048754645,21,7.292200565338135,14.748836278915405,False
fig51,kmeans||,65,260,6,4,64,exact,4,46,6,455469.28980633325,452335.3763903903,23,6.929960012435913,17.437116861343384,False
fig51,kmeans||,65,260,6,4,64,exact,5,47,6,460041.8777669576,458073.3535343284,21,7.988045930862427,14.512806177139282,False
fig51,kmeans||,65,260,6,4,64,exact,6,48,6,451325.6842810326,447139.2159179121,21,7.503824949264526,13.719541788101196,False
fig51,kmeans||,65,260,6,4,64,exact,7,49,6,456131.834887455,453762.48181867186,30,8.341835498809814,31.684298276901245,False
fig51,kmeans||,65,260,6,4,64,exact,8,50,6,455747.13930884324,454529.6567621649,14,7.113524913787842,7.048601388931274,False
fig51,kmeans||,65,260,6,4,64,exact,9,51,6,464186.4475468934,452762.16380578245,21,7.361944198608398,13.74849009513855,False
fig51,kmeans||,65,260,6,4,64,exact,10,52,6,453708.97415664204,450502.75921647204,17,7.898986577987671,9.608295202255249,False
fig51,kmeans||,65,260,7,4,64,exact,0,42,7,468164.718133475,459484.5091151908,21,8.785878419876099,16.15895175933838,False
fig51,kmeans||,65,260,7,4,64,exact,1,43,7,458359.8569670903,453298.3488765414,34,9.093435287475586,41.73737049102783,False
fig51,kmeans||,65,260,7,4,64,exact,2,44,7,464501.04839530226,462354.92649850884,15,8.566614866256714,9.607584714889526,False
fig51,kmeans||,65,260,7,4,64,exact,3,45,7,464462.6023304481,460505.4813287523,50,8.723392963409424,83.37846636772156,False
fig51,kmeans||,65,260,7,4,64,exact,4,46,7,465650.44359042513,462342.4865304202,29,9.283607482910156,31.13045048713684,False
fig51,kmeans||,65,260,7,4,64,exact,5,47,7,452283.1153704655,450728.61045525566,19,9.257189512252808,12.946387767791748,False
fig51,kmeans||,65,260,7,4,64,exact,6,48,7,449531.18019127287,448337.0266759921,11,8.882721424102783,3.90102219581604,False
fig51,kmeans||,65,260,7,4,64,exact,7,49,7,456421.7329168541,453087.4593137848,22,9.816314220428467,15.133763790130615,False
fig51,kmeans||,65,260,7,4,64,exact,8,50,7,474567.5714538488,470530.5849384195,24,9.38761830329895,20.668294429779053,False
fig51,kmeans||,65,260,7,4,64,exact,9,51,7,451777.85759715317,447950.67514161835,23,9.2603759765625,18.282016038894653,False
fig51,kmeans||,65,260,7,4,64,exact,10,52,7,459385.8586583088,453522.8658564649,26,9.251202583312988,21.038233518600464,False
fig51,kmeans||,65,260,8,4,64,exact,0,42,8,460326.9094499685,457237.05321728956,17,10.938591718673706,9.913498163223267,False
fig51,kmeans||,65,260,8,4,64,exact,1,43,8,461428.1442021953,459834.60339001357,15,11.472196578979492,9.45628809928894,False
fig51,kmeans||,65,260,8,4,64,exact,2,44,8,461257.8554509638,456898.5891751338,16,11.712696075439453,9.185959339141846,False
fig51,kmeans||,65,260,8,4,64,exact,3,45,8,460954.2428630402,456745.7211691982,15,10.597922086715698,10.980128765106201,False
fig51,kmeans||,65,260,8,4,64,exact,4,46,8,455722.04287122766,450426.500478544,28,11.505014181137085,24.140156745910645,False
fig51,kmeans||,65,260,8,4,64,exact,5,47,8,471077.3262927223,467163.96265037864,19,11.106410264968872,12.055078029632568,False
fig51,kmeans||,65,260,8,4,64,exact,6,48,8,457456.9463287364,453215.3758926793,21,10.789715766906738,17.490484952926636,False
fig51,kmeans||,65,260,8,4,64,exact,7,49,8,459658.15164574806,458922.69127948,11,10.625934600830078,5.223829984664917,False
fig51,kmeans||,65,260,8,4,64,exact,8,50,8,450216.2684635455,448778.9502861437,17,11.229243278503418,12.14436936378479,False
fig51,kmeans||,65,260,8,4,64,exact,9,51,8,447273.90029691777,445690.153465418,12,11.506407976150513,4.777926683425903,False
fig51,kmeans||,65,260,8,4,64,exact,10,52,8,470543.2593249645,467579.6001124775,19,12.514625549316406,14.24608302116394,False
fig51,kmeans||,65,260,9,4,64,exact,0,42,9,459960.7243714675,457522.06811105594,23,13.354605674743652,16.26042890548706,False
fig51,kmeans||,65,260,9,4,64,exact,1,43,9,448078.78691757313,446691.7838386492,19,14.852234363555908,11.77193570137024,False
fig51,kmeans||,65,260,9,4,64,exact,2,44,9,464652.74996945716,457199.42081343994,33,12.994015216827393,35.17775821685791,False
fig51,kmeans||,65,260,9,4,64,exact,3,45,9,458162.4485425483,456303.76428933913,18,12.129558086395264,13.075710535049438,False
fig51,kmeans||,65,260,9,4,64,exact,4,46,9,456176.13302662293,453926.07137348957,45,14.335006475448608,62.036543130874634,False
fig51,kmeans||,65,260,9,4,64,exact,5,47,9,490632.28572625195,487644.2827691118,44,13.25449824333191,60.218045711517334,False
fig51,kmeans||,65,260,9,4,64,exact,6,48,9,445062.8357398574,443645.3875752463,21,13.19137692451477,13.837469816207886,False
fig51,kmeans||,65,260,9,4,64,exact,7,49,9,453537.5289479361,452349.2132831652,25,13.066365718841553,19.85921335220337,False
fig51,kmeans||,65,260,9,4,64,exact,8,50,9,451075.71616718924,449101.7588311336,21,13.164724111557007,15.009708166122437,False
fig51,kmeans||,65,260,9,4,64,exact,9,51,9,458118.74725801876,451449.5077270147,21,13.721377611160278,17.0405011177063,False
fig51,kmeans||,65,260,9,4,64,exact,10,52,9,473811.60538262967,472773.1286970104,19,13.659144163131714,13.218029499053955,False
fig51,kmeans||,65,260,10,4,64,exact,0,42,10,471034.5041464842,470392.76306376874,19,15.997793436050415,11.884667158126831,False
fig51,kmeans||,65,260,10,4,64,exact,1,43,10,456115.116623023,452815.099094137,32,15.591173648834229,32.32613921165466,False
fig51,kmeans||,65,260,10,4,64,exact,2,44,10,454368.43727035733,451755.66523214045,20,15.729377031326294,14.046835899353027,False
fig51,kmeans||,65,260,10,4,64,exact,3,45,10,447700.23616515426,445922.5757738178,19,15.796735048294067,14.04816198348999,False
fig51,kmeans||,65,260,10,4,64,exact,4,46,10,455572.3041218066,449791.70272983774,24,15.733903884887695,20.10675072669983,False
fig51,kmeans||,65,260,10,4,64,exact,5,47,10,454694.6028479122,448477.15531556844,14,15.432635068893433,9.431246519088745,False
fig51,kmeans||,65,260,10,4,64,exact,6,48,10,458304.08777874714,457155.31294296175,15,15.667695760726929,9.046111583709717,False
fig51,kmeans||,65,260,10,4,64,exact,7,49,10,461359.09763318195,458626.783702104,20,15.651597499847412,15.696634769439697,False
fig51,kmeans||,65,260,10,4,64,exact,8,50,10,468161.04596906813,466337.2868599803,19,14.712274551391602,13.873928308486938,False
fig51,kmeans||,65,260,10,4,64,exact,9,51,10,459041.15691389027,451640.0883933125,36,14.265637159347534,42.665839195251465,False
fig51,kmeans||,65,260,10,4,64,exact,10,52,10,466900.7338753549,463294.9500282827,35,14.352195262908936,39.814472675323486,False
fig51,kmeans||,129,129,1,1,64,exact,0,42,1,1007375.4120647237,523999.09687592316,100,3.8537914752960205,395.0684506893158,False
fig51,kmeans||,129,129,1,1,64,exact,1,43,1,1831166.5726927014,677710.4281808989,100,2.475480794906616,390.42689657211304,False
fig51,kmeans||,129,129,1,1,64,exact,2,44,1,940499.7554647077,468977.9607939802,96,2.836426258087158,360.95880341529846,False
fig51,kmeans||,129,129,1,1,64,exact,3,45,1,1361445.214692968,534950.147783578,100,2.309391975402832,386.08572936058044,False
fig51,kmeans||,129,129,1,1,64,exact,4,46,1,1520812.0810462711,501606.12042517477,100,2.555363893508911,385.73018312454224,False
fig51,kmeans||,129,129,1,1,64,exact,5,47,1,974167.0481931793,534654.5342672941,100,2.5392558574676514,384.688898563385,False
fig51,kmeans||,129,129,1,1,64,exact,6,48,1,3156886.934292238,745366.2031818856,82,2.3009071350097656,259.45876574516296,False
fig51,kmeans||,129,129,1,1,64,exact,7,49,1,2194981.9192269407,476995.19898493035,100,2.2487027645111084,377.04548144340515,False
fig51,kmeans||,129,129,1,1,64,exact,8,50,1,1473839.7617458354,430155.5123097289,100,2.680760622024536,374.8752851486206,False
fig51,kmeans||,129,129,1,1,64,exact,9,51,1,1046365.0928138001,425532.40936003067,74,2.3379786014556885,204.79972743988037,False
fig51,kmeans||,129,129,1,1,64,exact,10,52,1,1246131.6653187526,473258.53917872685,79,2.6942737102508545,254.23230075836182,False
fig51,kmeans||,129,129,2,1,64,exact,0,42,2,322945.2485231482,228486.8813792147,51,2.774965524673462,108.30086874961853,False
fig51,kmeans||,129,129,2,1,64,exact,1,43,2,355721.21511563467,233600.61911718437,47,2.8747870922088623,88.38085198402405,False
fig51,kmeans||,129,129,2,1,64,exact,2,44,2,314307.8474654226,220851.88656943917,48,3.1350977420806885,96.1936821937561,False
fig51,kmeans||,129,129,2,1,64,exact,3,45,2,300119.00181936607,212996.55719833047,62,3.1442766189575195,154.0354447364807,False
fig51,kmeans||,129,129,2,1,64,exact,4,46,2,316034.829362139,220249.48228014793,30,3.1139626502990723,39.82501673698425,False
fig51,kmeans||,129,129,2,1,64,exact,5,47,2,314843.3794530674,229258.4531940182,53,3.0444719791412354,114.11925077438354,False
fig51,kmeans||,129,129,2,1,64,exact,6,48,2,483168.8313011888,272426.9471406898,74,2.8222603797912598,208.01463675498962,False
fig51,kmeans||,129,129,2,1,64,exact,7,49,2,331745.6789486953,228089.82664448672,49,3.5108821392059326,93.02807211875916,False
fig51,kmeans||,129,129,2,1,64,exact,8,50,2,315595.42911663273,223258.8475110474,70,2.9966208934783936,188.7276976108551,False
fig51,kmeans||,129,129,2,1,64,exact,9,51,2,267831.77962232404,209878.08187234227,34,2.825786590576172,47.66903758049011,False
fig51,kmeans||,129,129,2,1,64,exact,10,52,2,299686.09017838637,218507.34732270654,64,3.1743948459625244,157.16914582252502,False
fig51,kmeans||,129,129,3,1,64,exact,0,42,3,235319.2194520702,199343.9334425596,70,4.75468373298645,183.62679529190063,False
fig51,kmeans||,129,129,3,1,64,exact,1,43,3,244606.86370022647,200139.5849302372,31,3.5803003311157227,39.95101761817932,False
fig51,kmeans||,129,129,3,1,64,exact,2,44,3,240132.96780228347,201312.39729514704,62,3.8945937156677246,152.18942213058472,False
fig51,kmeans||,129,129,3,1,64,exact,3,45,3,238999.79693320103,201375.41541502462,50,3.7023351192474365,98.1494529247284,False
fig51,kmeans||,129,129,3,1,64,exact,4,46,3,235852.34504923312,200587.9713013284,44,3.3454370498657227,76.05196833610535,False
fig51,kmeans||,129,129,3,1,64,exact,5,47,3,243464.98554854855,202643.61501575407,44,4.008354663848877,77.35293078422546,False
fig51,kmeans||,129,129,3,1,64,exact,6,48,3,247261.08195914933,200795.98128157598,31,3.536181688308716,39.90404462814331,False
fig51,kmeans||,129,129,3,1,64,exact,7,49,3,239490.06429309756,204173.1803734365,58,3.630972385406494,127.08175253868103,False
fig51,kmeans||,129,129,3,1,64,exact,8,50,3,246973.21266586107,203110.50125279638,45,4.507511854171753,82.16517877578735,False
fig51,kmeans||,129,129,3,1,64,exact,9,51,3,223930.3255660969,195573.35526813453,32,3.7262966632843018,41.19448637962341,False
fig51,kmeans||,129,129,3,1,64,exact,10,52,3,235274.55455431345,198066.7377200543,94,4.914171457290649,340.3903760910034,False
fig51,kmeans||,129,129,4,1,64,exact,0,42,4,222310.59646367937,203433.9907145363,33,4.832978248596191,42.43904113769531,False
fig51,kmeans||,129,129,4,1,64,exact,1,43,4,225502.3991858337,198623.89801088406,54,4.5104286670684814,116.99365210533142,False
fig51,kmeans||,129,129,4,1,64,exact,2,44,4,223751.0936056054,202595.8427504871,41,4.359421730041504,69.81435012817383,False
fig51,kmeans||,129,129,4,1,64,exact,3,45,4,226670.13006125853,204895.5353783103,53,4.082127809524536,112.62389874458313,False
fig51,kmeans||,129,129,4,1,64,exact,4,46,4,219913.83878446874,200398.36449489175,29,4.272415399551392,36.14248204231262,False
fig51,kmeans||,129,129,4,1,64,exact,5,47,4,224514.45046397974,199313.1900968196,100,4.212422609329224,380.2009811401367,False
fig51,kmeans||,129,129,4,1,64,exact,6,48,4,227317.31660026588,201372.32489927445,53,4.663917064666748,111.31168055534363,False
fig51,kmeans||,129,129,4,1,64,exact,7,49,4,224671.36212752352,204186.43525387984,54,4.478982210159302,119.68069744110107,False
fig51,kmeans||,129,129,4,1,64,exact,8,50,4,220966.6514814739,195691.24377891046,56,4.557340860366821,124.53540873527527,False
fig51,kmeans||,129,129,4,1,64,exact,9,51,4,223488.8555239796,203433.27264804934,37,7.13054633140564,56.55936932563782,False
fig51,kmeans||,129,129,4,1,64,exact,10,52,4,217618.70744197018,198487.62983327138,46,4.725448369979858,81.38260054588318,False
fig51,kmeans||,129,129,5,1,64,exact,0,42,5,212908.07010157075,197397.33018068824,60,4.632916450500488,138.8697988986969,False
fig51,kmeans||,129,129,5,1,64,exact,1,43,5,212193.64183183535,199225.66622552674,72,5.422914266586304,209.66493153572083,False
fig51,kmeans||,129,129,5,1,64,exact,2,44,5,215508.0627398604,202366.3320245226,32,5.576295614242554,47.65019869804382,False
fig51,kmeans||,129,129,5,1,64,exact,3,45,5,213840.36765164204,198417.7907976615,40,4.850163698196411,66.07588291168213,False
fig51,kmeans||,129,129,5,1,64,exact,4,46,5,221712.87827184566,200780.06602768306,100,4.773274898529053,378.7605233192444,False
fig51,kmeans||,129,129,5,1,64,exact,5,47,5,218529.51248339858,199159.10133109748,45,5.130882263183594,77.72355246543884,False
fig51,kmeans||,129,129,5,1,64,exact,6,48,5,217027.93444181132,200390.3413588191,25,5.282353401184082,28.783762454986572,False
fig51,kmeans||,129,129,5,1,64,exact,7,49,5,218179.1287734407,202774.5077376812,41,4.848164319992065,65.40838813781738,False
fig51,kmeans||,129,129,5,1,64,exact,8,50,5,211279.28359032556,199222.31174513712,49,7.399806976318359,94.79510474205017,False
fig51,kmeans||,129,129,5,1,64,exact,9,51,5,217020.90950455263,199419.3782695603,31,7.08917760848999,43.79960560798645,False
fig51,kmeans||,129,129,5,1,64,exact,10,52,5,211398.5864996768,198881.6351819337,55,4.99844765663147,115.28253483772278,False
fig51,kmeans||,129,129,6,1,64,exact,0,42,6,214470.22302546745,201485.10187013922,74,6.604631423950195,210.1164767742157,False
fig51,kmeans||,129,129,6,1,64,exact,1,43,6,211694.08226795806,200405.23966398416,43,6.459352493286133,70.25305461883545,False
fig51,kmeans||,129,129,6,1,64,exact,2,44,6,213255.026056988,199770.72893184453,37,5.918062686920166,57.080817222595215,False
fig51,kmeans||,129,129,6,1,64,exact,3,45,6,214885.28962119366,202889.83294503257,40,7.441188097000122,67.56701445579529,False
fig51,kmeans||,129,129,6,1,64,exact,4,46,6,214375.32598981055,201968.92360019783,57,6.069255352020264,132.12671947479248,False
fig51,kmeans||,129,129,6,1,64,exact,5,47,6,216280.54642489692,202786.3535706817,62,6.1129374504089355,158.67406845092773,False
fig51,kmeans||,129,129,6,1,64,exact,6,48,6,222703.20039733124,208771.0082491574,58,6.035132646560669,138.95727038383484,False
fig51,kmeans||,129,129,6,1,64,exact,7,49,6,215468.92475846803,202335.95530682633,51,6.239181995391846,111.49939727783203,False
fig51,kmeans||,129,129,6,1,64,exact,8,50,6,214301.3814587386,205078.11995654108,62,6.195832252502441,150.3103199005127,False
fig51,kmeans||,129,129,6,1,64,exact,9,51,6,211925.2379204641,200297.70816523163,25,7.927066802978516,29.986469984054565,False
fig51,kmeans||,129,129,6,1,64,exact,10,52,6,215247.11832758028,204471.26684765352,39,6.476993560791016,63.27716851234436,False
fig51,kmeans||,129,129,7,1,64,exact,0,42,7,205890.68698173942,197921.11388955615,57,7.31485390663147,131.18297624588013,False
fig51,kmeans||,129,129,7,1,64,exact,1,43,7,212523.46419576977,202510.17787034588,28,8.601496696472168,31.882999658584595,False
fig51,kmeans||,129,129,7,1,64,exact,2,44,7,214460.70406672257,205345.64282012402,36,8.90799331665039,53.24366116523743,False
fig51,kmeans||,129,129,7,1,64,exact,3,45,7,215554.3104488818,201725.24167402845,38,7.044463157653809,58.85511541366577,False
fig51,kmeans||,129,129,7,1,64,exact,4,46,7,211146.74211145332,199950.9450390139,64,7.585729360580444,165.67554330825806,False
fig51,kmeans||,129,129,7,1,64,exact,5,47,7,202542.5823131235,196068.24712662245,20,7.033982753753662,18.68134832382202,False
fig51,kmeans||,129,129,7,1,64,exact,6,48,7,212628.46231508272,200196.42115128168,66,8.198460817337036,190.80665230751038,False
fig51,kmeans||,129,129,7,1,64,exact,7,49,7,211633.61396539616,202197.25755886253,33,7.664033651351929,48.57033729553223,False
fig51,kmeans||,129,129,7,1,64,exact,8,50,7,207813.83551389122,200193.6259825988,28,8.272743940353394,35.363213300704956,False
fig51,kmeans||,129,129,7,1,64,exact,9,51,7,212998.26013490278,202224.02381011954,56,7.2739417552948,120.76389908790588,False
fig51,kmeans||,129,129,7,1,64,exact,10,52,7,209503.37821494252,198638.3526351024,29,6.836853742599487,34.28678488731384,False
fig51,kmeans||,129,129,8,1,64,exact,0,42,8,205463.71812820813,199558.0988166037,38,8.213702917098999,57.649651288986206,False
fig51,kmeans||,129,129,8,1,64,exact,1,43,8,208800.70683820904,202589.8364535845,25,7.980897426605225,25.540192127227783,False
fig51,kmeans||,129,129,8,1,64,exact,2,44,8,211031.0373523411,201442.1262335286,63,9.74562120437622,158.49084067344666,False
fig51,kmeans||,129,129,8,1,64,exact,3,45,8,218647.97695288432,206375.99721377488,39,8.407872200012207,60.52562999725342,False
fig51,kmeans||,129,129,8,1,64,exact,4,46,8,208613.59466130057,200844.0289130209,55,8.195426225662231,115.78699564933777,False
fig51,kmeans||,129,129,8,1,64,exact,5,47,8,207911.85043467378,200893.8165134295,31,8.284400939941406,38.7572603225708,False
fig51,kmeans||,129,129,8,1,64,exact,6,48,8,212145.756555622,201544.8770393415,18,7.919448375701904,13.568625211715698,False
fig51,kmeans||,129,129,8,1,64,exact,7,49,8,208565.41284568715,201406.88770074604,85,10.17495584487915,280.9443702697754,False
fig51,kmeans||,129,129,8,1,64,exact,8,50,8,208464.5304147688,199100.2868691583,44,8.057100057601929,78.456472158432,False
fig51,kmeans||,129,129,8,1,64,exact,9,51,8,205158.65022912555,198836.41626904055,27,10.155694961547852,31.287370443344116,False
fig51,kmeans||,129,129,8,1,64,exact,10,52,8,203260.90493875172,198069.82260454615,70,8.423001766204834,197.01042366027832,False
fig51,kmeans||,129,129,9,1,64,exact,0,42,9,204980.9968965925,199000.74347754742,59,11.750792264938354,140.35198283195496,False
fig51,kmeans||,129,129,9,1,64,exact,1,43,9,209794.43062117783,201960.91535101895,61,9.379403352737427,156.81317734718323,False
fig51,kmeans||,129,129,9,1,64,exact,2,44,9,208957.55851344837,202040.0733271614,58,11.009026050567627,132.99991130828857,False
fig51,kmeans||,129,129,9,1,64,exact,3,45,9,212517.98026722198,204528.08675485113,31,11.604854106903076,45.62191987037659,False
fig51,kmeans||,129,129,9,1,64,exact,4,46,9,212421.8284027956,204775.4704663526,30,9.920442342758179,42.752554416656494,False
fig51,kmeans||,129,129,9,1,64,exact,5,47,9,205583.51970820635,198189.4138752268,47,12.876668214797974,94.68670701980591,False
fig51,kmeans||,129,129,9,1,64,exact,6,48,9,206983.25747823523,199130.75469265023,30,12.681590795516968,39.324052810668945,False
fig51,kmeans||,129,129,9,1,64,exact,7,49,9,207929.58997392736,200421.5930444391,42,9.68107533454895,76.44495916366577,False
fig51,kmeans||,129,129,9,1,64,exact,8,50,9,206497.7940917253,199661.31153850642,37,10.633771896362305,57.421396017074585,False
fig51,kmeans||,129,129,9,1,64,exact,9,51,9,205215.76501735684,199782.43438826827,30,10.94186544418335,36.914215087890625,False
fig51,kmeans||,129,129,9,1,64,exact,10,52,9,211548.545140552,203240.5241286177,36,10.890466690063477,52.28287887573242,False
fig51,kmeans||,129,129,10,1,64,exact,0,42,10,202254.55488075476,196620.60610698359,43,13.040679216384888,80.17852973937988,False
fig51,kmeans||,129,129,10,1,64,exact,1,43,10,204405.25643817955,200782.35849762027,53,13.841991424560547,114.34947752952576,False
fig51,kmeans||,129,129,10,1,64,exact,2,44,10,208769.94327883553,201463.88913169582,36,13.456568002700806,58.70111131668091,False
fig51,kmeans||,129,129,10,1,64,exact,3,45,10,204930.62361940718,199174.2292650545,66,13.684782981872559,178.28404235839844,False
fig51,kmeans||,129,129,10,1,64,exact,4,46,10,206255.06970156368,199609.25050153976,84,13.335752487182617,284.0012032985687,False
fig51,kmeans||,129,129,10,1,64,exact,5,47,10,201978.27934474376,197109.96449771902,32,11.739858865737915,43.835551738739014,False
fig51,kmeans||,129,129,10,1,64,exact,6,48,10,200882.91047312156,195685.84877535916,25,12.668859958648682,28.92734408378601,False
fig51,kmeans||,129,129,10,1,64,exact,7,49,10,209510.03834729386,204981.67641127884,27,12.370645761489868,29.00330352783203,False
fig51,kmeans||,129,129,10,1,64,exact,8,50,10,206296.54908989966,196422.34783144,42,11.122908115386963,68.94024872779846,False
fig51,kmeans||,129,129,10,1,64,exact,9,51,10,209353.4737933984,201777.05638411187,67,12.829749345779419,176.00462341308594,False
fig51,kmeans||,129,129,10,1,64,exact,10,52,10,211843.66972947677,201876.76320301404,100,12.295172214508057,386.8458261489868,False
fig51,kmeans||,129,258,1,2,64,exact,0,42,1,542460.1451426214,300949.2410789227,67,2.864351987838745,174.9090485572815,False
fig51,kmeans||,129,258,1,2,64,exact,1,43,1,589752.2530479176,291988.2374818223,52,2.832016944885254,107.98416066169739,False
fig51,kmeans||,129,258,1,2,64,exact,2,44,1,645536.3696827166,305225.50899719796,59,2.4964399337768555,133.91316771507263,False
fig51,kmeans||,129,258,1,2,64,exact,3,45,1,734448.2065554678,314056.34193062613,54,2.4094250202178955,115.35778403282166,False
fig51,kmeans||,129,258,1,2,64,exact,4,46,1,800211.978634818,291035.85107107816,86,2.8436386585235596,277.9198884963989,False
fig51,kmeans||,129,258,1,2,64,exact,5,47,1,565397.2447677655,330524.9959997174,73,2.929166078567505,205.8557288646698,False
fig51,kmeans||,129,258,1,2,64,exact,6,48,1,1372694.54277839,360298.11384399305,44,2.4185292720794678,76.78173995018005,False
fig51,kmeans||,129,258,1,2,64,exact,7,49,1,644746.1839766565,278945.36179577257,72,2.9631316661834717,198.139803647995,False
fig51,kmeans||,129,258,1,2,64,exact,8,50,1,639715.3024332741,310416.4804704046,27,2.3954248428344727,30.594024181365967,False
fig51,kmeans||,129,258,1,2,64,exact,9,51,1,705440.0062412726,338677.7779119308,69,2.7381739616394043,185.04600882530212,False
fig51,kmeans||,129,258,1,2,64,exact,10,52,1,687301.8512753117,286403.13326106226,100,3.0551164150238037,392.1617023944855,False
fig51,kmeans||,129,258,2,2,64,exact,0,42,2,226702.458695051,197707.2449994827,40,3.4830710887908936,67.14306807518005,False
fig51,kmeans||,129,258,2,2,64,exact,1,43,2,237658.57280074828,200023.99683504118,32,2.7921149730682373,43.83538317680359,False
fig51,kmeans||,129,258,2,2,64,exact,2,44,2,242493.12406683553,206196.90361675536,68,3.6316683292388916,180.53474378585815,False
fig51,kmeans||,129,258,2,2,64,exact,3,45,2,248429.37443493493,198750.56007725224,40,3.004603147506714,62.26719951629639,False
fig51,kmeans||,129,258,2,2,64,exact,4,46,2,236866.4381150372,204156.42616972068,47,3.5031991004943848,87.67138457298279,False
fig51,kmeans||,129,258,2,2,64,exact,5,47,2,231838.4212894487,206492.2890814538,49,3.139202117919922,92.94182276725769,False
fig51,kmeans||,129,258,2,2,64,exact,6,48,2,248665.5881436436,205294.75543445558,78,4.381077527999878,230.19089555740356,False
fig51,kmeans||,129,258,2,2,64,exact,7,49,2,236139.36879739625,205508.19610536215,28,2.9250845909118652,33.58974289894104,False
fig51,kmeans||,129,258,2,2,64,exact,8,50,2,230525.53474551643,197186.60699490237,46,3.0331926345825195,86.53571796417236,False
fig51,kmeans||,129,258,2,2,64,exact,9,51,2,227064.96031148048,198896.827749266,67,3.4997591972351074,174.86232805252075,False
fig51,kmeans||,129,258,2,2,64,exact,10,52,2,228538.4886926988,196329.71283581987,50,3.1307263374328613,99.65049362182617,False
fig51,kmeans||,129,258,3,2,64,exact,0,42,3,210581.60710117166,198712.82783687935,86,3.990093231201172,275.430700302124,False
fig51,kmeans||,129,258,3,2,64,exact,1,43,3,214372.76522722095,199743.74461914776,34,4.095261573791504,47.58458709716797,False
fig51,kmeans||,129,258,3,2,64,exact,2,44,3,210765.1995607419,199606.48480723996,95,3.8621411323547363,347.05325150489807,False
fig51,kmeans||,129,258,3,2,64,exact,3,45,3,211329.48807196744,197180.69563492376,39,3.947995662689209,61.653324842453,False
fig51,kmeans||,129,258,3,2,64,exact,4,46,3,214343.14919793524,199131.30972280662,46,4.261490106582642,87.21610426902771,False
fig51,kmeans||,129,258,3,2,64,exact,5,47,3,214566.47765174133,201131.36676021543,28,4.1746649742126465,31.503580331802368,False
fig51,kmeans||,129,258,3,2,64,exact,6,48,3,211412.38101295318,196677.55480835654,27,4.238984107971191,31.130611896514893,False
fig51,kmeans||,129,258,3,2,64,exact,7,49,3,214898.94727152327,200736.43853086504,50,3.8499631881713867,104.26617741584778,False
fig51,kmeans||,129,258,3,2,64,exact,8,50,3,216928.34781601856,199270.58559665614,33,4.293843984603882,42.25834250450134,False
fig51,kmeans||,129,258,3,2,64,exact,9,51,3,212142.3215292047,197623.45417578268,84,4.1116783618927,266.1827528476715,False
fig51,kmeans||,129,258,3,2,64,exact,10,52,3,210763.99163202615,196170.86112456032,48,4.137186050415039,90.52882313728333,False
fig51,kmeans||,129,258,4,2,64,exact,0,42,4,211148.73684562338,203653.65277501172,100,4.848043441772461,380.3112723827362,False
fig51,kmeans||,129,258,4,2,64,exact,1,43,4,207933.12118510364,199924.92539989654,52,5.92795205116272,104.25426721572876,False
fig51,kmeans||,129,258,4,2,64,exact,2,44,4,204663.70278455285,194700.86263941624,51,5.224007844924927,100.92034387588501,False
fig51,kmeans||,129,258,4,2,64,exact,3,45,4,208590.22245875906,201104.92955604199,25,4.96978497505188,25.055465936660767,False
fig51,kmeans||,129,258,4,2,64,exact,4,46,4,207310.67335533653,199316.49991731302,59,4.469726324081421,132.70476412773132,False
fig51,kmeans||,129,258,4,2,64,exact,5,47,4,208977.96219803503,200121.23552381922,49,5.138683319091797,93.50823450088501,False
fig51,kmeans||,129,258,4,2,64,exact,6,48,4,213002.35658998607,201462.72922767492,25,5.0280280113220215,26.604373931884766,False
fig51,kmeans||,129,258,4,2,64,exact,7,49,4,208216.31400020618,200220.50336411162,45,5.19966983795166,80.04741168022156,False
fig51,kmeans||,129,258,4,2,64,exact,8,50,4,214835.5517522336,202265.48917437988,60,4.797143220901489,143.12940526008606,False
fig51,kmeans||,129,258,4,2,64,exact,9,51,4,208335.33815580848,201211.17485745667,100,4.861515522003174,379.86245369911194,False
fig51,kmeans||,129,258,4,2,64,exact,10,52,4,208397.55025991698,198219.41521339104,48,5.183614492416382,86.87807178497314,False
fig51,kmeans||,129,258,5,2,64,exact,0,42,5,204715.97168313654,200224.86321169962,48,6.025028228759766,90.19701313972473,False
fig51,kmeans||,129,258,5,2,64,exact,1,43,5,208010.22389874796,199093.3754668456,36,5.567264795303345,50.68187737464905,False
fig51,kmeans||,129,258,5,2,64,exact,2,44,5,208526.796241078,202272.57716615,30,6.237741708755493,38.04626107215881,False
fig51,kmeans||,129,258,5,2,64,exact,3,45,5,209923.88231044533,201482.85644820466,29,6.41740608215332,33.88958668708801,False
fig51,kmeans||,129,258,5,2,64,exact,4,46,5,210360.60219963666,204181.67742579145,41,6.3603737354278564,67.23894953727722,False
fig51,kmeans||,129,258,5,2,64,exact,5,47,5,203899.35498255334,198122.58863747184,38,6.568305492401123,58.441309213638306,False
fig51,kmeans||,129,258,5,2,64,exact,6,48,5,208163.55377690867,200104.0159651178,55,6.240900278091431,123.89078283309937,False
fig51,kmeans||,129,258,5,2,64,exact,7,49,5,207813.72521127903,200349.77535438217,30,6.206639528274536,37.86059331893921,False
fig51,kmeans||,129,258,5,2,64,exact,8,50,5,206711.89773843827,201447.93832401707,51,6.346412658691406,102.95376801490784,False
fig51,kmeans||,129,258,5,2,64,exact,9,51,5,208543.95016132307,199012.04797412656,88,6.2033350467681885,292.766304731369,False
fig51,kmeans||,129,258,5,2,64,exact,10,52,5,207542.60351294628,199705.3879722562,37,7.750709056854248,52.57371139526367,False
fig51,kmeans||,129,258,6,2,64,exact,0,42,6,208784.69058033396,204187.95496536087,42,7.237175941467285,68.21986627578735,False
fig51,kmeans||,129,258,6,2,64,exact,1,43,6,204819.20771422258,199106.40083262025,39,7.541064739227295,61.061134576797485,False
fig51,kmeans||,129,258,6,2,64,exact,2,44,6,207125.58297754882,202343.14345479954,27,7.8083391189575195,31.48732042312622,False
fig51,kmeans||,129,258,6,2,64,exact,3,45,6,208529.74151824374,202842.39680613216,39,7.382615566253662,61.1766471862793,False
fig51,kmeans||,129,258,6,2,64,exact,4,46,6,208165.1607593104,199417.63075421826,37,7.3439319133758545,52.89577388763428,False
fig51,kmeans||,129,258,6,2,64,exact,5,47,6,209472.67761163932,205661.93882438506,35,7.936788320541382,51.7530882358551,False
fig51,kmeans||,129,258,6,2,64,exact,6,48,6,206187.6013811318,201328.38075053878,29,7.107546806335449,36.523085594177246,False
fig51,kmeans||,129,258,6,2,64,exact,7,49,6,211276.17505527465,203989.81598625777,56,6.7091615200042725,119.73548102378845,False
fig51,kmeans||,129,258,6,2,64,exact,8,50,6,204015.25413917127,200192.4602233155,38,7.4152374267578125,59.14129972457886,False
fig51,kmeans||,129,258,6,2,64,exact,9,51,6,206356.94393501937,199713.37518954437,36,7.19890832901001,52.7379035949707,False
fig51,kmeans||,129,258,6,2,64,exact,10,52,6,204273.6420222826,199009.33522899132,34,7.426508903503418,45.565757274627686,False
fig51,kmeans||,129,258,7,2,64,exact,0,42,7,204193.55904547573,200929.80743765456,52,10.014817714691162,105.96425175666809,False
fig51,kmeans||,129,258,7,2,64,exact,1,43,7,200109.17731998494,197131.00368919596,36,9.400229692459106,50.26566553115845,False
fig51,kmeans||,129,258,7,2,64,exact,2,44,7,204417.74254690998,200732.23680242948,34,8.530389070510864,48.14179849624634,False
fig51,kmeans||,129,258,7,2,64,exact,3,45,7,203950.23627231756,200265.48552350345,29,9.44389033317566,32.894201040267944,False
fig51,kmeans||,129,258,7,2,64,exact,4,46,7,207298.34981065633,200345.02788959464,42,11.52962327003479,69.31702733039856,False
fig51,kmeans||,129,258,7,2,64,exact,5,47,7,211386.97592068533,206512.77103253824,54,8.661104679107666,111.55847454071045,False
fig51,kmeans||,129,258,7,2,64,exact,6,48,7,203843.8520774753,199460.97367921527,30,9.053014278411865,35.450578927993774,False
fig51,kmeans||,129,258,7,2,64,exact,7,49,7,205459.0519326572,199218.45422592622,29,8.968270540237427,32.63500905036926,False
fig51,kmeans||,129,258,7,2,64,exact,8,50,7,205179.44185508759,200923.8513187594,32,10.537049293518066,43.70069909095764,False
fig51,kmeans||,129,258,7,2,64,exact,9,51,7,201339.0455852446,197797.67592511734,37,9.089455842971802,56.36444926261902,False
fig51,kmeans||,129,258,7,2,64,exact,10,52,7,209552.76969721602,199632.2830360286,51,9.151347160339355,100.28955554962158,False
fig51,kmeans||,129,258,8,2,64,exact,0,42,8,200556.98343305933,197335.04636842836,25,10.58362889289856,27.825860261917114,False
fig51,kmeans||,129,258,8,2,64,exact,1,43,8,201672.7130704224,197691.1110010889,41,10.720372676849365,66.1446533203125,False
fig51,kmeans||,129,258,8,2,64,exact,2,44,8,198913.79614318622,195796.43988028727,43,11.786675453186035,72.95133924484253,False
fig51,kmeans||,129,258,8,2,64,exact,3,45,8,200210.4100742848,197926.13180396086,29,10.658357858657837,34.644320249557495,False
fig51,kmeans||,129,258,8,2,64,exact,4,46,8,206534.05478308097,202341.20349501332,32,10.380338907241821,42.37345242500305,False
fig51,kmeans||,129,258,8,2,64,exact,5,47,8,212483.34275058567,205528.4190926423,47,11.785043001174927,87.46452450752258,False
fig51,kmeans||,129,258,8,2,64,exact,6,48,8,198886.32740454198,195234.69849521463,74,11.952679634094238,217.41412615776062,False
fig51,kmeans||,129,258,8,2,64,exact,7,49,8,208831.44791145888,205928.60051599212,38,10.933489799499512,57.29874062538147,False
fig51,kmeans||,129,258,8,2,64,exact,8,50,8,206164.85819899203,203017.20461449918,23,11.84443998336792,23.38347601890564,False
fig51,kmeans||,129,258,8,2,64,exact,9,51,8,204838.49763238215,200658.42562894654,38,12.149388313293457,59.611528158187866,False
fig51,kmeans||,129,258,8,2,64,exact,10,52,8,205155.58148329903,200647.02843128785,47,10.805887222290039,87.49771022796631,False
fig51,kmeans||,129,258,9,2,64,exact,0,42,9,206076.0665880752,203909.85500730548,25,12.819816589355469,27.86383628845215,False
fig51,kmeans||,129,258,9,2,64,exact,1,43,9,203866.56009876684,198917.60988396234,35,13.779759645462036,47.22605276107788,False
fig51,kmeans||,129,258,9,2,64,exact,2,44,9,207381.0991088303,201329.91836634642,60,14.90032410621643,140.06938695907593,False
fig51,kmeans||,129,258,9,2,64,exact,3,45,9,204102.20934652732,201945.41935629258,76,13.66442322731018,220.78161692619324,False
fig51,kmeans||,129,258,9,2,64,exact,4,46,9,204839.4024478745,198991.41067348127,68,12.47588586807251,176.83048248291016,False
fig51,kmeans||,129,258,9,2,64,exact,5,47,9,207274.6138821044,203954.593124221,39,13.824040651321411,66.38426971435547,False
fig51,kmeans||,129,258,9,2,64,exact,6,48,9,210917.26609342115,205264.93481359084,44,15.772899866104126,83.5502495765686,False
fig51,kmeans||,129,258,9,2,64,exact,7,49,9,201568.10974132895,197825.57917765254,56,14.506750106811523,130.57917594909668,False
fig51,kmeans||,129,258,9,2,64,exact,8,50,9,204543.56604774634,202213.00970971628,39,12.684133768081665,60.81119704246521,False
fig51,kmeans||,129,258,9,2,64,exact,9,51,9,200383.0586516552,198420.65869554106,51,11.809393644332886,102.89412760734558,False
fig51,kmeans||,129,258,9,2,64,exact,10,52,9,208362.7495213465,202699.94790962397,52,11.940104961395264,106.69880652427673,False
fig51,kmeans||,129,258,10,2,64,exact,0,42,10,202558.98246965688,200126.0162223116,96,15.684808492660522,367.1509139537811,False
fig51,kmeans||,129,258,10,2,64,exact,1,43,10,202162.59542259492,199541.9438528929,30,17.53536081314087,37.35557556152344,False
fig51,kmeans||,129,258,10,2,64,exact,2,44,10,203178.7605848127,198866.40617757427,38,15.841835021972656,58.81329917907715,False
fig51,kmeans||,129,258,10,2,64,exact,3,45,10,206739.18026039557,203045.73453613333,36,16.9358651638031,57.11099076271057,False
fig51,kmeans||,129,258,10,2,64,exact,4,46,10,207339.50983290208,204549.62006354722,72,16.086153030395508,203.60111808776855,False
fig51,kmeans||,129,258,10,2,64,exact,5,47,10,203176.38743980293,200383.3946750763,71,17.063514232635498,204.69089722633362,False
fig51,kmeans||,129,258,10,2,64,exact,6,48,10,204760.82461229883,202864.2225983539,67,16.666736125946045,179.52095222473145,False
fig51,kmeans||,129,258,10,2,64,exact,7,49,10,215333.27636508635,207135.5934992676,62,14.425717115402222,150.22952508926392,False
fig51,kmeans||,129,258,10,2,64,exact,8,50,10,206310.56322225838,202434.7074680372,78,16.038325309753418,239.37584614753723,False
fig51,kmeans||,129,258,10,2,64,exact,9,51,10,202091.77002498705,197571.51906246808,47,15.356624603271484,87.19501304626465,False
fig51,kmeans||,129,258,10,2,64,exact,10,52,10,204702.50413346314,200279.09143800804,37,16.05088782310486,54.40211224555969,False
fig51,kmeans||,129,516,1,4,64,exact,0,42,1,409221.4106820458,231449.31915055175,44,2.855412244796753,75.1454336643219,False
fig51,kmeans||,129,516,1,4,64,exact,1,43,1,338321.71606042376,225164.58430733683,44,3.251249313354492,76.94758081436157,False
fig51,kmeans||,129,516,1,4,64,exact,2,44,1,378701.5539879064,227567.9703044769,84,3.4743247032165527,274.26619005203247,False
fig51,kmeans||,129,516,1,4,64,exact,3,45,1,397737.86392110464,237467.1460556114,49,3.902492046356201,95.98114538192749,False
fig51,kmeans||,129,516,1,4,64,exact,4,46,1,441463.01463550294,245373.91647478737,100,2.4870622158050537,381.89553689956665,False
fig51,kmeans||,129,516,1,4,64,exact,5,47,1,360312.6761389142,232645.53588394466,54,2.93036150932312,120.72552132606506,False
fig51,kmeans||,129,516,1,4,64,exact,6,48,1,525646.3412578919,261413.17673160194,100,2.9684736728668213,384.5376920700073,False
fig51,kmeans||,129,516,1,4,64,exact,7,49,1,343492.89637609274,232409.9474014599,74,2.938690662384033,210.98519110679626,False
fig51,kmeans||,129,516,1,4,64,exact,8,50,1,451093.91346811096,241552.1285178081,56,2.919973611831665,121.9141936302185,False
fig51,kmeans||,129,516,1,4,64,exact,9,51,1,439082.8053323858,240963.2740184514,64,2.5985984802246094,159.31747794151306,False
fig51,kmeans||,129,516,1,4,64,exact,10,52,1,358823.8522447622,230428.7509850611,44,2.9712131023406982,79.1837968826294,False
fig51,kmeans||,129,516,2,4,64,exact,0,42,2,212838.00488830107,201687.83169674277,41,3.6401875019073486,69.55332708358765,False
fig51,kmeans||,129,516,2,4,64,exact,1,43,2,213038.92146799396,200469.0569880895,36,3.749363899230957,54.054221630096436,False
fig51,kmeans||,129,516,2,4,64,exact,2,44,2,215004.6388048452,200571.57686239737,72,3.7084591388702393,198.88604640960693,False
fig51,kmeans||,129,516,2,4,64,exact,3,45,2,211157.4490974698,198935.83367471138,45,3.8722052574157715,83.41964983940125,False
fig51,kmeans||,129,516,2,4,64,exact,4,46,2,217323.3531251188,201261.1824021699,44,4.473093032836914,79.18543934822083,False
fig51,kmeans||,129,516,2,4,64,exact,5,47,2,211650.05143952172,198567.11972126507,52,3.5376529693603516,102.89908385276794,False
fig51,kmeans||,129,516,2,4,64,exact,6,48,2,219964.8761584512,201758.26492028136,31,3.9647982120513916,41.64619994163513,False
fig51,kmeans||,129,516,2,4,64,exact,7,49,2,212061.07369961467,198315.5699069887,21,3.873692750930786,18.53766417503357,False
fig51,kmeans||,129,516,2,4,64,exact,8,50,2,217473.89394802213,201982.5637856803,38,4.0793137550354,60.52459645271301,False
fig51,kmeans||,129,516,2,4,64,exact,9,51,2,214226.80907206805,201428.6756656956,48,3.4760913848876953,95.48288106918335,False
fig51,kmeans||,129,516,2,4,64,exact,10,52,2,209366.63907099428,196789.49188184654,41,3.725724935531616,68.79295635223389,False
fig51,kmeans||,129,516,3,4,64,exact,0,42,3,207229.4677624937,201251.50619122552,47,4.930643320083618,85.75526809692383,False
fig51,kmeans||,129,516,3,4,64,exact,1,43,3,208991.49565478953,204142.25917311606,92,5.077970504760742,342.43039202690125,False
fig51,kmeans||,129,516,3,4,64,exact,2,44,3,202702.33765059672,199212.79531288525,30,4.746272563934326,39.77371382713318,False
fig51,kmeans||,129,516,3,4,64,exact,3,45,3,206319.77495172847,198949.35048540833,100,4.785558462142944,393.91969180107117,False
fig51,kmeans||,129,516,3,4,64,exact,4,46,3,206285.80725056177,199988.55056981923,28,5.120500087738037,33.45518684387207,False
fig51,kmeans||,129,516,3,4,64,exact,5,47,3,212840.25183829066,203724.45667262116,61,5.055198907852173,153.7132420539856,False
fig51,kmeans||,129,516,3,4,64,exact,6,48,3,210224.1200564896,200472.87886682438,31,4.90050745010376,40.087156772613525,False
fig51,kmeans||,129,516,3,4,64,exact,7,49,3,208314.6588982747,203046.36936741666,26,5.905461549758911,28.408124208450317,False
fig51,kmeans||,129,516,3,4,64,exact,8,50,3,207317.02856670594,201224.618152411,99,6.63688850402832,381.39342880249023,False
fig51,kmeans||,129,516,3,4,64,exact,9,51,3,206735.31753844992,199992.26140627798,54,4.76241135597229,115.75855207443237,False
fig51,kmeans||,129,516,3,4,64,exact,10,52,3,203549.08116268157,196680.52614950662,30,4.954777717590332,37.27819347381592,False
fig51,kmeans||,129,516,4,4,64,exact,0,42,4,207203.64409060506,202350.26988534158,53,6.457968235015869,110.58738732337952,False
fig51,kmeans||,129,516,4,4,64,exact,1,43,4,204120.6227476735,200615.2810580486,55,6.156757593154907,121.03300261497498,False
fig51,kmeans||,129,516,4,4,64,exact,2,44,4,205798.15729620296,202111.24566061833,62,6.112690448760986,149.7364432811737,False
fig51,kmeans||,129,516,4,4,64,exact,3,45,4,203718.9484050037,201017.77490262353,23,6.248862266540527,21.802353143692017,False
fig51,kmeans||,129,516,4,4,64,exact,4,46,4,206932.53809638196,199425.088547657,41,7.786594390869141,66.06300163269043,False
fig51,kmeans||,129,516,4,4,64,exact,5,47,4,204047.5162110199,199353.24810237822,46,6.3366265296936035,84.30964589118958,False
fig51,kmeans||,129,516,4,4,64,exact,6,48,4,204380.70579146853,200889.45923566635,43,7.673945665359497,75.8442108631134,False
fig51,kmeans||,129,516,4,4,64,exact,7,49,4,204016.39074106957,199555.32980773365,52,6.74740743637085,109.58493900299072,False
fig51,kmeans||,129,516,4,4,64,exact,8,50,4,204305.07493717253,201936.04963402517,30,6.395861625671387,38.620824575424194,False
fig51,kmeans||,129,516,4,4,64,exact,9,51,4,201765.79252101542,198593.21684150994,44,7.593108892440796,81.48919486999512,False
fig51,kmeans||,129,516,4,4,64,exact,10,52,4,204239.62142445325,200405.70983629557,31,6.7992331981658936,43.785075187683105,False
fig51,kmeans||,129,516,5,4,64,exact,0,42,5,206801.72275828294,202286.72007087033,26,9.103500843048096,30.783451318740845,False
fig51,kmeans||,129,516,5,4,64,exact,1,43,5,202431.1309846685,200082.1133811213,28,8.345617532730103,32.84525752067566,False
fig51,kmeans||,129,516,5,4,64,exact,2,44,5,203227.56018692773,200942.37423498475,39,8.047467231750488,64.14490842819214,False
fig51,kmeans||,129,516,5,4,64,exact,3,45,5,204649.35410901476,201844.32749702933,27,8.06615686416626,29.85126042366028,False
fig51,kmeans||,129,516,5,4,64,exact,4,46,5,204215.042891057,199609.12779389825,44,7.869370698928833,81.30141377449036,False
fig51,kmeans||,129,516,5,4,64,exact,5,47,5,202574.02710932324,200298.0772709562,72,8.659156799316406,209.94120836257935,False
fig51,kmeans||,129,516,5,4,64,exact,6,48,5,202397.24799294095,199284.15934593772,69,9.38785171508789,187.41520595550537,False
fig51,kmeans||,129,516,5,4,64,exact,7,49,5,205613.3162052591,201929.76546346367,60,8.112182140350342,143.50558829307556,False
fig51,kmeans||,129,516,5,4,64,exact,8,50,5,200306.9441439985,197833.2496688337,32,8.236332416534424,45.51058101654053,False
fig51,kmeans||,129,516,5,4,64,exact,9,51,5,199461.6505630555,196107.3477105745,39,8.724714040756226,63.463112354278564,False
fig51,kmeans||,129,516,5,4,64,exact,10,52,5,201862.5939438432,199818.92492467596,20,7.93869161605835,19.30178451538086,False
fig51,kmeans||,129,516,6,4,64,exact,0,42,6,200199.41349170316,198440.2258241554,66,10.237878799438477,172.68904733657837,False
fig51,kmeans||,129,516,6,4,64,exact,1,43,6,200264.6393792664,197508.9995869742,44,10.158045530319214,80.83360409736633,False
fig51,kmeans||,129,516,6,4,64,exact,2,44,6,201764.18527713098,198669.9208932868,19,10.356201887130737,19.200392246246338,False
fig51,kmeans||,129,516,6,4,64,exact,3,45,6,205159.52862532754,200180.69559874237,33,10.574973583221436,48.123459577560425,False
fig51,kmeans||,129,516,6,4,64,exact,4,46,6,202502.59838788013,198955.45576665737,42,12.080318927764893,72.37023901939392,False
fig51,kmeans||,129,516,6,4,64,exact,5,47,6,206153.78817370406,200424.6966094236,67,10.475682020187378,179.18073296546936,False
fig51,kmeans||,129,516,6,4,64,exact,6,48,6,202841.9506934554,201495.83674061162,22,10.827431917190552,22.380028009414673,False
fig51,kmeans||,129,516,6,4,64,exact,7,49,6,207047.64618645757,202864.1661578797,81,10.707206010818481,267.22500705718994,False
fig51,kmeans||,129,516,6,4,64,exact,8,50,6,205019.54315829228,201628.13361422575,51,11.020381689071655,109.54351615905762,False
fig51,kmeans||,129,516,6,4,64,exact,9,51,6,207512.45943349457,203156.41463995053,71,10.601134538650513,205.44308996200562,False
fig51,kmeans||,129,516,6,4,64,exact,10,52,6,195982.32599862048,194306.54263587474,23,10.677631855010986,25.1243793964386,False
fig51,kmeans||,129,516,7,4,64,exact,0,42,7,205805.2453904149,204236.16646396648,63,13.262855291366577,159.28165459632874,False
fig51,kmeans||,129,516,7,4,64,exact,1,43,7,205552.33593634723,204340.39595465828,38,13.953617811203003,61.006333112716675,False
fig51,kmeans||,129,516,7,4,64,exact,2,44,7,201785.84767352726,200442.14341119654,28,12.917118549346924,33.545806646347046,False
fig51,kmeans||,129,516,7,4,64,exact,3,45,7,201752.44682090275,200059.04296069167,19,12.511437892913818,15.553139925003052,False
fig51,kmeans||,129,516,7,4,64,exact,4,46,7,201620.21418574778,200392.9572364837,52,14.186509370803833,108.24404525756836,False
fig51,kmeans||,129,516,7,4,64,exact,5,47,7,204530.72267438972,202122.3886358861,47,12.931966781616211,87.261305809021,False
fig51,kmeans||,129,516,7,4,64,exact,6,48,7,203959.98993386814,201318.3907450082,45,14.17663311958313,78.34517288208008,False
fig51,kmeans||,129,516,7,4,64,exact,7,49,7,201551.49307367834,200578.7541084045,31,12.182311058044434,38.72610139846802,False
fig51,kmeans||,129,516,7,4,64,exact,8,50,7,203870.73328007243,202163.92149383514,37,12.765655517578125,53.60769510269165,False
fig51,kmeans||,129,516,7,4,64,exact,9,51,7,202240.97758121794,200769.9751854005,29,12.051177501678467,33.19973111152649,False
fig51,kmeans||,129,516,7,4,64,exact,10,52,7,205218.64285601713,203922.20067666363,17,13.130732536315918,14.19955062866211,False
fig51,kmeans||,129,516,8,4,64,exact,0,42,8,207991.21480616822,205497.36125841964,100,16.86679220199585,386.7700893878937,False
fig51,kmeans||,129,516,8,4,64,exact,1,43,8,204903.1600240965,202813.30684181338,41,15.438709497451782,68.39511942863464,False
fig51,kmeans||,129,516,8,4,64,exact,2,44,8,204350.7440897301,203444.8587775434,42,15.462769508361816,73.0423858165741,False
fig51,kmeans||,129,516,8,4,64,exact,3,45,8,203196.87739949423,200059.13372573478,44,15.396252870559692,77.36673736572266,False
fig51,kmeans||,129,516,8,4,64,exact,4,46,8,203301.80878457648,201092.21917811345,22,17.32152271270752,22.38406014442444,False
fig51,kmeans||,129,516,8,4,64,exact,5,47,8,199032.67985155463,198098.84747840153,55,16.881258487701416,118.97093772888184,False
fig51,kmeans||,129,516,8,4,64,exact,6,48,8,200953.36795212456,200255.8540308709,18,15.169449806213379,15.580899477005005,False
fig51,kmeans||,129,516,8,4,64,exact,7,49,8,201363.45329093348,200402.7993263872,29,15.57233738899231,34.92305541038513,False
fig51,kmeans||,129,516,8,4,64,exact,8,50,8,206293.89356732758,201496.80672171985,71,15.951732635498047,194.21218252182007,False
fig51,kmeans||,129,516,8,4,64,exact,9,51,8,201368.0913670828,200152.16986956066,45,14.797801971435547,77.55096745491028,False
fig51,kmeans||,129,516,8,4,64,exact,10,52,8,205414.25910023524,204071.16798713978,26,16.244332790374756,28.18973970413208,False
fig51,kmeans||,129,516,9,4,64,exact,0,42,9,203119.90849551102,202565.68948332974,24,19.145219802856445,26.436156034469604,False
fig51,kmeans||,129,516,9,4,64,exact,1,43,9,200510.65933010733,199976.9011820687,19,18.34587550163269,17.404154062271118,False
fig51,kmeans||,129,516,9,4,64,exact,2,44,9,203525.0651411141,203005.90656621795,33,20.23634696006775,46.60654330253601,False
fig51,kmeans||,129,516,9,4,64,exact,3,45,9,203218.63695308907,201441.01856331603,66,20.39816117286682,171.9905457496643,False
fig51,kmeans||,129,516,9,4,64,exact,4,46,9,207760.5854094504,206248.73258827726,26,18.123332738876343,30.24172019958496,False
fig51,kmeans||,129,516,9,4,64,exact,5,47,9,205661.20035561774,204511.53892209512,48,19.624881505966187,93.37026953697205,False
fig51,kmeans||,129,516,9,4,64,exact,6,48,9,203776.0107538032,202832.39290247654,31,21.163403034210205,40.967671632766724,False
fig51,kmeans||,129,516,9,4,64,exact,7,49,9,201907.64935453323,200225.2650676401,57,19.74961233139038,127.91534781455994,False
fig51,kmeans||,129,516,9,4,64,exact,8,50,9,201883.36323473355,201182.77796609985,65,19.876701593399048,166.71937036514282,False
fig51,kmeans||,129,516,9,4,64,exact,9,51,9,202827.6421659074,200935.05926701226,27,19.53432059288025,31.26871657371521,False
fig51,kmeans||,129,516,9,4,64,exact,10,52,9,198016.35723080998,197097.77413537522,26,19.24313759803772,29.761418104171753,False
fig51,kmeans||,129,516,10,4,64,exact,0,42,10,205751.2975475606,204893.0226100195,29,23.063294649124146,36.818957805633545,False
fig51,kmeans||,129,516,10,4,64,exact,1,43,10,202371.29953584788,200840.85988963488,36,21.861356258392334,52.357120513916016,False
fig51,kmeans||,129,516,10,4,64,exact,2,44,10,201824.44263808444,200799.39927608307,43,22.23160219192505,75.63700127601624,False
fig51,kmeans||,129,516,10,4,64,exact,3,45,10,198807.14110465726,195282.65030869297,55,23.798478364944458,119.77088117599487,False
fig51,kmeans||,129,516,10,4,64,exact,4,46,10,200642.58831752598,199942.5154561203,20,22.07442021369934,18.53655767440796,False
fig51,kmeans||,129,516,10,4,64,exact,5,47,10,199931.62196222696,197968.2811169525,51,22.645689010620117,104.26705431938171,False
fig51,kmeans||,129,516,10,4,64,exact,6,48,10,198254.98086758927,197465.61307341763,71,22.84729313850403,184.2456283569336,False
fig51,kmeans||,129,516,10,4,64,exact,7,49,10,204182.31980407247,203377.2196760161,54,23.33036732673645,110.89960932731628,False
fig51,kmeans||,129,516,10,4,64,exact,8,50,10,209517.19960002435,204188.1869939618,44,21.971099138259888,77.25639271736145,False
fig51,kmeans||,129,516,10,4,64,exact,9,51,10,201183.85188566218,197132.08406411612,41,24.941689252853394,69.2970290184021,False
fig51,kmeans||,129,516,10,4,64,exact,10,52,10,202156.73352564502,201325.5046178133,43,23.436606884002686,77.20148301124573,False
