k,l,r,r_effective,partitions,initial_cost,final_cost,time,lloyd_time,num effective lloyd iters,seed,cost_history,iter_times,workers,l_over_k
500,500,5,5,32,621381.944039468,569823.247004098,105.691099882126,58.3831541538239,10,42,"[621381.9440394683, 586492.0907704509, 580486.6693102841, 577228.4286670361, 574977.1011843145, 573311.6286483267, 572268.6661793907, 571551.2051522743, 570896.2712543798, 570291.9517022467]","[35.80288362503052, 2.3831698894500732, 2.7661709785461426, 2.592716932296753, 2.169433355331421, 2.508913040161133, 2.5062415599823, 2.4698922634124756, 2.4958181381225586, 2.593744993209839]",3,1
500,500,5,5,32,620765.519605351,571639.139630584,97.4730477333069,49.0185527801514,8,43,"[620765.5196053506, 585985.2255104413, 579398.127767929, 576369.6738581156, 574606.5111122605, 573552.6750523238, 572732.0717845331, 572146.1615924698]","[33.208327770233154, 2.3368043899536133, 2.2490971088409424, 2.215649366378784, 2.2046754360198975, 2.2830681800842285, 2.2452447414398193, 2.2104694843292236]",3,1
500,500,5,5,32,625631.783100017,570823.985676842,76.9527637958527,45.7026076316834,13,42,"[625631.7831000173, 587273.8032846896, 580979.04691822, 577834.169159129, 575968.7065299718, 574767.1740527523, 573715.0460291558, 572897.7087431166, 572064.6758509187, 571605.1179599217, 571342.1808127137, 571138.5070113093, 570962.8039229391]","[24.697353839874268, 1.7363767623901367, 1.7417974472045898, 1.7578272819519043, 1.7381229400634766, 1.7419755458831787, 1.7127456665039062, 1.7413420677185059, 1.7648568153381348, 1.728783369064331, 1.7563602924346924, 1.7272796630859375, 1.7512383460998535]",4,1
500,500,5,5,32,626545.305025841,573211.689491178,74.2914199829102,40.0795545578003,10,43,"[626545.305025841, 590107.9442061225, 583818.2006179575, 580798.1315280846, 578632.5616310226, 576815.9667247328, 575338.4457063421, 574564.3582248949, 574029.2336150203, 573576.122386805]","[23.91389298439026, 1.7766385078430176, 1.8822946548461914, 1.7658908367156982, 2.031425714492798, 1.7472033500671387, 1.7175042629241943, 1.7043471336364746, 1.6932520866394043, 1.6998744010925293]",4,1
500,500,5,5,32,627397.448919205,572022.955573636,74.2898514270783,38.8233547210693,9,44,"[627397.448919205, 589473.6090105305, 582117.6761706745, 578466.1150117097, 576376.8543312405, 574876.2818179649, 573836.0298962905, 572934.4872968422, 572390.1604122128]","[24.46855115890503, 1.7788689136505127, 1.8303899765014648, 1.7912211418151855, 1.7814559936523438, 1.7879140377044678, 1.7785277366638184, 1.7781119346618652, 1.760563850402832]",4,1
500,500,5,5,32,627799.699566684,569413.834246892,79.4586486816406,45.3231716156006,13,45,"[627799.6995666842, 589835.2127015159, 582080.2403218161, 578123.4795556592, 575707.1586305803, 574136.6818205181, 572851.1735980217, 571902.9164743876, 571225.6537677369, 570656.0315423778, 570211.8738431523, 569856.1641701715, 569594.9705553515]","[23.873313903808594, 1.756089687347412, 1.9281165599822998, 1.7957305908203125, 1.7337768077850342, 1.7787883281707764, 1.818669080734253, 1.8145544528961182, 1.7354404926300049, 1.7449009418487549, 1.7246780395507812, 1.7511651515960693, 1.7540051937103271]",4,1
500,500,5,5,32,625372.524667447,570760.515170427,54.4714341163635,21.4148557186127,12,46,"[625372.5246674469, 588628.6025433183, 581066.2595433943, 577301.016073238, 575306.2681355461, 573745.103494193, 572796.443377609, 572170.886909576, 571747.7867072871, 571443.4415277675, 571190.1868408934, 570970.166555752]","[1.7347359657287598, 1.7397761344909668, 1.7364625930786133, 1.7829487323760986, 1.7740445137023926, 1.7864608764648438, 1.8478190898895264, 1.7866322994232178, 1.7772235870361328, 1.7805943489074707, 1.7863411903381348, 1.7911288738250732]",4,1
500,500,5,5,32,616642.581414457,570385.745132264,69.4222247600555,36.6615025997162,8,47,"[616642.581414457, 584453.2478333269, 579433.933701801, 576918.2057368155, 575089.1361915255, 573595.4819705533, 572195.146873913, 571111.6124925241]","[24.238845825195312, 1.6996567249298096, 1.740426778793335, 1.8082301616668701, 1.7661609649658203, 1.754164695739746, 1.7952628135681152, 1.7483553886413574]",4,1
500,500,5,5,32,629884.456273933,571231.012978482,79.287341594696,44.6327002048492,13,48,"[629884.4562739324, 589311.7780761877, 582343.3124028636, 579588.2428757808, 577937.8759115596, 576876.9224389719, 575828.8306731634, 575108.9189821488, 574458.9991959122, 573694.5706709878, 572903.7933962429, 572283.5762964338, 571724.3037725794]","[23.978455781936646, 1.6456122398376465, 1.6573607921600342, 1.687002420425415, 1.6567764282226562, 1.635946273803711, 1.7531511783599854, 1.7301580905914307, 1.729128360748291, 1.7424333095550537, 1.7551560401916504, 1.764695167541504, 1.7762315273284912]",4,1
500,500,5,5,32,622681.772023052,571151.758381194,72.8284194469452,41.418420791626,11,49,"[622681.7720230516, 587516.4648106848, 581316.4759053703, 578286.4085714276, 576321.0096238443, 575087.6024315036, 574212.1689253517, 573337.8744975141, 572701.5743152328, 572059.4331348086, 571425.8653829313]","[24.149536848068237, 1.6971967220306396, 1.7270267009735107, 1.730877161026001, 1.7157607078552246, 1.749382495880127, 1.7145850658416748, 1.7106235027313232, 1.6886041164398193, 1.719916820526123, 1.7098405361175537]",4,1
500,500,5,5,32,626431.818943012,569045.85140192,67.6336088180542,37.5521895885468,9,50,"[626431.8189430117, 586540.7384138001, 579015.3223725045, 575798.5198292665, 573796.3871782492, 572258.5414557589, 571143.7322782333, 570163.8022105383, 569437.3913170161]","[23.921794652938843, 1.7340736389160156, 1.659855842590332, 1.722823143005371, 1.7066426277160645, 1.6821179389953613, 1.6727097034454346, 1.708944320678711, 1.6734812259674072]",4,1
500,500,5,5,32,623022.556988048,571098.476539861,74.5136277675629,40.538113117218,10,51,"[623022.5569880478, 588357.3117663041, 581789.2581870111, 578664.5303989288, 576539.3880549311, 574800.9215032281, 573494.330048097, 572596.8605141125, 571946.3624783757, 571451.5279702125]","[24.3909330368042, 1.7910912036895752, 1.7615303993225098, 1.7286202907562256, 1.7444589138031006, 1.7614164352416992, 1.7353203296661377, 2.0137922763824463, 1.7387280464172363, 1.774726390838623]",4,1
500,500,5,5,64,625853.757234113,570344.094966323,58.0399191379547,18.3812658786774,8,42,"[625853.757234113, 586212.3895775626, 579005.9060351435, 575808.9229813856, 573668.2704013013, 572409.1817316515, 571574.5628615874, 570931.1731978215]","[5.520754337310791, 1.7031760215759277, 1.8420121669769287, 1.989739179611206, 1.756868839263916, 1.779313564300537, 1.8227424621582031, 1.8995904922485352]",4,1
500,500,5,5,64,627309.587560357,574521.370537499,94.5571570396423,50.2199923992157,10,43,"[627309.587560357, 590378.7057756808, 583642.1828916591, 580616.5455068038, 578635.8312282653, 577321.9439652568, 576413.8544287178, 575735.3597426648, 575224.9657921721, 574830.1196133869]","[36.05336332321167, 1.5522611141204834, 1.5936694145202637, 1.5477185249328613, 1.589439868927002, 1.6277928352355957, 1.521608829498291, 1.576415777206421, 1.51387357711792, 1.5769667625427246]",4,1
500,500,5,5,64,626318.851739485,568070.733048732,83.3222362995148,51.1231722831726,10,44,"[626318.8517394854, 589004.972373494, 581924.104496666, 577566.0240226587, 574898.385639745, 572913.4279484287, 571282.0405671493, 570066.2453159563, 569157.6642144675, 568524.6697264728]","[36.11837196350098, 1.6438512802124023, 1.734046459197998, 1.616290807723999, 1.746530532836914, 1.7289388179779053, 1.636237382888794, 1.6004621982574463, 1.5568935871124268, 1.610865831375122]",4,1
500,500,5,5,64,618551.417436199,571536.204456232,75.1531097888947,42.6890099048615,7,45,"[618551.417436199, 584419.033114435, 578779.9899641189, 575717.4325038786, 574061.00565203, 573017.9428289845, 572228.537507703]","[33.10393977165222, 1.484809398651123, 1.5547254085540771, 1.5409588813781738, 1.5504286289215088, 1.9059641361236572, 1.4853334426879883]",4,1
500,500,5,5,64,626012.016820915,572991.90180549,90.7688167095184,47.6547470092773,9,46,"[626012.0168209153, 590754.5434723763, 583494.7799355414, 579532.1482457287, 577017.8009860857, 575618.8372069951, 574734.8608753185, 574037.4580869081, 573463.6117463209]","[33.5701048374176, 1.7773315906524658, 1.859771728515625, 1.8924667835235596, 1.758962631225586, 1.61195969581604, 1.971313238143921, 1.5900347232818604, 1.5655150413513184]",4,1
500,500,5,5,64,639619.315146089,578002.767955479,73.8723931312561,43.0709700584412,11,47,"[639619.3151460892, 599228.8588298663, 590961.0312599116, 586722.1461153979, 584265.5552806415, 582636.9442679455, 581473.3697080393, 580519.8320020174, 579754.7431778683, 579113.6636495688, 578468.0483163128]","[26.005756855010986, 1.5910160541534424, 1.783794641494751, 1.6458768844604492, 2.051206588745117, 1.6226553916931152, 1.6382510662078857, 1.6754775047302246, 1.686011791229248, 1.6778037548065186, 1.5913653373718262]",4,1
500,500,5,5,64,630774.523593277,569879.146525609,83.3617329597473,42.2365629673004,9,48,"[630774.5235932772, 589199.8142672171, 581430.3545898966, 577363.5356925909, 575051.9353502725, 573291.0094666801, 571906.1904018079, 570957.0509038124, 570277.0864167793]","[28.447380304336548, 1.8994204998016357, 1.9449994564056396, 1.8690474033355713, 1.6259920597076416, 1.5608079433441162, 1.5578639507293701, 1.550065279006958, 1.6645829677581787]",4,1
500,500,5,5,64,618069.408245804,562011.616278685,99.1637530326843,50.1130609512329,11,49,"[618069.4082458039, 582102.4645063322, 575554.6371021635, 571702.9954548709, 568830.6158816156, 566831.5156359485, 565631.0092280457, 564795.3219322151, 564032.2308546486, 562890.7717869204, 562368.4506391119]","[33.34377694129944, 1.667433261871338, 1.606877088546753, 1.5916883945465088, 1.6931157112121582, 1.6760845184326172, 1.6270883083343506, 1.6147849559783936, 1.5612974166870117, 1.9911494255065918, 1.5803391933441162]",4,1
500,500,5,5,64,619093.183389738,567163.592676641,96.2204353809357,63.0628771781921,12,50,"[619093.1833897377, 585227.7943816606, 578228.7055430824, 574806.6313507177, 572741.4551140225, 571263.0415209002, 570279.0910633444, 569407.0097421049, 568840.2663276745, 568074.2495335215, 567615.4562781756, 567367.2708231121]","[43.94895100593567, 1.8674976825714111, 1.9353218078613281, 1.783933162689209, 1.760120153427124, 1.6388177871704102, 1.68003511428833, 1.6524477005004883, 1.6578915119171143, 1.662963628768921, 1.704517126083374, 1.664567232131958]",4,1
500,500,5,5,64,630796.966368865,572185.484104225,107.347788333893,73.5587260723114,15,51,"[630796.9663688648, 592831.7312108513, 586197.4341999164, 582458.5500705083, 580187.9791793823, 578625.3073856089, 577584.4383106857, 576710.52402244, 576038.6887811504, 575496.9031061815, 574911.1957719798, 574171.2513598425, 573479.0983187106, 572866.5117891344, 572427.8514830328]","[47.87301516532898, 2.0474443435668945, 1.6853222846984863, 1.7275843620300293, 1.6970751285552979, 1.7310411930084229, 1.869534969329834, 1.9395782947540283, 1.9529955387115479, 2.1677746772766113, 1.673476219177246, 1.7872240543365479, 1.7259113788604736, 1.7175953388214111, 1.705094814300537]",4,1
500,500,5,5,128,630103.607251807,577322.086436403,100.423769950867,55.8769874572754,8,42,"[630103.6072518072, 595625.071282833, 588785.2140021261, 584401.0111743137, 581061.3255497012, 579511.4509586516, 578473.080421646, 577800.6748709083]","[43.83990812301636, 1.8723502159118652, 1.570807695388794, 1.6292822360992432, 1.6503772735595703, 1.7224273681640625, 1.619128942489624, 1.859349012374878]",4,1
500,500,5,5,128,620293.898205926,571286.359504838,121.49902844429,73.482515335083,16,43,"[620293.898205926, 587807.7499688071, 582459.695011802, 579355.5871262072, 577435.8892309595, 576259.6828358946, 575497.25989006, 574888.6859377064, 574351.1774235535, 573797.703750606, 573328.8647663218, 572915.674200142, 572587.5786232679, 572253.4329202017, 571810.8188754227, 571523.9487182288]","[48.18698263168335, 1.8705828189849854, 1.4820430278778076, 1.70517897605896, 1.569035291671753, 1.6625709533691406, 1.6583778858184814, 1.5256197452545166, 1.6136133670806885, 2.0023930072784424, 1.7482984066009521, 1.7711358070373535, 1.633591651916504, 1.616593837738037, 1.6557881832122803, 1.599529504776001]",4,1
500,500,5,5,128,628894.611159953,574295.42268338,87.6903946399689,52.2109184265137,12,44,"[628894.6111599533, 593005.3814661443, 586580.5032599617, 583094.4424196125, 581037.4005755521, 579501.0053588426, 578214.3519551752, 576939.644629621, 576189.4860665445, 575580.7226883338, 575041.237292981, 574625.0412809547]","[33.47236227989197, 1.707566499710083, 1.7462403774261475, 1.7062413692474365, 1.6481435298919678, 1.7340373992919922, 1.6495425701141357, 1.6784725189208984, 1.700390100479126, 1.6032593250274658, 1.6555204391479492, 1.7441480159759521]",4,1
500,500,5,5,128,623871.743689115,570964.508912979,101.856742143631,53.2526526451111,13,45,"[623871.7436891145, 586828.5979152833, 580469.8735767817, 577375.295603715, 575661.5039463297, 574463.5104302051, 573544.7460588792, 572905.2102419789, 572364.595070389, 571954.7539405384, 571611.2055049579, 571291.8964655364, 571079.3084119494]","[32.248547315597534, 1.7539286613464355, 1.5837767124176025, 1.9466934204101562, 1.6295344829559326, 1.6086969375610352, 1.6721844673156738, 1.677858829498291, 1.6681630611419678, 1.8823914527893066, 1.7212419509887695, 1.8015162944793701, 1.935424566268921]",4,1
500,500,5,5,128,623133.342631755,572163.103572432,96.9573419094086,45.7338783740997,12,46,"[623133.3426317548, 591230.746414862, 584866.9295978812, 581196.2512408047, 578750.2544480641, 576785.325296457, 575518.5093074912, 574743.1744672022, 574049.9370276197, 573303.3709401333, 572815.0379275643, 572455.0817104058]","[24.90604281425476, 1.8704838752746582, 2.2353971004486084, 2.180079698562622, 1.8974640369415283, 1.8015363216400146, 1.7609302997589111, 1.774134635925293, 1.6826171875, 1.7433242797851562, 2.048668622970581, 1.6873314380645752]",4,1
500,500,5,5,128,620682.928670749,571069.41987848,81.1877567768097,47.3876287937164,9,47,"[620682.9286707486, 585616.1653456409, 579248.3181830416, 576532.1433917978, 574768.3910894878, 573530.7752551582, 572631.607590418, 571889.7351167108, 571412.4063047873]","[33.25640392303467, 1.9761614799499512, 1.7881789207458496, 1.7207186222076416, 1.6925709247589111, 1.8193178176879883, 1.6316821575164795, 1.6300804615020752, 1.7538468837738037]",4,1
500,500,5,5,128,630301.650637314,569612.634666332,95.7061758041382,58.5284192562103,10,48,"[630301.650637314, 592127.184212195, 583950.8651814915, 579269.6649525698, 576292.6786753822, 574478.404796745, 573141.9782303384, 572044.3330426695, 571182.3100100809, 570055.6671494214]","[42.49837899208069, 1.754276990890503, 1.8583135604858398, 2.113717555999756, 1.6859710216522217, 1.7320871353149414, 1.6486032009124756, 1.6567535400390625, 1.709604024887085, 1.6728200912475586]",4,1
500,500,5,5,128,635317.563074411,571874.921003221,97.8452548980713,59.480349779129,11,49,"[635317.5630744109, 593461.183672623, 585361.214026801, 580407.8625765635, 577871.0373498857, 576207.5769341955, 575030.2443752812, 574170.9952720805, 573458.1059540904, 572794.44572894, 572263.8983060854]","[42.043330669403076, 1.7378361225128174, 1.6461396217346191, 1.740410566329956, 1.8977553844451904, 1.6795992851257324, 1.6813092231750488, 1.7115812301635742, 1.6074707508087158, 1.738304615020752, 1.7784230709075928]",4,1
500,500,5,5,128,625923.137969969,571174.90024336,89.7689526081085,50.0800042152405,10,50,"[625923.1379699693, 590707.5195666692, 583192.3399978551, 579199.0042884904, 576565.7833199305, 574746.3467783831, 573560.6581949211, 572651.2075972271, 572044.0556199064, 571534.5271821679]","[34.710426330566406, 1.6409823894500732, 1.606449842453003, 1.83493971824646, 1.8682703971862793, 1.6199603080749512, 1.873338222503662, 1.5854933261871338, 1.5899271965026855, 1.6060662269592285]",4,1
500,500,5,5,128,623651.181448602,572076.92025858,99.2479543685913,63.7316291332245,16,51,"[623651.1814486022, 589813.1437699524, 583002.955149432, 579716.1438320955, 577967.0155766382, 576895.810408181, 576067.7997639143, 575394.3425200934, 574823.4669940701, 574359.4654014786, 573957.3029931827, 573629.5789398531, 573219.4416464922, 572729.884368625, 572444.4140753787, 572252.1918751159]","[36.787282943725586, 1.7871203422546387, 1.8346786499023438, 1.8237817287445068, 1.772932767868042, 2.163468599319458, 1.700394868850708, 1.6600942611694336, 1.6846122741699219, 1.751706600189209, 1.7858271598815918, 1.661698818206787, 1.692906379699707, 2.0885281562805176, 1.667543888092041, 1.730834722518921]",4,1
500,500,5,5,256,629596.596091094,574870.105052731,108.547556161881,52.4258315563202,8,42,"[629596.5960910937, 593163.5704488147, 585537.7184532388, 581048.6384889889, 578437.9104308597, 576897.6353408471, 575923.3068639322, 575312.9283598994]","[35.459134578704834, 2.1812634468078613, 2.0540943145751953, 2.610994338989258, 2.4308555126190186, 2.3973729610443115, 2.712644338607788, 2.1955389976501465]",4,1
500,500,5,5,256,627018.789489053,575290.149581041,108.332966327667,61.8629176616669,8,43,"[627018.7894890532, 591330.1609067773, 584713.4517618121, 581412.6167105326, 579040.9043402501, 577344.3669608479, 576388.9606940232, 575722.8219749625]","[47.147722482681274, 1.9972176551818848, 2.1286091804504395, 2.097560167312622, 2.037482738494873, 2.0340898036956787, 2.3331215381622314, 1.9485721588134766]",4,1
500,500,5,5,256,620577.646102678,570847.084733074,107.96625995636,56.0802159309387,9,44,"[620577.6461026781, 585681.563015828, 579242.3966937353, 576086.1629777048, 574214.9518365966, 572844.0807164711, 572016.8811290488, 571491.7582814475, 571123.2056689927]","[38.071738481521606, 2.083805799484253, 2.0471062660217285, 2.2797727584838867, 2.3447210788726807, 2.121674060821533, 2.036332845687866, 2.413856029510498, 2.3269147872924805]",4,1
500,500,5,5,256,625364.799397955,569974.332957155,105.579112291336,56.4117703437805,11,45,"[625364.7993979545, 589584.5725428035, 582351.7170162431, 578664.9116451553, 576168.0168120125, 574310.6820553289, 573081.9967739804, 572166.300175314, 571385.611216585, 570785.5377325042, 570296.038913624]","[35.34568810462952, 2.0502755641937256, 2.0262935161590576, 2.503729820251465, 1.9338233470916748, 2.059195041656494, 1.9669468402862549, 2.0166995525360107, 2.2072556018829346, 1.9849731922149658, 2.2236878871917725]",4,1
500,500,5,5,256,626960.640080351,570754.52419351,102.565148591995,60.6323308944702,12,46,"[626960.6400803507, 590939.0701484446, 583701.1035072287, 579900.167519584, 577316.6580933118, 575455.4499920834, 574359.9100822802, 573481.0711808633, 572825.9579797988, 572253.0201373275, 571618.7627326974, 571031.8853595083]","[36.737908601760864, 2.240900754928589, 1.9708194732666016, 2.021766185760498, 2.6376640796661377, 2.071622610092163, 1.9443390369415283, 2.1844282150268555, 2.2768795490264893, 1.9666569232940674, 2.1423418521881104, 2.350167751312256]",4,1
500,500,5,5,256,620400.240018431,570391.915670596,93.7281761169434,56.1669893264771,10,47,"[620400.2400184311, 588465.5194027983, 581826.746316626, 578353.7672419967, 575625.2870834403, 573863.2299156567, 572637.2466735749, 571785.6274535743, 571145.6987985533, 570705.5330125616]","[36.63750672340393, 2.358830690383911, 2.003978729248047, 2.06703782081604, 2.7201976776123047, 1.9906563758850098, 2.0147037506103516, 2.3679137229919434, 1.9106051921844482, 1.964756965637207]",4,1
500,500,5,5,256,627232.562108298,572143.839464371,105.058821201324,59.4306468963623,8,48,"[627232.5621082977, 587697.3540914098, 580909.9317090089, 577420.7355934439, 575401.6802315388, 574139.4956844025, 573259.4229529799, 572641.1573688368]","[43.806147813797, 2.0831117630004883, 2.210571527481079, 2.1141357421875, 2.333731174468994, 2.031193733215332, 2.5726866722106934, 2.190917491912842]",4,1
500,500,5,5,256,628351.160223688,576698.091796106,96.9138615131378,46.0132186412811,9,49,"[628351.1602236879, 592983.4782906282, 586826.3274270789, 583951.4657277593, 581950.0895323416, 580237.5079270503, 579000.9198527844, 578147.2703023066, 577386.3575921804]","[29.802685976028442, 1.822373628616333, 1.9451086521148682, 2.2112982273101807, 2.0083837509155273, 1.8447816371917725, 2.1375651359558105, 2.203808546066284, 1.9495007991790771]",4,1
500,500,5,5,256,624357.293980054,571011.816664388,118.084995746613,62.2633740901947,12,50,"[624357.2939800537, 589400.4720809411, 582237.1403608833, 578973.0119286545, 576773.0525155965, 574849.202956011, 573501.0360321864, 572680.1508343476, 572154.2991775102, 571740.2993601856, 571434.2350343472, 571221.2107865096]","[37.99981927871704, 1.917496681213379, 2.1799256801605225, 2.13137149810791, 2.175896644592285, 2.1170742511749268, 2.4361555576324463, 2.361631393432617, 2.2580344676971436, 2.085853099822998, 2.370753049850464, 2.0704455375671387]",4,1
500,500,5,5,256,625147.194645698,572487.893133985,101.833715677261,52.0758295059204,9,51,"[625147.1946456982, 590752.9388697603, 583504.4639713058, 579250.0731673215, 576265.6554799771, 574849.9330251738, 573974.9284579379, 573404.2032587344, 572945.1961362384]","[35.208975315093994, 2.037900447845459, 2.0822181701660156, 2.2144598960876465, 1.9755280017852783, 2.04732084274292, 2.257568836212158, 2.034560203552246, 2.111499309539795]",4,1
500,500,5,5,32,625753.041289926,572782.601479591,65.1962525844574,36.1189241409302,9,42,"[625753.0412899258, 590098.4776576528, 583300.6829771658, 579720.5929418113, 577614.8262821293, 576266.6463748945, 575293.0684087491, 574303.7363432406, 573481.5623352606]","[19.814350605010986, 2.061397075653076, 2.018949508666992, 2.019821882247925, 2.0176045894622803, 2.0273637771606445, 2.056086301803589, 2.063595771789551, 1.9836301803588867]",5,1
500,500,5,5,32,619793.884580344,566820.394348676,66.9476580619812,36.8206837177277,9,43,"[619793.8845803444, 584485.9762393425, 577687.770817848, 574372.4781197633, 572228.5168533429, 570500.4083465536, 569080.9864384234, 567978.0352045798, 567320.920592834]","[19.994625091552734, 2.052201986312866, 2.015504837036133, 2.0278191566467285, 1.9807958602905273, 2.00648832321167, 2.003004550933838, 2.0450546741485596, 2.614426612854004]",5,1
500,500,5,5,32,634981.221155749,571727.511410259,80.5126006603241,47.0346562862396,14,44,"[634981.2211557488, 593634.5823648146, 586654.7318073309, 583116.232218885, 580592.4767294839, 578519.8047783275, 576917.1117908659, 575788.2867311565, 574922.2402925395, 574069.2519513812, 573418.0615299863, 572856.5500125568, 572348.1741525893, 572010.785333185]","[19.88270592689514, 2.6248185634613037, 2.0597338676452637, 2.0407984256744385, 2.030363082885742, 2.004795551300049, 2.0312020778656006, 2.0049667358398438, 2.027219295501709, 2.0184288024902344, 2.13134503364563, 2.027742385864258, 2.0138497352600098, 2.0591964721679688]",5,1
500,500,5,5,32,625225.718115354,575931.763831325,72.897255897522,40.6588311195374,9,45,"[625225.7181153541, 592496.2900813015, 586732.3766139237, 583212.4194383943, 580489.1044844193, 578799.1025928938, 577734.4518756781, 576962.2740384436, 576388.0293496733]","[20.135469675064087, 2.6265203952789307, 2.6317293643951416, 2.6188666820526123, 2.657080888748169, 2.603490114212036, 2.0284814834594727, 2.628856897354126, 2.6110050678253174]",5,1
500,500,5,5,32,634412.161177351,579474.263886935,72.5868585109711,42.2288336753845,10,46,"[634412.1611773506, 597371.5409778958, 590950.5243237781, 587708.107038365, 585479.5422864947, 583814.2140632453, 582348.9236231953, 581206.0044945907, 580433.9097237464, 579905.6247893181]","[20.464395999908447, 2.0228264331817627, 2.0522892475128174, 2.0231733322143555, 2.012969970703125, 2.7111263275146484, 2.6494717597961426, 2.740609884262085, 2.7594683170318604, 2.698669910430908]",5,1
500,500,5,5,32,629479.122262569,572101.015315887,68.7851023674011,37.8213856220245,12,47,"[629479.1222625693, 595609.7000336272, 588659.3673509121, 583899.1000762425, 580724.8419525092, 578807.5045376581, 577257.5743048637, 575879.8324263067, 574803.4759230624, 573942.0675114745, 573196.5992735283, 572578.4584605038]","[15.403173923492432, 2.051541566848755, 1.9799761772155762, 2.0167899131774902, 2.063936948776245, 2.0331108570098877, 2.0338449478149414, 1.9795877933502197, 2.0286314487457275, 2.0622668266296387, 2.0129172801971436, 2.011988878250122]",5,1
500,500,5,5,32,622563.189011993,570792.14565315,65.7617452144623,34.8217628002167,8,48,"[622563.1890119932, 585124.4983906001, 579156.414767333, 576012.0047447252, 574233.730652391, 572781.5225629435, 571910.6799618175, 571299.3567188105]","[20.296544075012207, 2.006911516189575, 2.303452968597412, 2.0502309799194336, 2.005722761154175, 1.9997174739837646, 2.016439914703369, 2.0615603923797607]",5,1
500,500,5,5,32,627827.07781387,568954.972097126,61.1709680557251,29.6614344120026,12,49,"[627827.0778138695, 591483.0445425103, 584336.2143297323, 580067.1682844772, 577517.6538528726, 575872.0548960995, 574471.0402180882, 573153.6160817888, 571768.3861141128, 570167.4104259057, 569556.7523011379, 569187.4719998612]","[5.872693300247192, 2.146029233932495, 2.1976687908172607, 2.1407175064086914, 2.146291971206665, 2.0743820667266846, 2.049314260482788, 2.2314772605895996, 2.1906402111053467, 2.1520063877105713, 2.1785411834716797, 2.199880838394165]",5,1
500,500,5,5,32,631695.065251265,573515.102151498,69.8016486167908,41.6837949752808,11,50,"[631695.0652512645, 595945.0342377746, 588160.3698784747, 584201.6236677777, 581167.9609895516, 578955.0527804827, 577279.0839696787, 575886.880068442, 574947.234346412, 574278.9425232582, 573840.7715716539]","[20.15003275871277, 1.990476131439209, 2.0297298431396484, 2.05212664604187, 2.038135528564453, 2.0442841053009033, 2.015292167663574, 2.594003438949585, 2.4412662982940674, 2.0541441440582275, 2.077427864074707]",5,1
500,500,5,5,32,626338.918573677,576192.646958787,64.4443254470825,36.7763946056366,8,51,"[626338.9185736766, 589709.9377982932, 583786.6985392023, 580911.8116188642, 579243.0675727391, 577919.9353351615, 576982.0340566373, 576518.4128291664]","[20.04810094833374, 1.9976997375488281, 1.9670426845550537, 2.544692277908325, 2.5546932220458984, 2.514589548110962, 2.5361950397491455, 2.5367276668548584]",5,1
500,500,5,5,64,620513.438019907,567564.466082829,59.8727924823761,32.3744013309479,9,42,"[620513.438019907, 584681.1424958461, 578041.6674423454, 574254.2654140689, 571984.0098524567, 570345.0433562084, 569272.8712180246, 568486.1601077936, 567944.5091898163]","[19.752378463745117, 1.6644084453582764, 1.5093708038330078, 1.5081262588500977, 1.5350122451782227, 1.5144600868225098, 1.7072274684906006, 1.592010736465454, 1.5278568267822266]",5,1
500,500,5,5,64,613867.169027938,563805.030999391,67.26251912117,39.8064091205597,10,43,"[613867.1690279379, 579320.59450667, 573332.8096304891, 570137.0378906681, 568107.1982535995, 566653.9508860224, 565770.267086434, 565052.5080987719, 564553.3132707755, 564090.880175933]","[25.499553680419922, 1.555161952972412, 1.492774486541748, 1.5034515857696533, 1.5002639293670654, 1.5399329662322998, 1.8454067707061768, 1.5424458980560303, 1.5759990215301514, 1.6724488735198975]",5,1
500,500,5,5,64,619204.911988575,567310.379483448,80.6268713474274,48.0967161655426,10,44,"[619204.9119885755, 584202.726184887, 577925.7815661753, 574859.9467694269, 572754.9827366614, 571100.0750556582, 569938.390845614, 569047.1389220852, 568346.689545268, 567781.6480914103]","[33.28748822212219, 2.025289297103882, 1.519486904144287, 1.504944086074829, 1.7288529872894287, 1.7048611640930176, 1.7142114639282227, 1.487884283065796, 1.4847729206085205, 1.484449863433838]",5,1
500,500,5,5,64,629750.363518406,572672.23278385,74.9111700057983,47.3305907249451,13,45,"[629750.3635184051, 593580.9530059998, 586860.7659633083, 583541.3017411486, 581158.9943345302, 579447.8745070657, 578164.5106228477, 577094.4962191179, 576157.3137796173, 575192.3268309265, 574219.3101981555, 573547.377347686, 573099.7385698112]","[29.25154447555542, 1.4717128276824951, 1.4652762413024902, 1.532076120376587, 1.4394440650939941, 1.453981637954712, 1.653501033782959, 1.5211341381072998, 1.6939177513122559, 1.4726581573486328, 1.399092435836792, 1.4184997081756592, 1.442040205001831]",5,1
500,500,5,5,64,627244.219472454,573023.649209049,63.0644385814667,36.2049551010132,8,46,"[627244.2194724539, 591126.373174043, 583276.7872317984, 579567.2025479035, 577204.0879663767, 575507.1060898155, 574464.0732742707, 573661.9476947028]","[25.393306732177734, 1.5058033466339111, 1.4749624729156494, 1.4614779949188232, 1.518082857131958, 1.4888966083526611, 1.6360633373260498, 1.6656334400177002]",5,1
500,500,5,5,64,624490.969247128,571193.328023973,64.3956875801086,37.526905298233,8,47,"[624490.9692471283, 586673.1173492988, 579958.1013462716, 576980.2969707438, 575012.3169239532, 573360.8053245113, 572295.1022490871, 571690.2387192113]","[27.0190851688385, 1.5060219764709473, 1.4937143325805664, 1.507568359375, 1.5018773078918457, 1.5001280307769775, 1.465928554534912, 1.455277442932129]",5,1
500,500,5,5,64,633588.513983851,570417.024660219,66.7480945587158,38.9515089988709,12,48,"[633588.5139838513, 591053.6985486019, 582851.8419697705, 579248.5134848563, 577075.4774663565, 575460.8592518296, 574441.4535054417, 573693.8633004312, 573024.0264181193, 572294.7211309611, 571406.9052131205, 570792.3305035331]","[21.858055353164673, 1.5220775604248047, 1.5357263088226318, 1.5283336639404297, 1.5341250896453857, 1.7167725563049316, 1.532463788986206, 1.5359935760498047, 1.5289654731750488, 1.5205016136169434, 1.5179662704467773, 1.5017144680023193]",5,1
500,500,5,5,64,622756.824169292,567821.439976982,46.7253425121307,19.8140757083893,10,49,"[622756.824169292, 586659.7856356375, 580408.8194746757, 577158.7941585856, 574714.174608985, 572576.6205733182, 570953.0773236973, 569844.1652435585, 569025.9234421466, 568373.8518730662]","[5.48506760597229, 1.5488054752349854, 1.8105905055999756, 1.5583176612854004, 1.573195219039917, 1.5533678531646729, 1.561687707901001, 1.5398240089416504, 1.525611400604248, 1.543717622756958]",5,1
500,500,5,5,64,629486.359957903,575351.145126662,67.3525257110596,39.2732141017914,10,50,"[629486.3599579027, 591968.8564724004, 585563.9293591576, 582090.7323746056, 580268.7661012659, 579030.7885914816, 578082.0687325869, 577385.4006300261, 576607.2258750935, 575811.7611561809]","[25.60970115661621, 1.4843263626098633, 1.5108633041381836, 1.5035557746887207, 1.491748332977295, 1.4733755588531494, 1.4882326126098633, 1.5191709995269775, 1.5267245769500732, 1.5301406383514404]",5,1
500,500,5,5,64,627315.202538285,576114.025749081,61.9074249267578,34.4506385326386,7,51,"[627315.2025382847, 590801.2164712464, 584527.9099756326, 581458.1636896767, 579251.0998400836, 577814.1554148281, 576856.9626463662]","[25.059691667556763, 1.5660159587860107, 1.5577256679534912, 1.53564453125, 1.5377724170684814, 1.6119716167449951, 1.5055110454559326]",5,1
500,500,5,5,128,623817.946591634,568690.264385635,87.3844058513641,40.2888939380646,10,42,"[623817.9465916342, 585209.333670624, 578578.8631625838, 575251.5322671114, 573427.1212502272, 572082.6516369305, 571141.0658259006, 570353.5741262662, 569639.6183586123, 569078.8318571117]","[26.414170503616333, 1.4932811260223389, 1.7431082725524902, 1.5310359001159668, 1.5133471488952637, 1.4656023979187012, 1.463979721069336, 1.5491783618927002, 1.4775545597076416, 1.4776701927185059]",5,1
500,500,5,5,128,625535.717742678,575754.627400184,81.0905840396881,48.5908262729645,10,43,"[625535.7177426781, 591690.6745806058, 585682.8545294078, 582539.63060894, 580479.0993290016, 579156.9505469564, 578276.9510503884, 577463.8273475118, 576726.8405700071, 576160.8434314902]","[34.68173146247864, 1.3989758491516113, 1.5121231079101562, 1.5024969577789307, 1.5715184211730957, 1.4995431900024414, 1.8614559173583984, 1.5550358295440674, 1.4823851585388184, 1.4004626274108887]",5,1
500,500,5,5,128,625989.925112248,574450.849003528,90.7331917285919,55.7851378917694,11,44,"[625989.925112248, 590887.4502637779, 585263.5854722816, 582181.4761146873, 580024.987705522, 578494.5823992307, 577293.4321773709, 576441.9557457017, 575761.5752286322, 575120.6791200187, 574744.682806018]","[39.89971971511841, 1.5912668704986572, 1.6594717502593994, 1.5307166576385498, 1.5131278038024902, 1.4829039573669434, 1.52423095703125, 1.5684318542480469, 1.6467678546905518, 1.7488934993743896, 1.53175687789917]",5,1
500,500,5,5,128,626034.723872047,571468.188268195,77.7921726703644,47.4137353897095,8,45,"[626034.7238720474, 587641.2536152498, 579569.1512690991, 576157.1738850911, 574435.05871073, 573220.2341290229, 572402.711847923, 571859.4394370563]","[35.88379240036011, 1.5164332389831543, 1.8044335842132568, 1.5238454341888428, 1.5905430316925049, 1.6928143501281738, 1.6153929233551025, 1.6170921325683594]",5,1
500,500,5,5,128,626446.333982084,573448.832070317,75.7482500076294,43.8325049877167,8,46,"[626446.3339820844, 588726.335491091, 582615.214433148, 579542.131758733, 577413.1593479606, 575905.7666888967, 574681.9214780248, 573885.0333889984]","[32.70914959907532, 1.6347193717956543, 1.5556838512420654, 1.4610505104064941, 1.5458574295043945, 1.667435884475708, 1.487429141998291, 1.6829135417938232]",5,1
500,500,5,5,128,627237.054265885,577430.283561911,74.2366123199463,42.3488643169403,9,47,"[627237.0542658854, 593918.926833255, 587910.015313461, 584617.1669424577, 582603.5945997507, 580949.7930420429, 579369.4828231112, 578448.8501076468, 577878.4082381291]","[29.34386444091797, 1.7743382453918457, 1.5916519165039062, 1.5052812099456787, 1.48089599609375, 1.6135153770446777, 1.7484869956970215, 1.548363208770752, 1.614867925643921]",5,1
500,500,5,5,128,629749.760799995,573389.194055986,81.2527842521668,51.8165140151978,15,48,"[629749.7607999946, 593348.6283897146, 586486.7090418084, 582753.4274516733, 580690.863087147, 579445.3408265009, 578587.1811571269, 577732.0622039567, 576923.7661159518, 576300.4026256688, 575795.5874376965, 575296.1961762462, 574604.5013572212, 574033.8322765712, 573721.8816222264]","[29.035824060440063, 1.7707443237304688, 1.7277562618255615, 1.899827480316162, 1.8268153667449951, 1.6674079895019531, 1.533536434173584, 1.4941627979278564, 1.558875560760498, 1.5269136428833008, 1.602707862854004, 1.5765917301177979, 1.4740793704986572, 1.47597336769104, 1.4944770336151123]",5,1
500,500,5,5,128,628002.455165062,569412.642446377,105.661095619202,61.8766217231751,15,49,"[628002.4551650623, 589628.6307539244, 582877.7861433773, 579562.3131569194, 577429.753211518, 575929.6895705373, 574831.2911307754, 574019.3464403579, 573282.0652825999, 572630.7794853272, 572002.3714926254, 571363.8275728852, 570800.5645119979, 570252.0927485502, 569807.3553807127]","[37.255332231521606, 1.7374820709228516, 1.7461402416229248, 1.6927049160003662, 1.627941370010376, 1.6955180168151855, 1.7854158878326416, 1.563506841659546, 1.88126802444458, 1.7381870746612549, 1.7633109092712402, 2.0920047760009766, 1.7669379711151123, 1.611633539199829, 1.7415666580200195]",5,1
500,500,5,5,128,626116.087689959,571644.993533106,62.8814446926117,33.4160306453705,9,50,"[626116.0876899586, 590611.9793022881, 582296.4438940337, 578358.7436888185, 575963.4001194474, 574182.0260405364, 573130.5330257354, 572494.2404336445, 572029.7718913032]","[20.922658920288086, 1.5053799152374268, 1.4654884338378906, 1.6623671054840088, 1.451131820678711, 1.5773234367370605, 1.5278425216674805, 1.739257574081421, 1.4525203704833984]",5,1
500,500,5,5,128,625765.952076656,569443.367113357,87.2738511562347,48.7464306354523,11,51,"[625765.9520766555, 586500.5629700329, 579356.1835519661, 576300.0840287888, 574290.3450551849, 572964.9920661602, 572054.0689370912, 571320.3657890888, 570746.0273241291, 570299.0865512326, 569866.4839799049]","[32.691333293914795, 1.5569899082183838, 1.6273322105407715, 1.5668678283691406, 1.6018342971801758, 1.478567123413086, 1.5204472541809082, 1.5614149570465088, 1.5831737518310547, 1.708559513092041, 1.536325454711914]",5,1
500,500,5,5,256,620846.992192305,572010.406880833,85.402548789978,41.8654661178589,9,42,"[620846.9921923049, 588916.2920267648, 582427.6731542808, 579120.0904477272, 576740.5416527938, 575196.3927549345, 574016.5040682345, 573125.7786574927, 572466.3817734536]","[24.1917667388916, 2.156569004058838, 2.01078462600708, 2.302488327026367, 2.0864901542663574, 2.107036828994751, 2.4658961296081543, 2.1514196395874023, 2.238983631134033]",5,1
500,500,5,5,256,617619.809001033,573095.212194628,77.5289142131805,37.7805171012878,9,43,"[617619.8090010334, 586047.0758044929, 581059.0891301447, 578682.7125728311, 576970.6509936686, 575746.8789233189, 574896.7935753418, 574209.602632903, 573599.7463509579]","[21.767704248428345, 1.9392974376678467, 1.8983500003814697, 2.1645944118499756, 1.9425981044769287, 1.9096922874450684, 2.0773394107818604, 2.102179527282715, 1.8632071018218994]",5,1
500,500,5,5,256,623453.066125852,567847.664002508,76.596574306488,44.1175217628479,9,44,"[623453.0661258516, 587417.2199690081, 579064.6536431446, 575256.2010763548, 572848.4169223639, 571278.5864940465, 570114.5499570868, 569019.918600486, 568354.689573162]","[28.07186722755432, 1.844714879989624, 1.8477344512939453, 2.2322158813476562, 1.8696584701538086, 2.0274078845977783, 1.9185850620269775, 2.291846513748169, 1.893282413482666]",5,1
500,500,5,5,256,627367.487889084,576651.18142854,88.1681780815125,44.7289526462555,9,45,"[627367.4878890844, 594488.6490130981, 587743.1919900887, 584215.1175485506, 581746.8135553711, 580034.6442119335, 578906.2545618505, 578052.8571896163, 577326.4808144984]","[27.183287620544434, 2.035989284515381, 1.9918742179870605, 2.03886342048645, 2.3839640617370605, 1.9859354496002197, 2.080512762069702, 2.4222402572631836, 2.268202781677246]",5,1
500,500,5,5,256,626554.949649004,574156.207945446,87.8507466316223,44.6867663860321,11,46,"[626554.9496490036, 592078.4291865833, 584388.208053681, 581546.8043950961, 579546.9123164656, 577931.1553987004, 576702.5029889714, 575979.9769092676, 575391.4567249385, 574907.9705240863, 574503.6330096609]","[23.582419633865356, 2.207514524459839, 2.125913381576538, 1.940380573272705, 2.222377061843872, 1.9129281044006348, 2.448124647140503, 2.0084054470062256, 2.3204314708709717, 1.8597972393035889, 1.9828896522521973]",5,1
500,500,5,5,256,628877.087300359,574267.706538049,87.6249713897705,53.4765176773071,14,47,"[628877.0873003579, 592297.663387829, 586250.1410474172, 583285.897901762, 581490.0575675478, 580223.1356881686, 579009.2966198283, 578109.4655687547, 577145.8784263191, 576294.9903670822, 575663.0971198026, 575144.3638369966, 574777.8935810039, 574492.9052980418]","[28.1875741481781, 1.6903727054595947, 1.7138087749481201, 2.4167320728302, 1.7240395545959473, 1.728651523590088, 1.9097871780395508, 1.9078476428985596, 1.8452532291412354, 1.9818236827850342, 2.3265576362609863, 1.841606616973877, 2.0701892375946045, 1.959421157836914]",5,1
500,500,5,5,256,631683.997302169,573803.181036127,96.4278373718262,49.4293959140778,14,48,"[631683.9973021694, 593693.7179119237, 585953.573859821, 582506.2494815327, 580607.5624927501, 579209.4409319469, 578284.1001276406, 577560.1148251506, 576936.8100288304, 576276.2131373647, 575727.4570453959, 575165.9830579784, 574526.1359452241, 574004.1842176126]","[22.57868528366089, 2.041386127471924, 2.124187707901001, 2.080604314804077, 1.9470484256744385, 1.922827959060669, 1.9298622608184814, 2.013091564178467, 2.131836175918579, 2.335535764694214, 1.9804658889770508, 1.9026720523834229, 2.367298126220703, 1.9425897598266602]",5,1
500,500,5,5,256,617496.370468667,569535.323168205,97.3841059207916,47.3498413562775,10,49,"[617496.3704686668, 583541.2373642832, 578512.2416261539, 575934.9673554446, 574324.0514503523, 573199.1813229228, 572298.7428943833, 571287.2619627545, 570428.6701868869, 569877.9961660762]","[28.324224710464478, 2.1616265773773193, 2.0277810096740723, 2.0046865940093994, 2.7080628871917725, 1.922316074371338, 1.7957017421722412, 1.9058959484100342, 2.4854373931884766, 1.9002327919006348]",5,1
500,500,5,5,256,630551.692590158,573062.542879672,85.9722263813019,51.0671796798706,15,50,"[630551.6925901575, 593055.0699685607, 585632.6769054079, 582121.015082351, 580010.3221521511, 578548.8405478882, 577433.3900657054, 576630.0036184759, 575957.3126904003, 575340.8292227464, 574886.5114975495, 574441.2612535342, 574016.2322091953, 573597.9845245014, 573296.9855928487]","[22.309502363204956, 1.855299711227417, 2.0041239261627197, 2.0274133682250977, 2.4332756996154785, 2.080859422683716, 1.9693427085876465, 2.1353375911712646, 2.1617350578308105, 2.1676816940307617, 1.90028977394104, 2.2495384216308594, 1.892212152481079, 1.85209321975708, 1.8902781009674072]",5,1
500,500,5,5,256,629667.407142366,575421.566255493,102.409421682358,61.3708281517029,12,51,"[629667.4071423657, 594055.5708364247, 587851.8379174349, 584595.8482454834, 582105.1378132607, 580545.0313662648, 579328.1475266552, 578361.3107362436, 577484.1771478622, 576698.7795810575, 576140.4775486116, 575706.2279018986]","[37.27941656112671, 1.8415825366973877, 2.3027799129486084, 2.043303966522217, 2.1345133781433105, 2.379673480987549, 2.6291258335113525, 2.010308265686035, 2.034635066986084, 2.1713104248046875, 2.4381508827209473, 1.9500648975372314]",5,1
500,500,5,5,32,624292.160010216,566324.993331974,70.4887993335724,41.9125986099243,14,42,"[624292.1600102163, 588323.2235401432, 581485.6694637804, 576880.1105691151, 573701.9063490767, 571461.0590522496, 569774.8233851942, 568763.9675580311, 568065.2784524326, 567612.2524542401, 567212.6818243633, 566922.6689869125, 566636.0288174927, 566440.9464528288]","[17.3320529460907, 1.7790637016296387, 1.966399908065796, 1.824580192565918, 1.9385781288146973, 1.7815167903900146, 1.9644503593444824, 1.7842144966125488, 1.806520938873291, 1.821941614151001, 1.7835326194763184, 1.9916415214538574, 1.9877891540527344, 1.9538109302520752]",6,1
500,500,5,5,32,617314.508712292,566449.053316603,68.8194081783295,44.3158693313599,15,43,"[617314.5087122911, 583898.5245157644, 577692.3067464978, 574538.1318097246, 572520.6144582044, 571243.3996778224, 570347.0355720669, 569372.5987501085, 568653.570522652, 568173.9795318407, 567782.3863186778, 567428.4610629152, 567162.1859535428, 566870.214734497, 566601.9910790306]","[17.295151233673096, 1.9433350563049316, 1.8087456226348877, 1.960263967514038, 1.979076862335205, 1.7715635299682617, 2.0048182010650635, 1.9652328491210938, 1.95133638381958, 2.1715922355651855, 1.782837152481079, 1.9938745498657227, 1.968120813369751, 1.8174898624420166, 1.7924818992614746]",6,1
500,500,5,5,32,625713.581079572,573999.969603769,62.8621575832367,37.2549839019775,11,44,"[625713.5810795724, 592410.4783738193, 585479.0140199808, 582573.1969773159, 580440.4264589061, 579095.5115192896, 577961.9467919265, 576666.4932130078, 575593.9249104888, 574940.6549843427, 574406.4186743327]","[17.49887728691101, 1.8140311241149902, 1.9885027408599854, 1.9649059772491455, 1.8028075695037842, 2.040687084197998, 2.050600528717041, 2.1237339973449707, 1.9596407413482666, 1.9922637939453125, 1.9297192096710205]",6,1
500,500,5,5,32,627010.118846132,567599.056136757,63.0568282604218,36.8727922439575,11,45,"[627010.1188461316, 588882.9661047421, 581157.0493645353, 577395.0381042056, 574926.1479074309, 573026.6747713026, 571270.7176001791, 570322.9392348987, 569434.3760658815, 568602.6817463026, 568024.1319204645]","[17.480228900909424, 1.818084955215454, 1.9986517429351807, 1.9857933521270752, 1.9593472480773926, 1.935025691986084, 1.8769440650939941, 1.9133126735687256, 1.9366209506988525, 1.9211115837097168, 1.9569692611694336]",6,1
500,500,5,5,32,630191.845247872,572256.052001031,49.0480868816376,22.5244677066803,12,46,"[630191.8452478722, 594635.362719297, 587591.2762037612, 583697.9134438994, 581331.0219914608, 579590.8096887096, 578181.861606276, 577078.1747572441, 576015.2747994354, 574744.0281982241, 573538.1025789604, 572774.0236458628]","[1.923987627029419, 1.7626755237579346, 1.8849737644195557, 1.717118501663208, 1.8811171054840088, 1.9012072086334229, 1.910062313079834, 1.8978326320648193, 1.760185956954956, 1.9140987396240234, 1.9301836490631104, 1.910874605178833]",6,1
500,500,5,5,32,620846.043384659,569263.735372747,41.3049626350403,16.5025072097778,9,47,"[620846.0433846591, 586414.5193370858, 579971.3818738775, 576447.8340550412, 574354.5890713187, 572714.6984318021, 571248.0651275059, 570372.0038546164, 569761.5635473172]","[1.712717056274414, 1.9271166324615479, 1.7658822536468506, 1.898625135421753, 1.7713730335235596, 1.8863859176635742, 1.8939008712768555, 1.747642993927002, 1.7396206855773926]",6,1
500,500,5,5,32,622965.197136537,564910.082899503,68.244323015213,42.897673368454,14,48,"[622965.1971365366, 585341.1161373515, 577827.26449044, 574138.0493113803, 571855.6562832834, 570344.1932563239, 569206.4476110741, 568369.8288176138, 567692.0067094835, 567098.603320603, 566612.8742107457, 566099.769881441, 565486.0667230927, 565135.2767140691]","[20.36188793182373, 1.7593014240264893, 1.7200431823730469, 1.710775375366211, 1.7407214641571045, 1.7366158962249756, 1.7234232425689697, 1.7257044315338135, 1.7124102115631104, 1.6980173587799072, 1.7511634826660156, 1.7177209854125977, 1.711364507675171, 1.7311131954193115]",6,1
500,500,5,5,32,620512.977108623,570024.70985473,70.6745011806488,45.4131691455841,16,49,"[620512.977108623, 587934.0157380337, 581250.5557221276, 578461.071660394, 576863.1518688251, 575566.5036213545, 574358.6714999678, 573314.1552248106, 572491.9761136615, 571931.3782169317, 571553.2309401302, 571195.7837009233, 570845.2634335539, 570520.1145212362, 570301.1589274247, 570141.0734104671]","[18.425907373428345, 1.9042284488677979, 2.0136241912841797, 1.9132096767425537, 1.901365041732788, 1.8765835762023926, 1.7621712684631348, 1.729952096939087, 1.7029612064361572, 1.732043981552124, 1.7090635299682617, 1.708569049835205, 1.7094831466674805, 1.7317571640014648, 1.7466237545013428, 1.7692217826843262]",6,1
500,500,5,5,32,631153.423589131,574184.834194284,59.8185818195343,34.6571404933929,9,50,"[631153.4235891313, 592100.100484969, 584452.9479192037, 580582.0489400555, 578213.9310457258, 576646.0379589811, 575745.4792252232, 575128.5824309606, 574618.7052774376]","[20.59401297569275, 1.7337837219238281, 1.7203125953674316, 1.7055516242980957, 1.7403290271759033, 1.8608453273773193, 1.7296478748321533, 1.7281005382537842, 1.7594935894012451]",6,1
500,500,5,5,32,623980.201388819,573062.932241282,61.1103162765503,33.2593894004822,10,51,"[623980.2013888188, 589346.8142387233, 582955.7592285422, 579524.7055632028, 577523.5134693335, 576071.6701519396, 575108.8613233621, 574333.8256630494, 573862.5185141964, 573450.4012362945]","[17.060148000717163, 1.8588547706604004, 1.7329349517822266, 1.7328205108642578, 1.8652818202972412, 1.855393886566162, 1.7267229557037354, 1.8650405406951904, 1.706594467163086, 1.7463576793670654]",6,1
500,500,5,5,64,629325.910422851,577320.447485843,62.1640841960907,35.0994901657105,10,42,"[629325.9104228512, 594651.6057278652, 588338.1925616378, 585288.7261814566, 583303.1160732559, 581594.5273998869, 580373.6967174147, 579354.6387904546, 578535.729623212, 577894.797104815]","[22.40760374069214, 1.5684528350830078, 1.5362231731414795, 1.3824639320373535, 1.3564260005950928, 1.3229954242706299, 1.3717029094696045, 1.3466598987579346, 1.3556020259857178, 1.3547711372375488]",6,1
500,500,5,5,64,624443.868034187,566501.373312714,62.3039629459381,36.504647731781,13,43,"[624443.8680341871, 588037.8000327768, 580759.8039603389, 576637.4902744305, 574047.2406510285, 572349.9519974584, 571184.6798333699, 570218.5609253817, 569455.8756317762, 568800.2998535142, 568154.4722682028, 567408.0352093165, 566893.3612139821]","[20.159980297088623, 1.3052456378936768, 1.3051402568817139, 1.376983642578125, 1.3563437461853027, 1.3799304962158203, 1.341322422027588, 1.4045939445495605, 1.318603515625, 1.3407182693481445, 1.3148484230041504, 1.3493947982788086, 1.3976192474365234]",6,1
500,500,5,5,64,624333.54876461,572204.869858415,60.3993155956268,33.6629388332367,12,44,"[624333.5487646095, 587295.8670671058, 581306.5254886098, 578515.3322825035, 576632.1047243214, 575343.445734875, 574430.2880465428, 573828.1114206741, 573377.3024848434, 573033.4280826087, 572730.1105474572, 572407.4560740201]","[17.74666428565979, 1.2898433208465576, 1.3478610515594482, 1.548111915588379, 1.343726634979248, 1.3331124782562256, 1.3122553825378418, 1.3540923595428467, 1.7695562839508057, 1.5993847846984863, 1.4579896926879883, 1.4234919548034668]",6,1
500,500,5,5,64,629893.400358697,573986.734267107,55.7584717273712,31.3863890171051,10,45,"[629893.4003586975, 591428.812355674, 584700.2916688, 581135.8886141022, 578841.9497840027, 577265.337896462, 576206.3832037157, 575499.0918051482, 574834.8917208153, 574304.8519693326]","[17.648362636566162, 1.558530330657959, 1.5579242706298828, 1.5499632358551025, 1.60933256149292, 1.5801353454589844, 1.6066741943359375, 1.4082965850830078, 1.408531665802002, 1.3711824417114258]",6,1
500,500,5,5,64,626695.518976203,566895.753683235,54.4443717002869,30.1216022968292,10,46,"[626695.5189762032, 587367.1824328293, 578723.8152130267, 574348.5134869331, 571969.0764168034, 570411.3654105152, 569259.0369053403, 568187.1672137554, 567552.1780622114, 567192.1356429392]","[16.618701934814453, 1.3148939609527588, 1.9370977878570557, 1.3454573154449463, 1.4895470142364502, 1.4256999492645264, 1.3810181617736816, 1.5900251865386963, 1.4597926139831543, 1.5014417171478271]",6,1
500,500,5,5,64,621028.216640726,568949.980313484,77.8818225860596,52.007493019104,25,47,"[621028.2166407256, 587731.8026341154, 581471.352643791, 578590.4444538382, 576941.7931837391, 575872.4046346691, 575146.8240353209, 573823.3045190233, 573301.6435986658, 572936.6206599681, 572538.6416205706, 572095.4538706361, 571655.8031785752, 571216.6063704343, 570769.7436706186, 570383.6117421741, 570089.9673440331, 569816.2805620487, 569624.1390940017, 569453.4387776364, 569313.6358576799, 569217.1347372625, 569113.1063738102, 569029.3643164318, 568977.4955151045]","[18.18334984779358, 1.3374707698822021, 1.3976943492889404, 1.299009084701538, 1.3308899402618408, 1.3359794616699219, 1.3301887512207031, 1.3409223556518555, 1.4100117683410645, 1.6045820713043213, 1.4240078926086426, 1.3698532581329346, 1.439406394958496, 1.3719627857208252, 1.558671474456787, 1.3943817615509033, 1.344599962234497, 1.350447654724121, 1.4584150314331055, 1.354271650314331, 1.340264081954956, 1.4559650421142578, 1.435082197189331, 1.381465196609497, 1.524688720703125]",6,1
500,500,5,5,64,635202.263739955,576303.165159584,62.7260842323303,36.4519605636597,12,48,"[635202.2637399549, 596420.6175537511, 589381.5782197238, 585268.3084464077, 582356.6556285039, 580594.9390290839, 579618.6866544994, 578936.8638315084, 578272.7064933182, 577573.9123944386, 577140.1290467549, 576714.5409566037]","[23.02127718925476, 1.1240887641906738, 1.1182844638824463, 1.1520040035247803, 1.1285996437072754, 1.1949880123138428, 1.18416166305542, 1.161116600036621, 1.3864407539367676, 1.305006742477417, 1.2678492069244385, 1.3005626201629639]",6,1
500,500,5,5,64,620530.346117589,566172.956260858,56.9537630081177,32.2976548671722,12,49,"[620530.3461175889, 584237.4497592753, 577243.4003027958, 574246.9485904077, 572461.6453629654, 570901.1717516199, 569714.8428820112, 568931.3186076062, 568284.5828138803, 567645.5385323523, 566991.3935015441, 566516.3800675612]","[16.977359294891357, 1.4474072456359863, 1.413147211074829, 1.4016923904418945, 1.4084904193878174, 1.358637809753418, 1.4339821338653564, 1.2888531684875488, 1.272948980331421, 1.476409912109375, 1.277514934539795, 1.3859100341796875]",6,1
500,500,5,5,64,627192.470145924,571881.347509343,58.5188145637512,34.4862124919891,11,50,"[627192.470145924, 591645.4790713602, 584401.8441534804, 580094.6654853222, 577803.2124384801, 576200.2617749071, 574939.4780608898, 573943.3887580907, 573243.8821731259, 572627.5783171029, 572206.7368223064]","[20.943858861923218, 1.3007323741912842, 1.3385579586029053, 1.3275597095489502, 1.416503667831421, 1.3012089729309082, 1.3378572463989258, 1.256335973739624, 1.3333468437194824, 1.3267450332641602, 1.5132653713226318]",6,1
500,500,5,5,64,624986.778665628,570600.353153582,56.6677024364471,28.3155920505524,8,51,"[624986.7786656276, 586348.1589297578, 579466.7176427677, 575954.142435374, 574004.7572211056, 572653.2451737006, 571677.9717517823, 571052.8132953458]","[17.83609175682068, 1.579087495803833, 1.4386427402496338, 1.794135570526123, 1.4657304286956787, 1.4350636005401611, 1.3920331001281738, 1.3153817653656006]",6,1
500,500,5,5,128,628255.255255984,571051.638013121,65.9618983268738,34.297060251236,11,42,"[628255.2552559839, 590920.40896681, 584029.69073438, 580194.8753840731, 577718.0359682213, 575902.9501681591, 574564.2094156202, 573602.6387765164, 572578.8305037053, 571886.2797563212, 571426.545091318]","[21.30025887489319, 1.259977102279663, 1.259432315826416, 1.2500793933868408, 1.3069372177124023, 1.218770980834961, 1.3485467433929443, 1.2552783489227295, 1.230872631072998, 1.2309153079986572, 1.3345551490783691]",6,1
500,500,5,5,128,622871.857236019,568709.565541653,67.4725472927094,40.8380253314972,9,43,"[622871.857236019, 586997.8371882265, 580138.3116355743, 576184.6627820054, 573539.4824933219, 571994.7696611041, 570764.3356072721, 569846.5182550814, 569155.0743586231]","[29.658209800720215, 1.3261823654174805, 1.3452165126800537, 1.3115050792694092, 1.3556220531463623, 1.621260643005371, 1.3588318824768066, 1.378368616104126, 1.3598394393920898]",6,1
500,500,5,5,128,624987.257509846,572473.884323006,55.7256300449371,31.6474871635437,9,44,"[624987.257509846, 590296.9794901701, 583659.1058815366, 579676.8012512797, 577317.4462791703, 575644.2121101083, 574520.6207009926, 573638.0735894435, 572919.4678835466]","[21.052229404449463, 1.2769224643707275, 1.4413206577301025, 1.3262107372283936, 1.275627851486206, 1.2398772239685059, 1.2707765102386475, 1.3424949645996094, 1.292874813079834]",6,1
500,500,5,5,128,623691.134509556,571831.927354402,61.6968433856964,36.914226770401,9,45,"[623691.1345095558, 588041.5292135567, 581100.0224463663, 577591.2751081777, 575711.7660429291, 574422.0806635187, 573447.7572594349, 572748.0191475615, 572236.8511936135]","[26.707502126693726, 1.238311529159546, 1.2328975200653076, 1.2039382457733154, 1.244255781173706, 1.2151706218719482, 1.439758062362671, 1.310683250427246, 1.2212421894073486]",6,1
500,500,5,5,128,627569.032493888,569525.483650716,83.0373330116272,58.7500815391541,10,46,"[627569.0324938877, 587176.4173762038, 578857.5832800049, 575339.0030441475, 573432.6155232005, 572193.0644858893, 571422.26639889, 570817.2777008298, 570241.4973427308, 569812.3742405197]","[46.83721399307251, 1.2585694789886475, 1.4412071704864502, 1.2780401706695557, 1.275984525680542, 1.2632968425750732, 1.2914221286773682, 1.2966485023498535, 1.3613386154174805, 1.2888286113739014]",6,1
500,500,5,5,128,625992.155712092,573716.998376285,69.5181214809418,45.4112420082092,12,47,"[625992.1557120914, 592323.6139119265, 585627.9560105982, 582269.0926110706, 580418.1444403506, 578902.6784648077, 577315.7169999595, 576397.8527570714, 575430.7821433791, 574807.4178736056, 574321.0983842787, 573997.0705317459]","[29.617791175842285, 1.358412504196167, 1.3350565433502197, 1.3751132488250732, 1.4101595878601074, 1.7922861576080322, 1.3734290599822998, 1.3500587940216064, 1.487624168395996, 1.3498802185058594, 1.3788056373596191, 1.4509809017181396]",6,1
500,500,5,5,128,624235.360023688,570946.058784461,71.8941285610199,39.8377544879913,8,48,"[624235.3600236877, 586730.3962231855, 579704.7363279309, 576369.6657918245, 574236.3751228894, 572742.4023234838, 571867.5545426591, 571320.2135641335]","[29.569850206375122, 1.38215970993042, 1.3685534000396729, 1.3749973773956299, 1.3955707550048828, 1.3969464302062988, 1.4239294528961182, 1.768723964691162]",6,1
500,500,5,5,128,625532.769688535,567726.632297326,63.0751521587372,38.2989807128906,10,49,"[625532.7696885349, 586086.2848699684, 577907.484213476, 574506.0888072802, 572537.4594713227, 571155.977896688, 570241.1102006091, 569389.8238316382, 568583.8825182314, 568102.512166501]","[26.68202304840088, 1.205500602722168, 1.2012784481048584, 1.1823770999908447, 1.541691541671753, 1.2310023307800293, 1.2821025848388672, 1.2824397087097168, 1.2847344875335693, 1.251101016998291]",6,1
500,500,5,5,128,624865.174270179,573933.11899008,75.9822251796722,48.4153318405151,13,50,"[624865.1742701789, 592080.1150971728, 585328.8937385674, 582222.2557108831, 580171.2660361546, 578741.3394568318, 577765.3348050985, 576907.7649499583, 576163.3783427653, 575555.1445826314, 575045.0428479807, 574606.7528444127, 574252.8545486676]","[31.973331928253174, 1.2791221141815186, 1.3178987503051758, 1.5398571491241455, 1.30267333984375, 1.4305424690246582, 1.3037257194519043, 1.3160529136657715, 1.3190438747406006, 1.4830958843231201, 1.2419381141662598, 1.3309292793273926, 1.354604959487915]",6,1
500,500,5,5,128,621019.000080032,570028.425776596,55.2626912593842,30.9968950748444,8,51,"[621019.0000800317, 583720.0046012049, 578194.5103420839, 575494.0152221215, 573712.0713620735, 572219.5845065615, 571296.8429317396, 570596.1136120068]","[21.297287702560425, 1.6948647499084473, 1.3063294887542725, 1.2860760688781738, 1.3515489101409912, 1.316110372543335, 1.3093500137329102, 1.341261625289917]",6,1
500,500,5,5,256,620298.572639266,564171.289201143,77.5814564228058,34.8960444927216,9,42,"[620298.5726392661, 581542.5178982458, 573980.1539896735, 570189.6288645867, 567888.0615127756, 566534.1678851722, 565654.4399865305, 564983.0757964517, 564533.3167397624]","[22.165283679962158, 1.5017197132110596, 1.7577626705169678, 1.5894355773925781, 1.7131023406982422, 1.5236246585845947, 1.6793124675750732, 1.4207258224487305, 1.4440011978149414]",6,1
500,500,5,5,256,613828.78886161,568347.077262347,73.2060534954071,38.2689146995544,13,43,"[613828.7888616098, 583715.5083469306, 578935.4664546117, 576346.9485434078, 574567.2470442555, 573256.6595645163, 572272.0163639465, 571356.5646570883, 570455.980301713, 569620.7139569917, 569131.1151566061, 568814.2392446991, 568556.6770495719]","[17.504423141479492, 1.5122406482696533, 1.6045713424682617, 1.6951613426208496, 1.5576748847961426, 1.6424012184143066, 1.6016881465911865, 2.075812816619873, 1.6656520366668701, 1.8457598686218262, 1.7575345039367676, 2.0305428504943848, 1.635396957397461]",6,1
500,500,5,5,256,623725.438505273,574334.559191046,70.1266312599182,31.5333337783813,9,44,"[623725.4385052733, 590552.5653419046, 584724.5569652, 581689.3378352209, 579609.6568313381, 577957.0121025039, 576478.9637623121, 575570.1017551498, 574836.9995237791]","[17.978371620178223, 1.548511028289795, 1.5480010509490967, 1.5646207332611084, 1.8796055316925049, 1.763901948928833, 1.535855770111084, 1.5414106845855713, 2.024597406387329]",6,1
500,500,5,5,256,621905.619787542,571003.663340331,65.4719324111939,34.6457874774933,10,45,"[621905.6197875416, 588170.1832655403, 581976.8784407432, 578837.7231994703, 576696.7091632908, 574858.9823572632, 573374.71283591, 572533.3629384188, 571966.525368183, 571471.9328694972]","[19.433159828186035, 1.6385772228240967, 1.6673040390014648, 1.866544485092163, 1.5973803997039795, 1.56447172164917, 1.5694279670715332, 2.02079701423645, 1.5513319969177246, 1.569366216659546]",6,1
500,500,5,5,256,620694.746363445,572841.525718235,68.6349766254425,36.7355375289917,10,46,"[620694.7463634452, 587636.6280321714, 582407.8420335533, 579969.4031969808, 578114.0109434222, 576752.6776822445, 575772.635875726, 574819.0667317655, 573680.7472998123, 573172.9721993521]","[21.145734310150146, 1.5766053199768066, 1.5061829090118408, 1.5808098316192627, 2.1327266693115234, 1.5667920112609863, 1.530893325805664, 1.8815388679504395, 1.542224645614624, 1.7718443870544434]",6,1
500,500,5,5,256,625513.123493483,571721.10150371,76.8435282707214,44.7786183357239,11,47,"[625513.1234934827, 589821.2200418783, 583261.3829293193, 579942.190214846, 577831.1533351364, 576503.6417366603, 575368.329986033, 574407.3986642829, 573515.5187154734, 572720.2681290635, 572160.0274394864]","[28.066896200180054, 1.914865255355835, 1.8656599521636963, 1.4063713550567627, 1.4958739280700684, 1.8420741558074951, 1.4343829154968262, 1.776390552520752, 1.9276580810546875, 1.4567432403564453, 1.4419879913330078]",6,1
500,500,5,5,256,629394.600603943,573640.881855115,65.5194849967957,34.9766511917114,10,48,"[629394.6006039432, 591775.7550609722, 584775.8807672285, 581011.560453275, 578871.1181818946, 577293.9926312835, 576101.0879635733, 575278.3394277587, 574572.1619871289, 574062.9653151443]","[19.148754358291626, 1.6130261421203613, 1.6581203937530518, 1.650475263595581, 1.6014611721038818, 2.066943883895874, 1.7848105430603027, 1.7369353771209717, 1.6042237281799316, 1.992278814315796]",6,1
500,500,5,5,256,623572.794412184,570996.9745501,75.2005732059479,30.6547219753265,9,49,"[623572.7944121836, 586115.806299313, 579823.1104813638, 576632.5901947746, 574959.7221387454, 573647.5886479379, 572743.2068167836, 572136.3347385414, 571566.1183242706]","[17.541955947875977, 1.7952148914337158, 1.7937626838684082, 1.5686850547790527, 1.5209062099456787, 1.497403621673584, 1.7678797245025635, 1.5822393894195557, 1.4485218524932861]",6,1
500,500,5,5,256,627899.603255145,570632.927405614,82.0938360691071,43.6625592708588,16,50,"[627899.6032551449, 591907.6987673398, 585055.4787283674, 581169.1841096465, 578590.3263088547, 576882.7950064148, 575408.7923610361, 574311.2576901754, 573591.3417924754, 573038.5861763164, 572545.3431940032, 572185.5563449907, 571887.4303153427, 571597.9350431456, 570996.9210374309, 570771.4379879306]","[17.457037448883057, 1.9265649318695068, 1.554781198501587, 1.7907767295837402, 1.5740504264831543, 2.042015314102173, 1.6350398063659668, 1.584385871887207, 1.8330166339874268, 2.0224645137786865, 1.6538171768188477, 1.6880507469177246, 1.5772600173950195, 2.106367826461792, 1.556281328201294, 1.5177881717681885]",6,1
500,500,5,5,256,629155.344794109,577186.12441217,62.8426153659821,32.0917026996613,8,51,"[629155.3447941086, 594702.8943807961, 586969.8031365614, 583077.5947161642, 580680.4046415403, 579251.1341795145, 578172.671671749, 577591.4285517635]","[19.584587335586548, 1.5896754264831543, 1.534959077835083, 1.9838082790374756, 2.1030614376068115, 1.6202468872070312, 1.5775160789489746, 1.9975547790527344]",6,1
500,500,5,5,32,624017.484548562,572251.846549555,60.0829339027405,35.4653103351593,12,42,"[624017.4845485622, 590934.0154831798, 584764.8541146786, 581606.1034108339, 579345.0642077867, 577697.0715821657, 576362.0075952617, 575124.0695606403, 574276.1653552054, 573681.8942644403, 573170.425438668, 572683.6440161217]","[14.815157413482666, 1.6272706985473633, 1.6632144451141357, 1.6297621726989746, 1.993241310119629, 1.9347517490386963, 1.9086723327636719, 2.0015110969543457, 1.9325714111328125, 1.9223783016204834, 1.9145452976226807, 1.9025359153747559]",7,1
500,500,5,5,32,624358.035703418,569993.73524788,57.6819705963135,34.4764587879181,13,43,"[624358.0357034184, 590048.0637431106, 583334.6407798423, 579432.1414990083, 576761.3112613296, 575007.7180220811, 573599.0371173591, 572544.9866398505, 571598.9438557244, 571095.2607818194, 570716.2522682154, 570395.3798309522, 570166.7792680549]","[15.23255968093872, 1.6337835788726807, 1.5992190837860107, 1.591996192932129, 1.6100306510925293, 1.5682952404022217, 1.5594234466552734, 1.6016831398010254, 1.5750749111175537, 1.5752625465393066, 1.589294195175171, 1.6235251426696777, 1.5963037014007568]",7,1
500,500,5,5,32,625534.583028752,571426.617565322,60.6774525642395,34.902884721756,11,44,"[625534.5830287521, 589209.3079761718, 583287.770725291, 579771.8530044924, 577024.5972507795, 575182.83486296, 573592.6737545659, 572984.5282354787, 572540.616172742, 572149.9525957229, 571791.6072365483]","[15.114848613739014, 1.971832513809204, 1.9592556953430176, 1.947218894958496, 1.9515411853790283, 1.969069480895996, 1.9477944374084473, 1.9382843971252441, 1.992398977279663, 1.996232032775879, 1.9774632453918457]",7,1
500,500,5,5,32,631585.196055644,571424.549036542,66.8978471755981,43.2129857540131,15,45,"[631585.1960556444, 593360.4244640276, 585593.2264504079, 581545.3375657926, 579296.001934533, 577772.078097884, 576476.7653706891, 575465.0508449019, 574627.1198395207, 574045.07337471, 573527.0340506432, 573029.8147729838, 572458.7850361591, 571897.5346167202, 571599.9172153969]","[15.519032001495361, 1.9883370399475098, 2.1023292541503906, 2.0879223346710205, 2.0842583179473877, 2.021479606628418, 1.9869358539581299, 1.9404749870300293, 1.9518647193908691, 1.9751012325286865, 1.6953701972961426, 1.8434092998504639, 1.9322845935821533, 1.9614033699035645, 1.99684476852417]",7,1
500,500,5,5,32,627174.430219005,574778.472080765,48.4752373695374,25.0828585624695,7,46,"[627174.4302190049, 590360.6268224893, 583046.1478177224, 579713.1773526702, 577650.5733907075, 576159.7339078656, 575332.2772130657]","[15.379600524902344, 1.6106345653533936, 1.5882489681243896, 1.5842151641845703, 1.5821137428283691, 1.6022095680236816, 1.6059815883636475]",7,1
500,500,5,5,32,621318.77700119,567387.382503895,54.3408846855164,31.1983547210693,10,47,"[621318.7770011898, 584587.8925697204, 577858.5459755752, 574084.240952476, 571906.4633378371, 570578.1714217799, 569670.2619020225, 568780.0871479932, 568166.8728307369, 567740.8517008832]","[15.62423062324524, 1.604219913482666, 1.6405868530273438, 1.6307141780853271, 1.636732578277588, 1.6643595695495605, 1.661803960800171, 1.6696555614471436, 1.9754023551940918, 1.964120626449585]",7,1
500,500,5,5,32,629528.928319352,573399.015484251,60.858119726181,37.6297252178192,12,48,"[629528.9283193519, 591293.0279607866, 585042.4305343644, 581813.5198666789, 579705.4129013141, 578283.2384640691, 577273.741739997, 576461.5058101554, 575598.0757011066, 574897.6695231776, 574418.0670124568, 573918.4070184898]","[15.357676267623901, 1.9494571685791016, 1.9985463619232178, 2.010188102722168, 2.003661870956421, 1.9670817852020264, 1.9866437911987305, 1.9942140579223633, 2.300902843475342, 2.0388104915618896, 1.9988656044006348, 1.9471991062164307]",7,1
500,500,5,5,32,619576.101280813,572441.220382339,48.1762654781342,26.4504227638245,8,49,"[619576.1012808133, 586511.8760947664, 580616.6141420731, 577573.907841894, 575528.91795264, 574173.4233924765, 573327.1594783382, 572800.9515477421]","[15.055080890655518, 1.6113412380218506, 1.613440990447998, 1.6146721839904785, 1.6083061695098877, 1.619537591934204, 1.6175305843353271, 1.6598103046417236]",7,1
500,500,5,5,32,614558.557078802,566458.660472684,42.5317666530609,19.8420939445496,7,50,"[614558.5570788017, 579025.5991218309, 572870.212029604, 570281.9441443247, 568613.5706821345, 567678.5921811085, 566968.8526682459]","[8.058070659637451, 1.941232442855835, 1.9375574588775635, 2.0005195140838623, 1.9300563335418701, 1.9671194553375244, 1.9335594177246094]",7,1
500,500,5,5,32,624446.325437124,570790.794612844,57.0258102416992,33.0238626003265,10,51,"[624446.3254371234, 589087.6719714782, 581885.2470089265, 578326.8380530345, 576068.5001470733, 574422.1596899095, 573332.7057779818, 572507.8321922336, 571827.9511035383, 571239.965123741]","[15.392423629760742, 1.9798328876495361, 2.00166916847229, 1.9850144386291504, 2.0464119911193848, 1.968531847000122, 1.9525904655456543, 1.938201665878296, 1.6761739253997803, 1.978384256362915]",7,1
500,500,5,5,64,622311.012967598,573781.579850125,46.5996315479279,24.5369291305542,8,42,"[622311.0129675976, 589133.9962023356, 582845.8118877044, 579342.4785127444, 577174.5712360387, 575814.0479521133, 574893.0665115209, 574244.0592182992]","[15.08141803741455, 1.2882707118988037, 1.3678510189056396, 1.3117527961730957, 1.437587022781372, 1.2954816818237305, 1.3564093112945557, 1.330848217010498]",7,1
500,500,5,5,64,632902.390347569,575568.145740013,47.8972644805908,26.5203666687012,9,43,"[632902.3903475686, 593964.7282663259, 585676.4824721576, 582053.0932847642, 580039.0371977541, 578573.3616319027, 577469.6161273558, 576635.665173283, 576017.8907597056]","[15.45388388633728, 1.4998831748962402, 1.372791051864624, 1.3788137435913086, 1.3588480949401855, 1.3385207653045654, 1.3502349853515625, 1.3317558765411377, 1.342109203338623]",7,1
500,500,5,5,64,620806.709118039,572460.645342821,46.061704158783,24.8044202327728,8,44,"[620806.709118039, 587321.3843046839, 580407.2437036085, 577346.3198155902, 575598.4400864328, 574254.4320162216, 573467.0123947249, 572912.4188270076]","[15.60974383354187, 1.27937912940979, 1.2629668712615967, 1.2553346157073975, 1.3413598537445068, 1.3218116760253906, 1.3388288021087646, 1.3355677127838135]",7,1
500,500,5,5,64,626189.555393765,570152.686816966,47.0698857307434,25.6946706771851,9,45,"[626189.555393765, 587693.7591638993, 580287.5100781951, 576543.3811622472, 574336.3284141809, 572945.2631213382, 571925.0018054934, 571060.5537793026, 570496.0648270716]","[15.11062240600586, 1.2904620170593262, 1.2543230056762695, 1.2950098514556885, 1.2640974521636963, 1.2472496032714844, 1.5922727584838867, 1.2503764629364014, 1.2479963302612305]",7,1
500,500,5,5,64,624937.77333816,569839.129560098,48.1506104469299,27.2418885231018,10,46,"[624937.7733381595, 589841.5948248239, 583123.0857850221, 579106.911295342, 576282.6321978306, 574422.2621132903, 572920.8181820352, 571765.4296063127, 570900.0592954617, 570306.9272266299]","[15.00000524520874, 1.7573726177215576, 1.2347087860107422, 1.2558183670043945, 1.2342288494110107, 1.2542057037353516, 1.2683475017547607, 1.2759144306182861, 1.2692253589630127, 1.337714433670044]",7,1
500,500,5,5,64,628462.55178986,574703.912698036,48.9526467323303,28.0994572639465,11,47,"[628462.5517898597, 592258.2439688382, 586068.4118281074, 582230.6487700214, 580094.5980234732, 578696.8094105783, 577718.3343034212, 576987.418197466, 576290.5266980784, 575589.2824605986, 575127.4052379774]","[15.632286787033081, 1.206019401550293, 1.176367998123169, 1.154024362564087, 1.158184289932251, 1.3062620162963867, 1.1758177280426025, 1.250044584274292, 1.3209869861602783, 1.3129074573516846, 1.3152384757995605]",7,1
500,500,5,5,64,633165.866861573,572896.535940434,50.664354801178,29.4643955230713,12,48,"[633165.8668615731, 592796.2706978738, 585600.0267657255, 582217.1155830753, 580164.026809661, 578435.3562669017, 576935.5705983028, 575829.6607476029, 575022.571724987, 574235.0187117492, 573652.4657797643, 573228.3942331865]","[14.973278284072876, 1.2693309783935547, 1.2534139156341553, 1.2309989929199219, 1.2619013786315918, 1.2589688301086426, 1.2561008930206299, 1.6097664833068848, 1.2292561531066895, 1.4565796852111816, 1.2678289413452148, 1.3053805828094482]",7,1
500,500,5,5,64,620599.137040153,565700.057759521,46.6122710704804,26.352420091629,10,49,"[620599.1370401531, 583905.109248259, 576560.7775417108, 572953.296416514, 570717.1042866718, 569282.9532924592, 568176.657056793, 567307.6349305, 566558.5905152702, 566037.3142765299]","[15.456667423248291, 1.1513934135437012, 1.1934866905212402, 1.2534434795379639, 1.1970601081848145, 1.1890344619750977, 1.190399408340454, 1.209747314453125, 1.1989631652832031, 1.2045557498931885]",7,1
500,500,5,5,64,622708.148684289,566794.499935872,53.7696809768677,32.3172960281372,15,50,"[622708.1486842886, 586644.4237213013, 579926.9280787633, 576587.0546486893, 574557.5583912622, 573353.3239797265, 572471.0377585458, 571796.8223471033, 571211.8941211099, 570618.3823451155, 569868.8013409436, 569134.7218595713, 568355.7308393106, 567287.9152325572, 567000.3788895304]","[15.241225719451904, 1.1635792255401611, 1.1722073554992676, 1.205622911453247, 1.193375587463379, 1.2318525314331055, 1.260307788848877, 1.1903858184814453, 1.2042779922485352, 1.1588771343231201, 1.1697406768798828, 1.1652281284332275, 1.1856489181518555, 1.1982409954071045, 1.4600744247436523]",7,1
500,500,5,5,64,630326.580123207,575692.280182966,49.9671990871429,28.7291181087494,11,51,"[630326.5801232071, 592181.7872548404, 585889.6834332214, 582621.338787568, 580480.0040643712, 579041.3786958435, 578137.0008945597, 577485.1489712445, 576876.2305648932, 576390.5461368075, 575994.1197369341]","[15.589678764343262, 1.2160511016845703, 1.2206454277038574, 1.274346113204956, 1.5811669826507568, 1.241215467453003, 1.2944731712341309, 1.3081705570220947, 1.2762751579284668, 1.2803103923797607, 1.2915699481964111]",7,1
500,500,5,5,128,625666.469783058,570602.057717782,65.0447981357575,32.829657793045,11,42,"[625666.4697830577, 588204.2099101767, 582482.6649842327, 579607.8217471725, 577351.0622426112, 575430.4543666906, 573885.7141981173, 572768.3220078981, 571911.8890910101, 571403.0919235687, 570970.6733990161]","[17.99988579750061, 1.4433436393737793, 1.4444246292114258, 1.470773458480835, 1.466484546661377, 1.4550395011901855, 1.5697262287139893, 1.493072271347046, 1.464078426361084, 1.4910051822662354, 1.4670379161834717]",7,1
500,500,5,5,128,623845.970508874,567928.666011057,52.2426145076752,27.6736931800842,10,43,"[623845.9705088744, 587705.2353863714, 580114.6213768916, 576124.0646973865, 573603.225865308, 571996.6838940356, 570834.3896023657, 569812.7041862467, 569129.5071128074, 568505.8502630261]","[15.322030067443848, 1.1425631046295166, 1.3537752628326416, 1.4838910102844238, 1.4288134574890137, 1.4243180751800537, 1.3440980911254883, 1.3479244709014893, 1.3365609645843506, 1.3250322341918945]",7,1
500,500,5,5,128,623805.6548329,571847.445567114,59.4558317661285,36.5609402656555,11,44,"[623805.6548328999, 588628.2191269817, 582059.7531235169, 578694.1376355464, 576672.5725737236, 575415.1897642106, 574502.6670584887, 573798.047387906, 573199.5223692803, 572647.6548292493, 572207.2858789748]","[24.241475582122803, 1.1294801235198975, 1.1715259552001953, 1.1488640308380127, 1.204561471939087, 1.1995275020599365, 1.1590607166290283, 1.4488201141357422, 1.163151741027832, 1.2401251792907715, 1.273249626159668]",7,1
500,500,5,5,128,622959.121043953,568982.232697345,68.3116316795349,37.5801591873169,14,45,"[622959.1210439524, 587869.3335228402, 581224.2788756102, 578039.1229887446, 575929.0967623385, 574434.4776211218, 573385.9237083191, 572528.2367507598, 571810.1197452022, 571193.7284671402, 570699.6277876509, 570233.5856552991, 569708.1595668048, 569233.387164473]","[18.575647354125977, 1.42441725730896, 1.3289597034454346, 1.3712224960327148, 1.4143970012664795, 1.3817970752716064, 1.4009807109832764, 1.5286335945129395, 1.4191131591796875, 1.435211181640625, 1.8531692028045654, 1.4951751232147217, 1.4417634010314941, 1.3891100883483887]",7,1
500,500,5,5,128,624668.209145093,571614.601316174,66.2297976016998,42.3578579425812,10,46,"[624668.2091450926, 589924.6518245909, 583333.0502906013, 579620.2126641071, 577370.3075356495, 575522.7650526819, 574296.7746790688, 573474.0520910296, 572635.6384331418, 572061.1143617244]","[30.508724689483643, 1.171433448791504, 1.4577381610870361, 1.1725594997406006, 1.238534927368164, 1.3674414157867432, 1.1789124011993408, 1.2833051681518555, 1.343033790588379, 1.5194599628448486]",7,1
500,500,5,5,128,624584.289904096,571794.609621439,52.8628940582275,24.3761506080627,7,47,"[624584.2899040956, 586611.7549839416, 580339.0033776674, 577473.988267026, 575292.5144600457, 573624.6568966297, 572498.6653148881]","[15.719023942947388, 1.3299922943115234, 1.364893913269043, 1.376023292541504, 1.4019291400909424, 1.5608627796173096, 1.4238603115081787]",7,1
500,500,5,5,128,626919.379319169,565304.583986619,53.6875443458557,30.0191159248352,10,48,"[626919.3793191689, 585021.8609927237, 577388.059403563, 573455.6645273764, 571006.4376722483, 569433.9939088217, 568061.2038108127, 566898.616515475, 566173.6890737554, 565668.1907573314]","[16.65316081047058, 1.4310166835784912, 1.627155065536499, 1.5284099578857422, 1.396392583847046, 1.437500238418579, 1.4207000732421875, 1.396127700805664, 1.4347214698791504, 1.461200475692749]",7,1
500,500,5,5,128,628997.634002397,572935.429211861,67.2845513820648,43.888614654541,15,49,"[628997.6340023968, 591453.4970253132, 584282.5712283545, 581008.2010869049, 579265.4006627905, 578125.6742120538, 577205.8897168194, 576351.4397181408, 575240.981092831, 574641.9538883885, 574295.5912662534, 573988.9530855495, 573673.9665612988, 573375.8796963234, 573146.9406680367]","[24.72104835510254, 1.3130581378936768, 1.328660488128662, 1.3116774559020996, 1.5203468799591064, 1.4630999565124512, 1.2595293521881104, 1.5252010822296143, 1.3195734024047852, 1.3041212558746338, 1.340815544128418, 1.3403832912445068, 1.3289055824279785, 1.3021001815795898, 1.2189955711364746]",7,1
500,500,5,5,128,624491.15306313,572092.232365716,56.6800494194031,26.7979519367218,8,50,"[624491.1530631299, 587000.1977728227, 579918.1045288678, 577071.7169877338, 575434.4081258919, 574360.7373078681, 573436.4743971168, 572620.4082644891]","[16.43370747566223, 1.422696828842163, 1.446035623550415, 1.4226415157318115, 1.4133353233337402, 1.4043350219726562, 1.6201674938201904, 1.405803918838501]",7,1
500,500,5,5,128,621166.855586385,568352.399814213,63.3116943836212,36.6620850563049,11,51,"[621166.8555863854, 585254.2858095597, 579094.7050199065, 576039.1519236097, 573767.3886112825, 572401.05897992, 571247.3022705849, 570521.6259932303, 569957.3845652525, 569238.5052850535, 568735.5730797491]","[21.641604900360107, 1.4665226936340332, 1.4920594692230225, 1.643639326095581, 1.497312307357788, 1.4991564750671387, 1.5173721313476562, 1.4709444046020508, 1.3657262325286865, 1.511084794998169, 1.4537222385406494]",7,1
500,500,5,5,256,630391.999413886,568890.374331905,61.6905183792114,35.0820171833038,12,42,"[630391.9994138863, 591871.9357419908, 583289.1347203698, 578547.7626512069, 575754.794578351, 573875.453916948, 572495.101699363, 571433.1076330044, 570610.6723193884, 570046.1228041304, 569532.3638641939, 569103.6064147898]","[16.75477647781372, 1.560534954071045, 1.5640578269958496, 1.571326494216919, 1.686497688293457, 1.76851224899292, 1.7527804374694824, 1.7902612686157227, 1.5413727760314941, 1.7343578338623047, 1.6329045295715332, 1.621943712234497]",7,1
500,500,5,5,256,631568.239645294,572297.333197483,71.4129681587219,39.4194996356964,12,43,"[631568.2396452943, 595472.5775858039, 588523.7120922819, 584108.8418439165, 580850.5804792009, 578526.1894048792, 576799.1982740178, 575511.5382041419, 574373.5562146347, 573537.3271229407, 573004.5970530362, 572587.1217477253]","[20.69883966445923, 2.0307586193084717, 1.763279676437378, 1.9884274005889893, 1.5502681732177734, 1.8835022449493408, 1.673736333847046, 1.483567714691162, 1.8296027183532715, 1.4767520427703857, 1.5061931610107422, 1.3723556995391846]",7,1
500,500,5,5,256,624195.791339423,572166.95416485,72.0293254852295,37.4059903621674,10,44,"[624195.7913394229, 588324.0616126704, 582505.6447441003, 579670.046185973, 577584.613082656, 575840.6442617559, 574538.6422459249, 573611.2085471748, 572996.9413946358, 572511.0560658444]","[22.780363082885742, 1.5082685947418213, 1.5270366668701172, 1.6558222770690918, 1.8461780548095703, 1.5774834156036377, 1.5048456192016602, 1.6325733661651611, 1.7132363319396973, 1.4967372417449951]",7,1
500,500,5,5,256,628370.304620817,570304.767600504,71.0573463439941,38.187117099762,14,45,"[628370.3046208165, 590746.8455572209, 583681.36095249, 579722.4488794833, 577373.0611396041, 575645.917631845, 574235.973657834, 573283.9818402692, 572468.720414521, 571823.3331750453, 571339.1830912934, 570950.4284625684, 570632.5225130056, 570434.0417785068]","[17.293973207473755, 1.5644116401672363, 1.4461171627044678, 1.8632311820983887, 1.494633436203003, 1.4966483116149902, 1.4307940006256104, 1.7667491436004639, 1.7339084148406982, 1.5012867450714111, 1.4620287418365479, 2.05065655708313, 1.4420828819274902, 1.4624128341674805]",7,1
500,500,5,5,256,621964.237918113,574924.107235827,68.3839890956879,35.4214556217194,8,46,"[621964.2379181129, 589955.1066431463, 583367.5720474016, 580344.0894814355, 578424.2395155744, 576923.6137866201, 575945.4948470012, 575346.0778457458]","[24.30468773841858, 1.8416054248809814, 1.4990487098693848, 1.4586198329925537, 1.5061454772949219, 1.7451069355010986, 1.4949231147766113, 1.4769728183746338]",7,1
500,500,5,5,256,627413.148376519,567703.391741797,77.8297820091248,49.1549458503723,15,47,"[627413.1483765189, 587613.6849702427, 581214.2932155586, 577892.8858705423, 575574.7589610569, 573748.1145710167, 572430.7687689594, 571533.0322550418, 570609.3785941759, 569787.2581351675, 569344.9516348407, 568985.6190547287, 568539.805608428, 568152.7476496625, 567894.318203883]","[23.18227243423462, 1.9203619956970215, 1.8003194332122803, 1.7917721271514893, 1.7132866382598877, 2.5801842212677, 1.6920135021209717, 1.7001850605010986, 1.6230499744415283, 2.1995017528533936, 1.6997096538543701, 1.702005386352539, 2.116744041442871, 1.6779918670654297, 1.6196396350860596]",7,1
500,500,5,5,256,622939.763885438,569446.632480742,67.1706650257111,36.3281610012054,7,48,"[622939.7638854377, 585808.4217773081, 578828.0452527791, 574805.4352906543, 572608.6412306315, 571070.0611082269, 570148.902822525]","[26.39306950569153, 1.445375680923462, 1.836763620376587, 1.4423530101776123, 1.744163990020752, 1.3852581977844238, 1.9948797225952148]",7,1
500,500,5,5,256,622569.827235407,572084.276206641,66.5644280910492,36.0634822845459,10,49,"[622569.8272354067, 589468.6376326808, 583382.1198976756, 579681.8010358752, 577211.4534972319, 575892.74729836, 574917.9434888051, 574013.3437320674, 573266.8674807012, 572658.1576000636]","[21.09145736694336, 1.4193546772003174, 1.4371042251586914, 1.7364814281463623, 1.737058162689209, 1.5542216300964355, 1.74025559425354, 1.7754638195037842, 1.5005543231964111, 1.9404504299163818]",7,1
500,500,5,5,256,624575.378822009,578289.590783629,74.0211634635925,40.3854961395264,9,50,"[624575.3788220086, 591497.3113827213, 585223.1674869248, 582542.381590227, 581095.8846254221, 580176.1939171368, 579521.7670081416, 578973.5504930274, 578601.9323221922]","[27.391698360443115, 1.7604854106903076, 1.5385966300964355, 1.5440447330474854, 1.8261427879333496, 1.6145656108856201, 1.6041240692138672, 1.4801883697509766, 1.508239984512329]",7,1
500,500,5,5,256,616427.670649539,568999.226052939,63.7439341545105,37.3186686038971,11,51,"[616427.6706495392, 583619.194961597, 578251.692167667, 575725.0760755475, 574111.9280053783, 572939.3507446394, 571797.5753222315, 570977.006095666, 570322.5557023963, 569784.2063524922, 569359.8632169538]","[21.229063749313354, 1.501732349395752, 1.4841153621673584, 1.5122294425964355, 1.8176097869873047, 1.5463199615478516, 1.707185983657837, 1.5484070777893066, 1.8195302486419678, 1.5286352634429932, 1.5399019718170166]",7,1
500,500,5,5,256,626092.397308254,573218.868320833,129.564313173294,66.1355261802673,10,42,"[626092.3973082538, 589713.5289576019, 583089.2943275502, 579892.7572952186, 577745.9655586598, 576477.3737599631, 575475.5155422621, 574680.1579959515, 574010.2361144967, 573513.1536681596]","[42.21892714500427, 2.5553205013275146, 2.4976887702941895, 2.5466136932373047, 2.7242307662963867, 2.702843189239502, 2.599503755569458, 2.7092642784118652, 2.8116133213043213, 2.66082501411438]",3,1
500,500,5,5,256,624662.648476925,568848.684395357,135.929920911789,71.2437825202942,11,43,"[624662.6484769253, 588505.7075824158, 581161.3833623878, 577202.5706839974, 574888.9426487136, 573249.840987596, 571923.694741682, 570995.0300353409, 570289.8683938768, 569704.86682521, 569208.2821609909]","[45.08446455001831, 2.927293539047241, 2.3300929069519043, 2.3310561180114746, 2.4517526626586914, 2.6147522926330566, 2.511410713195801, 2.6392717361450195, 2.9109671115875244, 2.695643663406372, 2.6149027347564697]",3,1
500,500,5,5,256,623013.817868882,568963.10755159,131.773515701294,64.4757981300354,8,44,"[623013.8178688822, 585362.2934769553, 578880.9483600501, 575300.1535054847, 572960.2807377191, 571035.4185917008, 570130.3134820526, 569501.7890861413]","[46.71292996406555, 2.3810791969299316, 2.3442704677581787, 2.5543437004089355, 2.9413156509399414, 2.3852086067199707, 2.3461050987243652, 2.727299690246582]",3,1
500,500,5,5,256,619909.40822457,568364.897732508,125.070827007294,68.20933842659,9,45,"[619909.4082245698, 583698.5111586679, 577136.0483787522, 574286.3874277732, 572241.5003114296, 570838.7836159044, 569921.5470948959, 569337.2612367327, 568807.0247444861]","[47.70974850654602, 2.5408873558044434, 2.5003442764282227, 2.681591272354126, 2.3921332359313965, 2.3339426517486572, 2.3612191677093506, 3.081547260284424, 2.462102174758911]",3,1
500,500,5,5,256,630705.51250317,575997.210757348,130.988935470581,60.4608378410339,9,46,"[630705.5125031703, 594123.9034969496, 586832.2904909347, 583188.5890869126, 580852.0092141925, 579252.4525317186, 577997.3387144797, 577162.3384629755, 576529.4032547461]","[38.82104992866516, 2.8908298015594482, 2.4324443340301514, 2.828644275665283, 2.468656301498413, 2.932095527648926, 2.5933713912963867, 2.774505138397217, 2.5899159908294678]",3,1
500,500,5,5,256,629614.823944073,570384.041610461,158.804983377457,102.75704240799,18,47,"[629614.823944073, 590920.3645058228, 584377.5835060504, 581702.7743744141, 579731.4893253872, 578229.5530591354, 576979.9448443906, 576095.5818152264, 575405.4764631843, 574818.7856686481, 574305.1071440642, 573746.693056731, 573273.9377328035, 572684.1724041329, 572097.4099879524, 571600.9247624022, 571107.4922351681, 570685.2861856123]","[59.63528919219971, 2.808685779571533, 2.7148663997650146, 2.303481340408325, 2.385000228881836, 2.416931390762329, 2.8554375171661377, 2.810361623764038, 2.480903387069702, 2.366236686706543, 2.2724478244781494, 2.4454915523529053, 2.524763345718384, 2.313152313232422, 2.302978754043579, 2.9452147483825684, 2.4592018127441406, 2.5569162368774414]",3,1
500,500,5,5,256,624609.341870965,570610.964377815,126.085372924805,62.5809082984924,9,48,"[624609.3418709646, 586864.1248734266, 580506.2922684777, 577028.5720050981, 574950.3971619633, 573581.9303653957, 572552.4241361794, 571655.1551484959, 571042.891245022]","[39.79919767379761, 2.7387194633483887, 2.588794708251953, 3.5968704223632812, 2.622891426086426, 2.7711920738220215, 2.639481782913208, 3.099729061126709, 2.6104214191436768]",3,1
500,500,5,5,256,621744.933913303,572508.725475721,124.013732671738,53.6935422420502,7,49,"[621744.9339133028, 587033.963336158, 580780.6133152263, 577251.2263344231, 575105.6137582149, 573888.079814173, 573130.475087594]","[37.71718192100525, 2.794083833694458, 2.5604135990142822, 2.904697895050049, 2.481161117553711, 2.64079213142395, 2.522549867630005]",3,1
500,500,5,5,256,613432.484612494,564942.245736684,132.550209522247,69.4862902164459,14,50,"[613432.4846124942, 579499.3770417233, 573649.8678777426, 570812.1196556662, 569122.9854624222, 568148.5385944303, 567426.5584385782, 566881.8926964473, 566481.7234997938, 566126.75332231, 565780.7439429145, 565498.1863526937, 565265.8003122834, 565069.6535314531]","[35.46658205986023, 3.166372060775757, 2.416973352432251, 2.4289538860321045, 2.4125843048095703, 2.633035659790039, 2.7766950130462646, 2.4538145065307617, 2.4265925884246826, 2.5905537605285645, 2.302565336227417, 3.177337169647217, 2.6499149799346924, 2.44777512550354]",3,1
500,500,5,5,256,624514.97121817,572151.341927774,145.933104991913,80.9463200569153,9,51,"[624514.9712181696, 589192.4734108819, 582525.9263530123, 578543.5903709063, 576435.5978948794, 575068.528153233, 573820.9728066568, 573043.9989502146, 572546.0686456531]","[58.59246897697449, 2.621325731277466, 2.555117607116699, 3.6028201580047607, 2.642918586730957, 2.499022960662842, 2.873126983642578, 2.9280006885528564, 2.519824504852295]",3,1
500,500,5,5,128,625675.349440575,574065.04407645,112.669411659241,55.6817679405212,9,42,"[625675.3494405748, 588170.2803177001, 581576.8791891676, 578882.8973255722, 577073.4026981391, 575930.405614819, 575253.2041568868, 574768.8526211241, 574373.8773783387]","[40.93323469161987, 1.782526969909668, 1.8751633167266846, 1.7690470218658447, 1.7938170433044434, 1.8423352241516113, 1.758312702178955, 1.730804681777954, 2.106797218322754]",3,1
500,500,5,5,128,625407.171566585,575206.503288257,126.367009878159,62.9656901359558,9,43,"[625407.1715665848, 591297.636776253, 585162.2787139203, 582071.478193254, 579733.0674551254, 578220.9767040629, 577165.916530845, 576364.6198465155, 575716.6349277468]","[46.57612109184265, 2.186985969543457, 2.0442090034484863, 1.950911045074463, 1.9723083972930908, 2.0137991905212402, 2.0085289478302, 1.9418213367462158, 2.0893466472625732]",3,1
500,500,5,5,128,630732.51729344,574834.705041403,115.518182277679,54.2562773227692,13,44,"[630732.5172934397, 593893.3356411109, 587195.526945205, 583995.1832667592, 582211.6865591938, 580801.3836328427, 579696.4084494141, 578720.1420288137, 577998.9615702603, 577315.8053644395, 576481.4715875163, 575791.3595348976, 575240.2809756951]","[30.65885615348816, 2.083469867706299, 1.875114917755127, 1.794719934463501, 1.8533480167388916, 1.802750825881958, 1.8971569538116455, 1.9417574405670166, 2.1102094650268555, 1.8208808898925781, 2.1004979610443115, 2.0085716247558594, 2.218700647354126]",3,1
500,500,5,5,128,626334.211139062,577476.249399927,118.721244096756,54.9725656509399,8,45,"[626334.2111390617, 591937.9157693184, 585646.6071566993, 582569.314680217, 580836.5279964001, 579529.5740948442, 578690.5015750107, 578009.5829896412]","[37.284114360809326, 6.0496439933776855, 3.1521542072296143, 1.646756649017334, 1.669074296951294, 1.6883821487426758, 1.712827205657959, 1.6946487426757812]",3,1
500,500,5,5,128,623592.388109907,571989.684468016,115.051601409912,57.4149737358093,9,46,"[623592.3881099072, 586650.6835153792, 580221.1429408797, 577460.2434245492, 575677.0614671728, 574568.398185647, 573568.1388206234, 572942.234253703, 572379.7606358726]","[43.18837642669678, 1.7399368286132812, 1.7672836780548096, 1.9406702518463135, 1.7064573764801025, 1.7091691493988037, 1.7207741737365723, 1.7097399234771729, 1.8565006256103516]",3,1
500,500,5,5,128,626138.318411352,574059.527951478,115.659837007523,57.4077777862549,11,47,"[626138.3184113518, 590509.0433945738, 583890.8057069017, 580795.9139301357, 579166.8261803353, 577940.2530675658, 576966.9062512754, 576147.9867604822, 575355.7687361413, 574829.832999301, 574414.4789645555]","[36.39973974227905, 2.0022830963134766, 2.1245028972625732, 2.3403561115264893, 2.075831413269043, 2.068105936050415, 1.9923036098480225, 1.9816932678222656, 1.9170453548431396, 1.972245216369629, 2.3299319744110107]",3,1
500,500,5,5,128,627664.964641425,569373.664470023,116.975375652313,66.2090845108032,11,48,"[627664.9646414248, 589416.6439546467, 581717.3068128232, 578263.4247748664, 576385.3741298708, 574999.2074283907, 573823.4114020886, 572699.4035634705, 571680.772000023, 570694.7345436394, 569921.8830702233]","[47.44360542297363, 1.7550849914550781, 2.1948304176330566, 1.7837319374084473, 1.7800590991973877, 1.7558739185333252, 1.7747762203216553, 1.883599042892456, 1.7500264644622803, 1.9013264179229736, 2.034837484359741]",3,1
500,500,5,5,128,626682.310939562,572127.557728054,121.275777578354,56.9323768615723,8,49,"[626682.3109395619, 590507.5065538312, 583038.8818584098, 578875.9338668877, 576255.987904639, 574542.6262405637, 573496.2813080503, 572736.9184611889]","[43.67708706855774, 1.7206251621246338, 1.7853200435638428, 2.1299850940704346, 1.729607343673706, 1.7866299152374268, 1.8867812156677246, 2.0658910274505615]",3,1
500,500,5,5,128,623051.741429513,574012.273847212,125.946495771408,68.1802344322205,16,50,"[623051.7414295125, 591706.6927007791, 586237.2397098981, 583080.2909656477, 580933.5849111757, 579327.7757142361, 578286.1235925625, 577434.0893366361, 576829.4305369558, 576322.5613065144, 575857.8354882846, 575486.1945931121, 575186.6346367478, 574887.4186852315, 574540.2335975957, 574197.2244708736]","[36.95580339431763, 1.9986202716827393, 2.0242297649383545, 2.0450758934020996, 1.9805335998535156, 2.0668585300445557, 2.1382951736450195, 1.8874528408050537, 2.329684257507324, 2.0996923446655273, 2.1626648902893066, 2.0729172229766846, 2.0273518562316895, 2.055696725845337, 2.115022659301758, 2.0809967517852783]",3,1
500,500,5,5,128,628694.451933906,574577.94349699,102.331446170807,51.9359931945801,10,51,"[628694.4519339056, 591784.9193665115, 584619.4948475526, 581411.2006647317, 579142.6866051076, 577740.051428438, 576731.5821328571, 575961.5734522978, 575343.2305410021, 574906.7099329268]","[35.057074785232544, 1.824894666671753, 1.849839687347412, 1.8410718441009521, 2.0048537254333496, 2.3022589683532715, 1.7231004238128662, 1.7336857318878174, 1.744291067123413, 1.71504807472229]",3,1
500,500,5,5,32,621381.94403947,569823.247004098,113.927346944809,64.0550968647003,10,42,"[621381.9440394695, 586492.0907704509, 580486.6693102841, 577228.4286670361, 574977.1011843145, 573311.6286483267, 572268.6661793907, 571551.2051522743, 570896.2712543798, 570291.9517022467]","[42.001152992248535, 2.527630090713501, 2.2541205883026123, 2.2231056690216064, 2.513192653656006, 2.2982289791107178, 2.551252841949463, 2.5165364742279053, 2.399151086807251, 2.607522964477539]",3,1
500,500,5,5,32,620765.519605351,571639.139630584,135.976112604141,86.9549992084503,8,43,"[620765.5196053508, 585985.2255104413, 579398.127767929, 576369.6738581156, 574606.5111122605, 573552.6750523238, 572732.0717845331, 572146.1615924698]","[70.23017811775208, 2.0625979900360107, 2.105149269104004, 2.1911780834198, 2.129680633544922, 2.0428903102874756, 3.42012357711792, 2.7442870140075684]",3,1
500,500,5,5,32,625904.941976701,570956.267796693,114.171057701111,60.4072906970978,10,44,"[625904.9419767014, 589608.3637551615, 582702.0039983935, 579159.213464258, 576957.7426144329, 574961.2048884819, 573475.6257818532, 572477.5483158638, 571818.6512804216, 571349.1414812338]","[39.684260845184326, 2.162513017654419, 2.20701003074646, 2.236107349395752, 2.2211084365844727, 2.2281196117401123, 2.28173565864563, 2.4437155723571777, 2.6431093215942383, 2.216874599456787]",3,1
500,500,5,5,32,634704.902074087,570560.75985651,97.3929305076599,48.5021877288818,15,45,"[634704.902074087, 592453.7976503547, 584696.5396773671, 580851.5802789944, 578265.6678510989, 576735.3889807925, 575650.2909055239, 574794.7952594626, 574031.0335377445, 573253.1832846514, 572610.1448131078, 572007.0797861887, 571492.4969244186, 571092.6983820697, 570779.2373856535]","[16.5344135761261, 3.1006507873535156, 2.135654926300049, 2.1092946529388428, 2.206284284591675, 2.1933188438415527, 2.2506046295166016, 2.2293710708618164, 2.3209166526794434, 2.190300226211548, 2.2414627075195312, 2.2446863651275635, 2.193655014038086, 2.2453415393829346, 2.207686424255371]",3,1
500,500,5,5,32,627520.273904386,570269.517678688,107.216391801834,63.6175668239594,10,46,"[627520.2739043861, 588930.8817105916, 580760.4564482467, 577223.5955293974, 575089.8482734523, 573402.6675798732, 572477.9472607732, 571773.2898749319, 571185.6325566311, 570686.8462699351]","[43.02045011520386, 2.2385029792785645, 2.248333692550659, 2.2513625621795654, 2.3769845962524414, 2.277073621749878, 2.1310389041900635, 2.297816753387451, 2.3809094429016113, 2.3223912715911865]",3,1
500,500,5,5,32,623206.417765771,574000.120129913,143.661079406738,47.1894834041595,9,47,"[623206.4177657705, 588704.6977826825, 582064.1664720834, 579295.342808184, 577715.1377947341, 576410.3945248664, 575459.3932273115, 574854.7061781571, 574368.5808680707]","[27.099193811416626, 2.1311559677124023, 2.609027624130249, 2.683722496032715, 2.4905965328216553, 2.691291093826294, 2.4744858741760254, 2.588536500930786, 2.315155267715454]",3,1
500,500,5,5,32,629619.464877348,572853.312342255,123.668865680695,75.0631463527679,9,48,"[629619.464877348, 590032.0784082812, 582652.5554988782, 578926.7107569039, 576519.7151565618, 575262.3757264846, 574423.5036528172, 573836.1527556673, 573350.463000651]","[57.68763041496277, 2.0377464294433594, 2.162536382675171, 2.1785757541656494, 2.1993274688720703, 2.079834222793579, 2.222475290298462, 2.0742416381835938, 2.2613112926483154]",3,1
500,500,5,5,32,622290.519749545,574497.838903846,108.007947206497,57.0718693733215,7,49,"[622290.5197495448, 585816.9815518146, 580472.3495132225, 578237.2086303721, 576741.0231957375, 575782.8882874402, 575094.4732526197]","[43.780625104904175, 2.0821943283081055, 1.95078444480896, 2.23085880279541, 2.2392570972442627, 2.229785442352295, 2.4219236373901367]",3,1
500,500,5,5,32,626682.810551851,566706.769573307,120.640015602112,69.2561776638031,16,50,"[626682.8105518514, 590014.2419796302, 582740.1048298707, 578768.0505816191, 576159.7469936146, 574462.1879940842, 573166.6662044573, 572083.9880843814, 571114.2524156893, 570230.589953485, 569467.343374939, 568854.4372645732, 568293.4057170951, 567708.886655954, 567297.0069030505, 566927.0860733741]","[32.95631217956543, 2.3823153972625732, 2.392465829849243, 2.350383996963501, 2.116773843765259, 2.4276857376098633, 2.4974753856658936, 2.2338836193084717, 2.5049612522125244, 2.4175496101379395, 2.5208165645599365, 2.3675947189331055, 2.5134847164154053, 2.308638572692871, 2.5043141841888428, 2.531839370727539]",3,1
500,500,5,5,32,625394.036291786,572617.799712882,102.096617460251,53.6453361511231,10,51,"[625394.0362917861, 590510.9830973526, 582982.3393044624, 579359.428419429, 577293.6782548719, 575955.7660209818, 574744.4867690522, 573943.1505682111, 573374.8729651279, 572948.8851476357]","[32.97308588027954, 2.2203900814056396, 2.402225971221924, 2.223916530609131, 2.4002373218536377, 2.119283437728882, 2.409620523452759, 2.236639976501465, 2.261806011199951, 2.2779388427734375]",3,1
1000,1000,5,5,32,339089.983386447,307565.42034431,143.170762777329,85.6256694793701,10,42,"[339089.98338644684, 318052.16577595373, 314073.88558441395, 312071.1915319099, 310832.4860230055, 309891.5444366852, 309083.15930683893, 308510.13999407593, 308109.7511615642, 307809.1778786795]","[46.87419080734253, 3.974168062210083, 3.8650381565093994, 3.87054181098938, 4.274506568908691, 4.387566566467285, 4.636955499649048, 4.409350872039795, 4.5702056884765625, 4.633047103881836]",3,1
500,500,5,5,64,621689.413373712,564873.281049485,108.260861158371,62.26682305336,19,42,"[621689.4133737116, 585006.6646589058, 578097.3643003947, 574462.1021400023, 572144.5329606768, 570864.3106478819, 569961.8828532515, 569212.082658018, 568670.3524610138, 568231.4618246073, 567687.3216319698, 567287.442767484, 566892.8017676825, 566505.9434197651, 566151.7688341474, 565891.7425552851, 565586.4538025829, 565162.5822101849, 564982.0831444929]","[25.008798599243164, 2.2157819271087646, 2.1587934494018555, 1.8808817863464355, 2.218715190887451, 1.9449470043182373, 1.8729033470153809, 2.158787965774536, 1.8649179935455322, 1.9935877323150635, 2.067978620529175, 2.2046725749969482, 2.0055227279663086, 2.0017142295837402, 2.2234463691711426, 2.0195765495300293, 2.151580333709717, 2.176950216293335, 1.9945430755615234]",3,1
500,500,5,5,64,626495.260445981,573594.13403107,94.5026624202728,53.2078421115875,11,43,"[626495.2604459805, 591197.7333527051, 583791.5743881625, 580468.7912374994, 578487.4641678737, 576924.101258022, 576029.482221971, 575248.327426375, 574697.059950595, 574266.9016303683, 573896.6951685838]","[31.342610359191895, 2.156752824783325, 2.1914687156677246, 2.1682870388031006, 2.1786305904388428, 2.1359729766845703, 2.1514883041381836, 2.149113893508911, 2.188957929611206, 2.1402230262756348, 2.171499013900757]",3,1
500,500,5,5,64,619433.529607451,568412.03270922,132.474920749664,73.548823595047,10,44,"[619433.5296074512, 586046.9219524604, 580001.336684297, 576248.1853387447, 573886.7495869425, 572409.0712109309, 571195.8072742866, 570163.2582956104, 569392.933144209, 568837.2675935734]","[57.73368525505066, 1.6515648365020752, 1.7154581546783447, 1.703864574432373, 1.5878286361694336, 1.6332223415374756, 1.643019437789917, 1.9864883422851562, 1.8393471240997314, 1.9759941101074219]",3,1
500,500,5,5,64,621876.030867937,564675.835893345,127.46389746666,76.2690396308899,16,45,"[621876.0308679373, 587209.8125459305, 580086.7788829166, 576668.4139589736, 574576.2694289464, 573100.0847154408, 571620.8042010965, 570160.6056569717, 568986.2529001714, 568058.9214480252, 567070.3823852732, 566365.3529616083, 565725.889332256, 565367.912423376, 565087.1983254685, 564863.9934698002]","[46.5421462059021, 2.1123576164245605, 1.9649782180786133, 1.9051623344421387, 1.9118835926055908, 1.9981491565704346, 1.9384541511535645, 1.9228184223175049, 1.9574329853057861, 2.023277759552002, 2.061723232269287, 1.9840331077575684, 2.0086963176727295, 1.9408280849456787, 1.92177152633667, 1.9596822261810303]",3,1
500,500,5,5,64,632930.810552207,575536.49187325,113.770671844482,72.556254863739,9,46,"[632930.8105522074, 593680.2367466297, 586342.8652571259, 582646.3858668677, 580311.2379415241, 578752.287575309, 577603.9814103286, 576663.6901021178, 576031.3654779595]","[59.55892086029053, 1.5499546527862549, 1.5135986804962158, 1.529484748840332, 1.5589215755462646, 1.7028594017028809, 1.6591250896453857, 1.5642006397247314, 1.8582987785339355]",3,1
500,500,5,5,64,631247.525228749,574727.987846163,100.52806854248,55.8439011573792,9,47,"[631247.5252287486, 591849.3737387378, 584610.0212080104, 581203.728639842, 579052.0645347028, 577660.7968238869, 576525.073490343, 575743.0813468993, 575173.5993817037]","[39.02574419975281, 2.048412322998047, 2.086230754852295, 2.0682790279388428, 2.064180612564087, 2.0857245922088623, 2.1333775520324707, 2.0966227054595947, 2.1314785480499268]",3,1
500,500,5,5,64,630636.903982646,569454.911053082,142.302589416504,79.2668471336365,13,48,"[630636.9039826456, 590808.1041572527, 583391.1423656347, 579412.596926935, 577455.5208833532, 576085.3023370797, 575062.3015195312, 573944.2710317293, 572535.2235989308, 571535.5827621642, 570862.266496076, 570299.4411320236, 569817.278071192]","[52.97193765640259, 2.216456651687622, 1.8359477519989014, 2.213247537612915, 2.175165891647339, 2.1805520057678223, 2.177952766418457, 2.187512159347534, 2.200666904449463, 2.5197792053222656, 2.1814067363739014, 2.1433279514312744, 2.1200408935546875]",3,1
500,500,5,5,64,632479.235487256,575306.911247704,150.952445268631,85.5499818325043,10,49,"[632479.2354872561, 595738.8815814562, 588217.1264493442, 584596.0146155441, 582194.6541434402, 580328.5430834227, 578906.8968577897, 577160.1207117896, 576418.5853643423, 575777.945090589]","[70.75488924980164, 1.5943317413330078, 1.579434871673584, 1.5825393199920654, 1.5544683933258057, 1.572692632675171, 1.821279525756836, 1.6264116764068604, 1.6528801918029785, 1.66135573387146]",3,1
500,500,5,5,64,617921.354698067,568217.100605537,114.611652851105,71.5955703258514,7,50,"[617921.3546980665, 583748.6238410248, 577433.3667949156, 573615.0634416249, 571291.1772311148, 569941.5729600847, 568949.1761572496]","[61.57061791419983, 1.5468199253082275, 1.6953928470611572, 1.7110745906829834, 1.5245213508605957, 1.7918436527252197, 1.5880613327026367]",3,1
500,500,5,5,64,629613.821626579,574129.960851117,157.513554811478,92.6801207065582,12,51,"[629613.8216265788, 594597.5172401466, 587072.9630023878, 582985.5341196121, 580348.0824763158, 578484.0459961321, 577446.9890157662, 576633.2109399401, 575895.4456438655, 575296.3378216986, 574848.2099591605, 574434.4514606369]","[75.05016231536865, 1.6251804828643799, 1.5961339473724365, 1.6109068393707275, 1.631920337677002, 1.5638859272003174, 1.6172685623168945, 1.5516879558563232, 1.6053516864776611, 1.5327353477478027, 1.6185307502746582, 1.5053951740264893]",3,1
500,500,5,5,64,633095.874291267,574687.161648269,137.902167081833,44.4217739105225,8,42,"[633095.8742912668, 592050.2871016264, 584764.0259951799, 581436.2061459012, 579055.7059527624, 577033.3127010415, 575838.1075307676, 575168.4591835795]","[24.349106550216675, 2.8921053409576416, 2.8147222995758057, 2.786210536956787, 2.927173614501953, 2.845853328704834, 2.852346658706665, 2.860713243484497]",2,1
500,500,5,5,64,626783.863434489,570042.534173066,191.399677991867,103.355292081833,11,43,"[626783.8634344892, 588219.7386407689, 580291.8694424987, 576453.4989792606, 574688.6955770889, 573517.5843875555, 572467.4981703004, 571674.2736343454, 571062.5349732558, 570587.2833874315, 570246.8515146864]","[74.95866346359253, 2.770362138748169, 2.799076557159424, 2.799428701400757, 2.78427791595459, 2.785594940185547, 2.746253252029419, 2.865614891052246, 2.8978264331817627, 2.997152090072632, 2.863434314727783]",2,1
500,500,5,5,64,624618.225235956,569751.373507236,117.32835149765,44.296452999115,12,44,"[624618.2252359559, 589271.927876312, 582811.0935253123, 579333.3093490277, 576678.0844731667, 574829.6909870355, 573472.627096035, 572510.8794487226, 571776.8108386091, 571136.3228610333, 570564.774010623, 570096.2775724682]","[9.449960708618164, 3.248582601547241, 3.0928196907043457, 2.9333064556121826, 2.922778367996216, 3.291780710220337, 3.3037447929382324, 3.076606512069702, 3.2128076553344727, 3.1950080394744873, 3.23766827583313, 3.205730438232422]",2,1
500,500,5,5,64,618106.310924339,566577.246731306,160.038209199905,78.4167451858521,9,45,"[618106.3109243386, 584916.5143204359, 578885.2204915049, 574896.3144492682, 571825.8598005509, 569489.712295866, 568306.2156760448, 567512.5048343488, 566939.6825260086]","[55.6884970664978, 2.87770938873291, 2.8572235107421875, 2.861767530441284, 2.853903293609619, 2.8453378677368164, 2.792711019515991, 2.760237693786621, 2.7813615798950195]",2,1
500,500,5,5,64,620178.91749281,572253.968999709,163.132464408875,78.3772132396698,9,46,"[620178.91749281, 587255.3719653271, 580675.1730368171, 577559.4899141686, 575479.3493873165, 574293.8630312184, 573522.6141443984, 572949.3805920109, 572532.1115572843]","[58.95537185668945, 2.4933717250823975, 2.844677448272705, 2.3329477310180664, 2.3528013229370117, 2.4380075931549072, 2.3090286254882812, 2.3039281368255615, 2.3031227588653564]",2,1
500,500,5,5,64,633343.543445864,570141.398009189,192.382756948471,105.10590672493,14,47,"[633343.5434458638, 591089.2413420411, 582970.0910359377, 579289.0048622099, 577258.6824095413, 575823.8183050235, 574616.1837419465, 573567.5437751242, 572795.2217885545, 572135.5210657266, 571584.3741097418, 571176.9423719122, 570799.0328959266, 570413.6799291603]","[70.37163257598877, 2.6777515411376953, 2.783355712890625, 2.707141160964966, 2.654775381088257, 2.6708436012268066, 2.7091751098632812, 2.656421184539795, 2.6541898250579834, 2.670104503631592, 2.6245205402374268, 2.647002935409546, 2.595435857772827, 2.5559654235839844]",2,1
500,500,5,5,64,637953.824011656,571588.929421702,191.234692811966,97.0774695873261,11,48,"[637953.8240116563, 595695.4111462283, 587106.24609936, 582676.6087039915, 579994.9632025675, 578038.7141518437, 576630.1077688003, 575446.7164971418, 574226.7177515107, 572868.8327493783, 572062.4479818561]","[69.49008560180664, 2.689115047454834, 2.7122998237609863, 2.7513999938964844, 2.851623058319092, 2.8091156482696533, 2.9895174503326416, 2.689089298248291, 2.6106138229370117, 2.673912286758423, 2.67154598236084]",2,1
500,500,5,5,64,624490.724874896,568899.815952075,187.147211790085,90.635249376297,11,49,"[624490.7248748956, 590546.7956349738, 583810.874084022, 579864.7526751148, 577121.9827443454, 575039.9103476937, 573101.6026741285, 571789.5589889454, 570893.1922570443, 570033.2700377116, 569365.5751001601]","[66.36789989471436, 2.204435110092163, 2.281663417816162, 2.227405309677124, 2.2626943588256836, 2.250227212905884, 2.324403762817383, 2.6669249534606934, 2.6696999073028564, 2.653911590576172, 2.650902509689331]",2,1
500,500,5,5,64,624224.129458805,570390.110624,171.760700464249,91.8344976902008,10,50,"[624224.1294588046, 588194.1935922613, 581104.3227906335, 577607.159351528, 575648.0533366216, 574167.835814036, 572896.8315081727, 571937.4394691979, 571259.6026305815, 570789.1798690865]","[67.28451228141785, 2.7614243030548096, 2.6905581951141357, 2.7280919551849365, 2.7236926555633545, 2.702753782272339, 2.74179744720459, 2.743967294692993, 2.6964070796966553, 2.6922667026519775]",2,1
500,500,5,5,64,627798.753981436,570960.135235956,195.496537923813,97.9878180027008,13,51,"[627798.7539814364, 589138.5382477619, 582423.1147162262, 579031.3724643914, 577054.3427982078, 575693.7523109816, 574609.4843623725, 573888.3402800772, 573273.8141040934, 572691.077428069, 572149.4590930265, 571627.760316966, 571233.1452520111]","[65.97244024276733, 2.6947131156921387, 2.6994824409484863, 2.6631577014923096, 2.6717371940612793, 2.646231174468994, 2.668790102005005, 2.639976978302002, 2.5889012813568115, 2.6413307189941406, 2.6427721977233887, 2.658423900604248, 2.6527154445648193]",2,1
500,500,5,5,128,628603.831935037,573177.186480953,161.729685544968,83.0731770992279,10,42,"[628603.8319350373, 590883.8291624578, 583426.9868391703, 579944.8615719905, 577699.0396431215, 576108.3737230871, 575145.6571429782, 574462.1458580362, 573949.137573576, 573532.9697325017]","[56.13957476615906, 2.8359322547912598, 3.0049855709075928, 3.0049643516540527, 2.9869039058685303, 3.0298402309417725, 2.849597930908203, 2.9698989391326904, 3.069199323654175, 3.0752506256103516]",2,1
500,500,5,5,128,628096.151790815,575121.85615326,151.826509952545,79.3946580886841,11,43,"[628096.1517908153, 594728.0730823741, 586758.885969341, 583023.0876011436, 580977.5500960653, 579484.20109847, 578393.3977408155, 577547.9573295093, 576815.72485209, 576013.1723427481, 575480.7971408113]","[47.697887897491455, 3.0266494750976562, 3.0454275608062744, 3.004796028137207, 3.0629777908325195, 3.1899383068084717, 3.4715964794158936, 3.147104501724243, 3.185432195663452, 3.2268121242523193, 3.1119022369384766]",2,1
500,500,5,5,128,630179.080787838,575813.028087699,164.562334537506,85.7666363716126,10,44,"[630179.080787838, 594300.8538612628, 587112.8560745807, 583404.4145854544, 581212.7285396588, 579363.5860435831, 578095.6997661217, 577290.7559924299, 576663.7089675594, 576191.9635108203]","[56.60760974884033, 3.235410690307617, 3.1345367431640625, 3.3134195804595947, 3.107267379760742, 3.178579092025757, 3.1912076473236084, 3.2641608715057373, 3.205195188522339, 3.2371885776519775]",2,1
500,500,5,5,128,624370.083804717,567721.553639115,175.330974817276,93.64439868927,16,45,"[624370.0838047169, 587179.0556398315, 580357.9423324853, 577044.6059508934, 575142.5958609078, 573963.3681201513, 573369.5108963279, 572837.5927601875, 572203.1494429598, 571683.8840539984, 571138.0102882192, 570604.5429994185, 570053.281259156, 569154.9259667869, 568318.7556559264, 567995.7866852882]","[47.14891862869263, 3.0288846492767334, 3.1355040073394775, 2.9767661094665527, 3.1389663219451904, 3.144653558731079, 3.012155532836914, 3.0257184505462646, 3.0789496898651123, 3.2530927658081055, 3.0225253105163574, 3.1195151805877686, 3.1321816444396973, 3.000415086746216, 3.1188740730285645, 3.118938684463501]",2,1
500,500,5,5,128,624216.200852424,574751.457408471,175.609521865845,95.7732403278351,14,46,"[624216.2008524244, 591303.9021199709, 585698.2827770475, 582847.5712566674, 580917.0384950467, 579809.4709462115, 578946.4026890958, 578136.8769645113, 577339.052714973, 576674.7196538278, 576134.0554776244, 575669.771686823, 575259.5534510156, 574941.01074722]","[58.222421169281006, 3.039247989654541, 2.970858097076416, 2.901459217071533, 2.87492036819458, 2.776257038116455, 2.8429462909698486, 2.87532639503479, 2.792339324951172, 2.844465494155884, 2.8498873710632324, 2.806476354598999, 2.8647100925445557, 2.9777939319610596]",2,1
500,500,5,5,128,624174.552301994,573673.201145683,173.44044137001,86.8273277282715,12,47,"[624174.5523019938, 590420.283107364, 584020.9891066895, 580499.9544349421, 578483.4437285699, 577300.4630856903, 576517.5241638847, 575835.1375271174, 575308.7866951814, 574833.8403320605, 574338.5396296497, 573974.7427796493]","[54.547847747802734, 2.758037567138672, 2.8578171730041504, 2.7839083671569824, 2.881263017654419, 2.853402853012085, 3.030864953994751, 2.8429923057556152, 2.89642071723938, 2.9223411083221436, 3.0875678062438965, 3.247558355331421]",2,1
500,500,5,5,128,624009.068965461,569910.453078686,169.156070709229,86.7331101894379,10,48,"[624009.0689654608, 586756.7762571446, 580230.3464715262, 577017.1618044979, 575285.1225466839, 573852.7895286068, 572523.1060055058, 571581.2409812317, 570859.804062485, 570279.8818688348]","[58.54827260971069, 2.912975549697876, 2.892559289932251, 2.9345993995666504, 3.0626606941223145, 3.200068473815918, 3.149719476699829, 3.129359483718872, 3.2979702949523926, 3.3959543704986572]",2,1
500,500,5,5,128,625657.840691509,567770.46494435,157.891644001007,72.9148845672607,8,49,"[625657.8406915088, 585896.369178849, 578910.7278926498, 575347.3021008677, 572874.5295790369, 570889.8417288265, 569517.3813350337, 568522.9164112183]","[51.65644550323486, 2.887681245803833, 2.8362200260162354, 2.9980080127716064, 2.9604830741882324, 2.966148614883423, 3.356722831726074, 3.0585806369781494]",2,1
500,500,5,5,128,630603.268623974,570965.38289295,176.679763555527,92.432079076767,11,50,"[630603.2686239744, 593635.8496460039, 585466.503844551, 580975.5123886418, 578242.0850699325, 576269.6960662242, 574841.1862635525, 573650.2539523547, 572799.4552542361, 572090.8796289723, 571491.3917599685]","[62.99163889884949, 2.8062498569488525, 2.7053420543670654, 2.861954927444458, 2.8484952449798584, 3.091146230697632, 3.038784980773926, 3.1702187061309814, 3.0148227214813232, 2.7999374866485596, 2.969799757003784]",2,1
500,500,5,5,128,626169.431910145,568753.822983284,167.554553985596,91.6782813072205,12,51,"[626169.4319101447, 589021.7533241181, 581867.7474610324, 577479.4106631913, 575131.1770626839, 573695.2935367778, 572550.9265170088, 571628.1222892635, 570894.1275652843, 570238.0125976243, 569630.8774408136, 569064.2463095726]","[60.72281861305237, 2.690253973007202, 2.6997592449188232, 2.7734923362731934, 2.9446613788604736, 2.7392935752868652, 2.81728196144104, 2.8788421154022217, 2.8215699195861816, 2.8668465614318848, 2.6705219745635986, 2.8438756465911865]",2,1
500,500,5,5,256,629370.416949789,572801.020220591,172.803415298462,93.886919260025,11,42,"[629370.416949789, 594199.1547349214, 587086.9022501913, 582816.0667862042, 580228.9417558914, 578353.5217383826, 576657.4769837691, 575744.6925517163, 574949.8562116594, 574102.3547059624, 573315.060434095]","[53.83445143699646, 3.9997105598449707, 3.959268569946289, 4.254152059555054, 3.943824529647827, 3.948381185531616, 3.9991884231567383, 4.165285348892212, 4.070566892623901, 3.8276872634887695, 3.7844605445861816]",2,1
500,500,5,5,256,628341.482241659,572517.574091299,169.939441919327,93.49032330513,13,43,"[628341.4822416585, 591730.228324962, 585369.7611363372, 582043.8858383144, 580076.1781809677, 578309.3946042266, 577028.9480440135, 576108.2884730754, 575316.5861035865, 574611.6564759747, 573973.4901542199, 573337.5239911325, 572882.1025900503]","[47.72843885421753, 3.645362377166748, 3.382962465286255, 3.5963122844696045, 3.6572413444519043, 4.254717111587524, 3.9237537384033203, 3.7713704109191895, 3.8679189682006836, 3.702763557434082, 3.9237406253814697, 4.002859592437744, 3.9042630195617676]",2,1
500,500,5,5,256,620437.296402603,566234.815842789,223.007464647293,105.508846998215,15,44,"[620437.2964026027, 585639.5129684672, 579721.2114502199, 576348.689572403, 574219.8869380126, 572754.6077086111, 571604.4996331057, 570662.6931097714, 569868.8613121012, 569203.0153205586, 568575.6608637527, 567798.0954292716, 567051.4012634935, 566608.2639275774, 566370.8051498964]","[58.05938410758972, 3.51410174369812, 3.4855804443359375, 3.4440243244171143, 3.3605761528015137, 3.201637029647827, 3.330655336380005, 3.5851380825042725, 3.3380892276763916, 3.380798101425171, 3.1735188961029053, 3.348567247390747, 3.4947683811187744, 3.283250570297241, 3.2957756519317627]",2,1
500,500,5,5,256,623909.976762299,571141.973271672,172.192440271378,91.49560379982,12,45,"[623909.9767622994, 588498.9517461555, 582245.8893890963, 579129.3870649231, 577248.6575159299, 575861.9268518748, 574738.2132374337, 573784.7517328465, 572905.1870179902, 572266.2692694073, 571845.3980538005, 571468.8137715922]","[52.571051836013794, 3.3867886066436768, 3.5478057861328125, 3.4519667625427246, 3.271477460861206, 3.4138431549072266, 3.68947434425354, 3.5370233058929443, 3.6877191066741943, 3.5584518909454346, 3.800666570663452, 3.468966484069824]",2,1
500,500,5,5,256,624256.01009729,569386.606551214,167.702451944351,87.8562436103821,9,46,"[624256.0100972898, 586396.8323250383, 579254.0100932585, 575570.5144005776, 573278.9565574699, 571753.736367525, 570827.2316551985, 570187.3080581324, 569729.5019569875]","[58.36345100402832, 3.7761318683624268, 4.274747848510742, 3.9466896057128906, 3.5483450889587402, 3.411567449569702, 3.56526780128479, 3.4647228717803955, 3.4025003910064697]",2,1
500,500,5,5,256,615138.925079534,566385.968964683,155.96500825882,85.0688283443451,10,47,"[615138.9250795342, 583537.7730559498, 577687.3540484973, 574232.7482968308, 571909.6613403227, 570097.2473193179, 568816.6413253195, 567954.8431333735, 567311.7077770398, 566822.082095824]","[51.77534484863281, 3.3939547538757324, 3.654689311981201, 3.4974496364593506, 3.637772798538208, 3.9747605323791504, 3.7934730052948, 3.857448101043701, 3.7747092247009277, 3.58182692527771]",2,1
500,500,5,5,256,631973.240144838,573245.260916371,179.889830350876,87.1322960853577,9,48,"[631973.240144838, 591044.7099066137, 582974.0395697388, 579428.0118303795, 577593.229978788, 576325.798319902, 575158.4091982272, 574267.4021336125, 573647.6044064536]","[54.417927503585815, 4.199740171432495, 4.1928534507751465, 4.11872935295105, 4.07801628112793, 3.9686546325683594, 4.199577808380127, 3.9352850914001465, 3.8962643146514893]",2,1
500,500,5,5,256,619399.899689985,566569.857525309,169.748718738556,92.9640514850617,12,49,"[619399.8996899845, 584150.7774878525, 577238.7429599381, 574146.2860753472, 572537.5957178482, 571133.6890474302, 570283.7943054276, 569479.2159472569, 568698.9709925721, 568017.6168369174, 567415.9637262801, 566933.941986843]","[51.162797927856445, 3.7403435707092285, 3.6063148975372314, 3.6908535957336426, 3.808826208114624, 3.711638927459717, 3.9292807579040527, 3.8691940307617188, 3.668651819229126, 3.7259843349456787, 4.028681755065918, 3.881593704223633]",2,1
500,500,5,5,256,621289.774298968,569091.483709591,156.69727730751,79.4268455505371,10,50,"[621289.774298968, 586500.4899323841, 579708.5406182045, 576424.1676569196, 574517.5499990333, 572767.9784305282, 571319.3582169682, 570442.8301211552, 569792.0925565431, 569391.3863443745]","[48.899317026138306, 3.5678162574768066, 3.5600974559783936, 3.3393185138702393, 3.489068031311035, 3.3372397422790527, 3.1421215534210205, 3.427996873855591, 3.1771974563598633, 3.3633248805999756]",2,1
500,500,5,5,256,626245.956850565,576309.073625568,156.673744440079,82.3866457939148,8,51,"[626245.9568505654, 591362.9657215243, 584000.4053124881, 580978.3908025182, 579208.425530992, 578103.9620220903, 577312.2539620402, 576735.0699872567]","[57.2035973072052, 3.4715094566345215, 3.7980172634124756, 3.82120418548584, 3.492723226547241, 3.4949467182159424, 3.376800775527954, 3.589198350906372]",2,1
500,500,5,5,32,634330.556767326,574969.391165316,186.939919471741,100.01632642746,10,42,"[634330.5567673258, 594054.9768710262, 586366.8876172102, 582817.2844349106, 580934.3872681151, 579681.7429132262, 578530.8001809148, 577406.9332377262, 576400.5820480615, 575602.7204705743]","[73.81178736686707, 2.791569471359253, 2.907942056655884, 2.9800801277160645, 2.68280029296875, 2.9646873474121094, 2.984689950942993, 2.9669158458709717, 2.939054012298584, 2.848386764526367]",2,1
500,500,5,5,32,620186.573062453,570143.706019264,94.0136859416962,34.9565694332123,8,43,"[620186.5730624526, 584246.4836672113, 578209.9857696379, 575254.835788908, 573471.5728015422, 572250.9010796084, 571265.7829496907, 570574.1026050044]","[13.133273839950562, 2.907430648803711, 2.9716670513153076, 2.9945225715637207, 3.100200891494751, 3.2864344120025635, 3.2870049476623535, 3.122776746749878]",2,1
500,500,5,5,32,628303.487969086,569957.408015987,150.361121892929,81.3463790416718,10,44,"[628303.4879690859, 589110.0826931713, 581717.2780472606, 577991.0064170697, 575631.2753894384, 573809.972274008, 572492.9459745223, 571489.4844317737, 570801.0598532333, 570332.731971153]","[55.753944873809814, 2.8028483390808105, 2.63071608543396, 2.820253372192383, 2.8824987411499023, 2.8491992950439453, 2.826101779937744, 2.9101550579071045, 2.941803455352783, 2.8398971557617188]",2,1
500,500,5,5,32,627720.366220385,573900.424899984,187.462508440018,122.264271736145,10,45,"[627720.3662203851, 592066.2309683523, 585211.9794216685, 581528.0124670895, 579262.719862221, 577535.2819157501, 576249.5136751669, 575283.9905703684, 574737.1189477331, 574279.0753181194]","[95.1634476184845, 3.377035617828369, 3.702749729156494, 2.7791168689727783, 2.816469669342041, 2.792207717895508, 2.8460049629211426, 2.847515106201172, 2.9005866050720215, 2.957491397857666]",2,1
500,500,5,5,32,625095.790506476,567699.836666128,107.029294967651,45.0864837169647,13,46,"[625095.7905064755, 588707.3304552989, 581835.6304694287, 578466.547969075, 576082.7887739794, 574314.0247311832, 572940.2615990192, 571947.7380054975, 571219.4290192698, 570429.8331698357, 569613.823927785, 568792.3061261243, 568144.6158222881]","[3.726210117340088, 3.467299222946167, 3.696227788925171, 3.5447921752929688, 3.5643811225891113, 3.809884548187256, 3.331552267074585, 3.2497498989105225, 3.137701988220215, 3.3147764205932617, 3.383373260498047, 3.3503782749176025, 3.4396047592163086]",2,1
500,500,5,5,32,627466.163864531,572524.273459577,153.019685029984,89.2155613899231,15,47,"[627466.163864531, 593287.7553610307, 586387.4747453147, 582925.9523604542, 580335.7049961952, 578544.5711206101, 577183.0096484786, 576130.8293432909, 575405.7165638801, 574790.5170427082, 574249.7005394814, 573745.7810773262, 573296.9551801867, 573016.9613446405, 572773.5459021997]","[47.234105825424194, 2.7167856693267822, 2.7731921672821045, 3.0078842639923096, 3.3964953422546387, 3.032684087753296, 2.828763484954834, 2.9217162132263184, 3.351417303085327, 3.132750988006592, 2.8664677143096924, 3.0767383575439453, 2.8228089809417725, 3.0111727714538574, 2.871720552444458]",2,1
500,500,5,5,32,626682.364741476,569137.762530169,114.647838354111,25.5448687076569,8,48,"[626682.3647414759, 587467.4746539057, 579772.0472797456, 575431.5132797703, 572676.4834534328, 571280.7537622533, 570294.878959098, 569622.4348010832]","[2.9901626110076904, 3.2422518730163574, 3.2323713302612305, 2.9699816703796387, 3.1169278621673584, 3.107787609100342, 3.3484132289886475, 3.4263551235198975]",2,1
500,500,5,5,32,622333.425743591,570140.740351399,141.071565628052,79.125584602356,10,49,"[622333.4257435912, 588262.1280494995, 581358.2789466039, 577871.9428477186, 575613.5003106847, 573872.9416847604, 572641.1362687837, 571696.1857705566, 571023.2637306622, 570525.8588614952]","[46.59845018386841, 3.523345947265625, 3.6719532012939453, 3.625246047973633, 3.650158166885376, 3.6957945823669434, 3.5851359367370605, 3.5931453704833984, 3.6126904487609863, 3.4957399368286133]",2,1
500,500,5,5,32,628524.055129859,574367.971404252,126.460434436798,59.3889973163605,17,50,"[628524.0551298589, 592320.4571640373, 585827.4826605999, 583077.6667625698, 581422.8272121538, 580320.1329378849, 579430.0499308206, 578696.955648476, 578106.1466261378, 577487.8483963063, 576863.3654294205, 576339.0574514071, 575935.6089482147, 575584.2091771656, 575248.4314100841, 574865.149035601, 574580.9662583129]","[3.654186964035034, 3.6235713958740234, 3.6668076515197754, 3.6385562419891357, 3.804250955581665, 3.5537660121917725, 3.6139719486236572, 3.6549935340881348, 3.2930471897125244, 3.632258892059326, 3.229166030883789, 3.1410608291625977, 3.1633176803588867, 3.415290355682373, 3.239103317260742, 3.473214626312256, 3.435274839401245]",2,1
500,500,5,5,32,620261.194372491,569789.652660792,152.197403430939,88.8920013904572,8,51,"[620261.1943724911, 585364.2094801537, 578869.9103349712, 575496.9851292706, 573504.3586052865, 572205.480822044, 571190.4684512503, 570365.2757041797]","[65.76662468910217, 2.7402431964874268, 4.032074689865112, 2.877967357635498, 2.9236056804656982, 4.093701601028442, 3.4291934967041016, 2.9702818393707275]",2,1
500,500,5,5,32,629058.425249392,570182.795412425,57.1174702644348,35.3358998298645,13,42,"[629058.4252493917, 590951.8428135419, 583570.5334639113, 579146.5358489577, 576579.4288929191, 574986.1310805627, 573860.695592569, 573009.8729781458, 572164.9300074601, 571581.0181681114, 571117.7056427276, 570644.2839894732, 570358.2537420624]","[13.79509425163269, 1.7938899993896484, 1.7735228538513184, 1.7394332885742188, 1.7284083366394043, 1.7404675483703613, 1.743027687072754, 1.8030061721801758, 1.755568504333496, 1.7824199199676514, 2.0148673057556152, 1.7839419841766357, 1.775559425354004]",8,1
500,500,5,5,32,629859.585222854,572258.202677589,52.5605900287628,31.6828439235687,12,43,"[629859.5852228543, 591350.25303891, 584186.4684232159, 580929.0216747741, 579082.0263837987, 577732.4510511653, 576238.545328783, 574788.8190845039, 574140.9615719421, 573635.5665692822, 573117.0769019165, 572700.2583376963]","[14.209439277648926, 1.6637203693389893, 1.4997494220733643, 1.5473735332489014, 1.762761116027832, 1.5986683368682861, 1.5360214710235596, 1.5209436416625977, 1.5517971515655518, 1.570284128189087, 1.5482409000396729, 1.5466806888580322]",8,1
500,500,5,5,32,628605.986819248,574630.599403193,50.8887758255005,30.9334330558777,12,44,"[628605.986819248, 592118.9434591493, 585730.6355254968, 582392.5081686521, 580501.7030745541, 579152.3219910173, 578167.6335201667, 577413.8272803337, 576742.2727132257, 576127.8229728368, 575432.7490655535, 574978.693968653]","[13.454961776733398, 1.511763572692871, 1.5105571746826172, 1.6714329719543457, 1.693640947341919, 1.6006629467010498, 1.5806629657745361, 1.5673627853393555, 1.5733938217163086, 1.6419525146484375, 1.5192084312438965, 1.4914085865020752]",8,1
500,500,5,5,32,623836.077674487,567432.303406931,36.2942667007446,16.2180275917053,8,45,"[623836.0776744869, 585490.0144139185, 577947.1307509007, 574191.1358595906, 571158.7675958553, 569639.0034225679, 568764.6469958444, 568017.0298820217]","[5.261778354644775, 1.5178067684173584, 1.540888786315918, 1.6681036949157715, 1.4769370555877686, 1.6857733726501465, 1.4558825492858887, 1.5392343997955322]",8,1
500,500,5,5,32,627377.65568356,568473.651817331,56.7156453132629,36.0426278114319,14,46,"[627377.6556835601, 589620.4302528941, 581611.620164712, 577639.6951353758, 575199.5224393811, 573602.317176484, 572471.1971939967, 571678.4702809457, 570958.6806653567, 570373.3730999919, 569899.5768806926, 569452.832327886, 569078.1982636956, 568775.2987677319]","[13.87075686454773, 1.7036869525909424, 1.7354872226715088, 1.7397446632385254, 1.7395899295806885, 1.6990745067596436, 1.6895756721496582, 1.6914279460906982, 1.7029674053192139, 1.709855556488037, 1.5365195274353027, 1.6871681213378906, 1.721989631652832, 1.6964757442474365]",8,1
500,500,5,5,32,620261.488651453,569982.747646233,58.2775871753693,36.7090291976929,14,47,"[620261.4886514532, 586982.7774380295, 581135.1264601628, 578222.0019868513, 576496.4752810681, 575241.0234454614, 574348.2957572297, 573577.6289536029, 572789.3496475924, 571985.5795527995, 571372.905035925, 570846.7160905869, 570465.339758922, 570202.5248687291]","[14.71642804145813, 1.6882529258728027, 1.7340152263641357, 1.7280938625335693, 1.7259857654571533, 1.7070531845092773, 1.4900782108306885, 1.523982286453247, 1.4617271423339844, 1.4744300842285156, 1.7330811023712158, 1.8668339252471924, 1.755075216293335, 1.7565467357635498]",8,1
500,500,5,5,32,625622.01984337,568950.880998381,51.8384878635407,30.1790425777435,10,48,"[625622.0198433695, 585490.3442209867, 578919.3848631873, 575839.9331248377, 573906.0553044485, 572569.3134179101, 571411.7502880947, 570585.6346529626, 569955.6116008754, 569380.3370656418]","[14.361375093460083, 1.7081198692321777, 1.738847255706787, 1.761704444885254, 1.7888071537017822, 1.7626640796661377, 1.7189981937408447, 1.7287790775299072, 1.732940435409546, 1.742584466934204]",8,1
500,500,5,5,32,626620.413512347,576495.597711635,55.2545149326324,33.4192156791687,11,49,"[626620.4135123473, 593348.8598008557, 587531.9708759739, 584621.9698748634, 582454.9716107312, 580687.3642757537, 579509.3145225808, 578309.2003104406, 577592.5123477668, 577153.7633098995, 576771.1317023044]","[14.701562404632568, 1.8492038249969482, 1.7255008220672607, 1.735076904296875, 2.1816396713256836, 1.763369083404541, 1.7872273921966553, 1.9208557605743408, 1.8533604145050049, 1.8923389911651611, 1.7717492580413818]",8,1
500,500,5,5,32,624561.816262518,571209.549510171,52.7362203598022,31.0243051052094,10,50,"[624561.8162625184, 587369.2011209124, 581381.0508400236, 578153.9471318715, 576158.192096468, 574885.4477890937, 573462.1368582778, 572722.3957627803, 572087.3067581072, 571555.4047006499]","[14.590595006942749, 1.8547759056091309, 1.776402473449707, 1.7890956401824951, 1.7727868556976318, 1.7611384391784668, 1.7828354835510254, 1.892223596572876, 1.7831685543060303, 1.771958351135254]",8,1
500,500,5,5,32,622909.278635309,569434.081006768,52.0140988826752,28.0246686935425,9,51,"[622909.2786353085, 589122.0345194552, 582270.7735836067, 578711.2522847075, 576163.1988560513, 573884.2679547317, 572078.6436884722, 570949.1213158204, 570075.9936651336]","[14.133617162704468, 1.486603021621704, 1.481853723526001, 1.5603508949279785, 1.7813546657562256, 1.78714919090271, 1.7522544860839844, 1.8010444641113281, 2.0691916942596436]",8,1
500,500,5,5,64,630226.329042417,573382.181766668,46.4584832191467,25.5538277626038,10,42,"[630226.3290424173, 592044.1606889975, 584759.9943047815, 581105.7138513797, 578672.5351198643, 577192.6528990035, 575859.3833511068, 574818.7911945304, 574140.8466678645, 573665.664993187]","[14.008638620376587, 1.2406785488128662, 1.2605085372924805, 1.2730607986450195, 1.267381191253662, 1.2538797855377197, 1.2761259078979492, 1.2718002796173096, 1.287050485610962, 1.310981035232544]",8,1
500,500,5,5,64,623550.563722842,570630.081066095,42.9598603248596,24.3292169570923,9,43,"[623550.5637228421, 586385.5350123923, 580078.195186803, 576900.0826976503, 574837.7982769903, 573448.5229378626, 572583.3348882012, 571881.9090438441, 571232.5580963062]","[14.50219178199768, 1.2216722965240479, 1.2204468250274658, 1.1939406394958496, 1.2125170230865479, 1.186326026916504, 1.2417082786560059, 1.2545256614685059, 1.2045128345489502]",8,1
500,500,5,5,64,623427.153283453,569230.108127068,43.7842707633972,24.65607380867,9,44,"[623427.1532834532, 586560.898250199, 580222.5943007645, 576625.3328237281, 574407.0486296165, 572705.9786036507, 571497.1506456425, 570571.4205218622, 569782.1108257232]","[14.149880647659302, 1.2602262496948242, 1.2713031768798828, 1.2664687633514404, 1.3124668598175049, 1.2369301319122314, 1.2404322624206543, 1.2467448711395264, 1.5329968929290771]",8,1
500,500,5,5,64,620704.487094665,567675.682956109,47.4066841602325,28.128969669342,11,45,"[620704.4870946647, 585792.8825919674, 579135.4757386172, 575854.2388276836, 573732.1451074891, 571952.3060820625, 570369.6329459274, 569524.6689644903, 568938.0406591607, 568364.3400846642, 567943.6595778046]","[14.644766807556152, 1.3027074337005615, 1.5861213207244873, 1.2848548889160156, 1.2513160705566406, 1.2512917518615723, 1.2931852340698242, 1.283740520477295, 1.3227524757385254, 1.280651330947876, 1.4846241474151611]",8,1
500,500,5,5,64,628845.685746237,574676.110156672,46.3892185688019,25.3574426174164,9,46,"[628845.6857462368, 592814.8467541502, 585122.1328206758, 581471.9709535298, 579059.1349030946, 577162.9316433752, 576131.4512240221, 575383.3844022537, 574972.9911039979]","[14.72199821472168, 1.2993133068084717, 1.3107073307037354, 1.3092138767242432, 1.330491304397583, 1.3257815837860107, 1.2836716175079346, 1.3053252696990967, 1.3446731567382812]",8,1
500,500,5,5,64,628269.221279575,567742.117745102,47.4974579811096,26.5509860515595,10,47,"[628269.2212795753, 586458.6138399935, 578846.7619663784, 575294.4918380013, 573009.5602626104, 571395.0258997999, 570166.4967379391, 569243.0211142607, 568552.9325959381, 568066.7145573163]","[14.699884414672852, 1.2839679718017578, 1.4384174346923828, 1.3029534816741943, 1.2860331535339355, 1.2846593856811523, 1.3112735748291016, 1.2604031562805176, 1.2865443229675293, 1.2754998207092285]",8,1
500,500,5,5,64,636908.12178318,574566.089545977,45.0870435237885,25.7805685997009,10,48,"[636908.1217831797, 594310.4581636831, 586863.6508587281, 582920.3724158722, 580550.6185592957, 578785.4654813965, 577237.2989000517, 576281.9619457077, 575546.054303014, 574955.0090882102]","[14.303590536117554, 1.1688766479492188, 1.2042927742004395, 1.2196533679962158, 1.2070577144622803, 1.188072919845581, 1.7152197360992432, 1.2194879055023193, 1.196587324142456, 1.2045817375183105]",8,1
500,500,5,5,64,626929.695265514,577626.847846616,39.7970244884491,20.6115252971649,7,49,"[626929.6952655135, 591340.2328958167, 584640.7866109039, 581732.6525358912, 580043.1069207834, 579007.9530931407, 578220.900431117]","[14.059516906738281, 1.0627872943878174, 1.0624630451202393, 1.058243989944458, 1.0887706279754639, 1.0984852313995361, 1.0678634643554688]",8,1
500,500,5,5,64,619313.638776495,568687.938623514,42.4846394062042,22.7347767353058,8,50,"[619313.6387764952, 583653.3977871119, 576965.2853300779, 573866.4084303931, 572058.1900287786, 570925.2122246113, 570079.597021387, 569366.850335371]","[13.94596552848816, 1.1091079711914062, 1.1827521324157715, 1.2529065608978271, 1.2610480785369873, 1.2707464694976807, 1.2779958248138428, 1.2803850173950195]",8,1
500,500,5,5,64,622690.71112681,569954.430646492,46.8344390392304,26.8778548240662,12,51,"[622690.7111268104, 585287.372889151, 579196.7327648944, 576526.1983534448, 575095.0133422558, 573982.7259309266, 573034.1766577401, 572198.0401090345, 571418.5324379477, 570840.7461388251, 570440.9387847742, 570152.0411553958]","[14.043263912200928, 1.1225569248199463, 1.067873239517212, 1.066087245941162, 1.047630786895752, 1.0560760498046875, 1.0992214679718018, 1.0933928489685059, 1.0854861736297607, 1.0824072360992432, 1.0764219760894775, 1.866715669631958]",8,1
500,500,5,5,128,628713.577660987,572319.691973434,52.6083047389984,27.1687922477722,11,42,"[628713.577660987, 590174.5646977491, 583301.0954015517, 579808.283010369, 577852.1079317676, 576367.5567721917, 575332.238014527, 574360.5462506706, 573590.3042013058, 573060.5965646143, 572624.4731450197]","[13.737664699554443, 1.562530279159546, 1.2688500881195068, 1.235856294631958, 1.2726829051971436, 1.3733711242675781, 1.3244524002075195, 1.300459384918213, 1.4588377475738525, 1.2422325611114502, 1.2692632675170898]",8,1
500,500,5,5,128,624851.780530059,575847.984445121,53.4398362636566,28.8960835933685,12,43,"[624851.7805300585, 591360.944676827, 586151.9134602083, 583408.2550834543, 581426.1333605842, 580052.0622262103, 579117.8889664755, 578412.9734145794, 577765.1523476919, 577185.8659649586, 576669.1065869267, 576247.3121184977]","[13.588279247283936, 1.3455991744995117, 1.340872049331665, 1.2661609649658203, 1.394979476928711, 1.330733060836792, 1.5141096115112305, 1.345686674118042, 1.3402435779571533, 1.3459737300872803, 1.4261372089385986, 1.5446662902832031]",8,1
500,500,5,5,128,629664.222595528,573674.171076532,50.953861951828,30.1757283210754,11,44,"[629664.2225955277, 592815.3754591502, 585656.0226555091, 582147.9467249232, 579763.8340166067, 578013.081844812, 576692.223282841, 575716.2172855978, 575033.3475853574, 574430.5735964678, 574002.5402913911]","[15.773012399673462, 1.7198197841644287, 1.3616001605987549, 1.3806915283203125, 1.8026924133300781, 1.4729702472686768, 1.2904598712921143, 1.3152542114257812, 1.3698852062225342, 1.300441026687622, 1.2516913414001465]",8,1
500,500,5,5,128,626064.024127957,571260.450405138,58.4697754383087,37.0500380992889,12,45,"[626064.024127957, 588871.8300422768, 581971.8555154921, 578477.2882304497, 576509.5460697571, 575434.8601139076, 574640.2791248629, 573768.648451018, 573120.1643819839, 572522.776717451, 571870.0976840209, 571500.5689827998]","[22.207130193710327, 1.3858585357666016, 1.2445964813232422, 1.268371820449829, 1.4082636833190918, 1.345301866531372, 1.2304997444152832, 1.6688265800476074, 1.2374746799468994, 1.2312102317810059, 1.3296539783477783, 1.2864911556243896]",8,1
500,500,5,5,128,622219.941755592,571315.636747652,59.0039551258087,35.1111278533936,12,46,"[622219.941755592, 588502.8257826245, 582458.2846262272, 579423.1801087214, 577589.660782185, 576022.6747650106, 574624.2448930853, 573771.4053748209, 573102.4939774905, 572514.7724879166, 572022.8016713483, 571588.3900701139]","[19.810219287872314, 1.2888963222503662, 1.2761201858520508, 1.3149571418762207, 1.2076225280761719, 1.6175110340118408, 1.3123927116394043, 1.322167158126831, 1.3066129684448242, 1.26188325881958, 1.2536118030548096, 1.7188551425933838]",8,1
500,500,5,5,256,623020.925439734,567810.941500145,78.4484832286835,49.3877768516541,14,51,"[623020.925439734, 587176.1724251056, 580030.2322217267, 576552.831703763, 574473.9998089161, 572997.8330295155, 571748.2864700564, 570690.3765745133, 570045.5260412245, 569548.112155883, 569155.8087595993, 568781.513752486, 568354.4589371571, 567998.3251593731]","[26.87653923034668, 1.7595736980438232, 1.71177077293396, 2.0195515155792236, 1.8780312538146973, 1.7090613842010498, 1.4918417930603027, 1.5693023204803467, 2.038278102874756, 1.8284697532653809, 1.6350610256195068, 1.5925242900848389, 1.601790428161621, 1.4981846809387207]",8,1
500,500,5,5,16,623207.139876492,571164.814095998,308.648736715317,190.218210935593,10,42,"[623207.1398764923, 588931.8612419773, 582378.1421323104, 578630.7740980237, 576424.5857383064, 574801.4951992992, 573577.9702855548, 572533.6080577449, 571883.8593685614, 571483.4069658563]","[51.33059287071228, 6.527511119842529, 5.0774757862091064, 5.561579704284668, 4.818224668502808, 37.132113456726074, 6.409786701202393, 4.316644668579102, 62.04942011833191, 6.927966594696045]",2,1
500,500,5,5,16,623207.139876492,571164.814095998,242.65868639946,118.166336297989,10,42,"[623207.1398764923, 588931.8612419773, 582378.1421323104, 578630.7740980237, 576424.5857383064, 574801.4951992992, 573577.9702855548, 572533.6080577449, 571883.8593685614, 571483.4069658563]","[49.47017979621887, 4.128074645996094, 32.34517288208008, 6.208497762680054, 4.349256277084351, 4.387491941452026, 4.23080039024353, 4.535022497177124, 4.155508518218994, 4.3085103034973145]",2,1
500,500,5,5,16,623649.319591061,569864.512173458,119.686656713486,68.227420091629,10,42,"[623649.3195910611, 588504.9297119584, 581983.9532154507, 578216.1335607274, 575788.9755094912, 574141.7278629789, 572765.6256880948, 571765.0369092664, 571014.4042144727, 570387.6902475993]","[32.85331392288208, 4.428171396255493, 3.522042989730835, 4.192521810531616, 3.6318304538726807, 4.2903993129730225, 3.578479051589966, 4.151652097702026, 3.3613693714141846, 4.132603645324707]",3,1
500,500,5,5,16,623649.319591061,569864.512173458,96.8216676712036,52.318567276001,10,42,"[623649.3195910611, 588504.9297119584, 581983.9532154507, 578216.1335607274, 575788.9755094912, 574141.7278629789, 572765.6256880948, 571765.0369092664, 571014.4042144727, 570387.6902475993]","[17.344181537628174, 3.4339027404785156, 4.104128837585449, 4.026881456375122, 4.021220445632935, 4.050845623016357, 4.064334392547607, 4.13071084022522, 3.222975730895996, 3.827831268310547]",3,1
500,500,5,5,16,625088.811387861,572798.576760406,116.242096424103,66.240403175354,9,43,"[625088.811387861, 589986.7440712922, 583322.883687913, 580309.3886169769, 578160.7470835837, 576474.2972715452, 575127.9873282753, 573966.6309371586, 573227.9660009334]","[32.57240271568298, 3.951289176940918, 4.372333526611328, 3.964830160140991, 4.578413963317871, 3.903374671936035, 4.41100001335144, 3.905209541320801, 4.521998882293701]",3,1
500,500,5,5,16,620930.491984712,569232.890413576,123.728734731674,75.5244927406311,12,44,"[620930.4919847124, 586643.171957445, 580682.8091588018, 577221.3824943707, 574976.1969669177, 573389.4111751498, 572223.8488089952, 571377.7265163346, 570721.2245536522, 570174.939328702, 569758.5932130016, 569478.7404535877]","[31.861419439315796, 3.9133448600769043, 3.22172474861145, 3.9922022819519043, 3.5265238285064697, 4.589229345321655, 4.116675853729248, 3.7700772285461426, 4.359634160995483, 3.94335675239563, 4.182860612869263, 3.962738275527954]",3,1
500,500,5,5,16,624009.931537942,574252.078367187,95.5648844242096,46.2592334747314,9,45,"[624009.9315379423, 590308.035452564, 584424.1155088398, 581654.1327135261, 579582.4591464339, 577728.6451332833, 576447.5022640903, 575431.7566619469, 574716.3567882128]","[10.938589334487915, 4.386806964874268, 4.2422730922698975, 4.036730051040649, 4.512046575546265, 4.549943923950195, 4.5446319580078125, 4.519234895706177, 4.4930126667022705]",3,1
500,500,5,5,16,626367.777999778,567705.874574971,147.433711528778,96.1690502166748,17,46,"[626367.7779997778, 590337.3157754237, 583472.0426453395, 579594.0656904601, 576996.2532351407, 575351.5088169973, 574054.2490542411, 573127.137832868, 572384.4929606743, 571777.8051136922, 571206.7278021722, 570796.6880811106, 570361.270088284, 569697.7203371474, 568909.1090825325, 568355.1947509107, 567991.227806305]","[31.858699321746826, 4.1308794021606445, 4.534524202346802, 4.39988112449646, 4.554159879684448, 4.3121795654296875, 3.696667432785034, 3.767526388168335, 4.290735483169556, 3.4688363075256348, 4.238978385925293, 3.246567487716675, 4.171408653259277, 4.2099244594573975, 3.9393413066864014, 3.1720309257507324, 4.035369396209717]",3,1
500,500,5,5,16,634418.102598943,575073.172492567,87.9811062812805,40.8594229221344,10,47,"[634418.1025989428, 595552.092090023, 588236.108701479, 584190.4006559736, 581584.0369208782, 579695.7154897868, 578248.6818095631, 577088.4655498236, 576274.4826552325, 575581.2849570265]","[3.9598162174224854, 3.3114166259765625, 4.72840690612793, 3.976759433746338, 4.637365102767944, 4.587379455566406, 4.034883737564087, 3.9029648303985596, 3.2053885459899902, 4.4889726638793945]",3,1
500,500,5,5,16,633347.981014904,573788.904058475,125.472857475281,75.8712975978851,12,48,"[633347.9810149041, 591599.9856251619, 584820.4317200775, 581404.5684915987, 579397.4192532629, 578149.6991060036, 577223.4158992375, 576399.6723085161, 575653.6375995498, 575085.5517583244, 574585.0166712675, 574153.9173768897]","[31.822000741958618, 4.134069204330444, 3.921273946762085, 3.973447799682617, 3.2346301078796387, 4.097300052642822, 3.9642744064331055, 4.2002997398376465, 3.9593358039855957, 4.221606969833374, 4.000685930252075, 4.270837783813477]",3,1
500,500,5,5,16,623679.623463563,571554.684137266,121.301683664322,73.0786640644074,10,49,"[623679.6234635625, 586973.0160243419, 580560.8037858633, 577593.8738304969, 575640.8600806016, 574181.6678409622, 573325.511737125, 572600.97165307, 572135.5524054182, 571811.3726526982]","[32.597023010253906, 4.615788698196411, 4.625459909439087, 4.327411651611328, 4.56023645401001, 4.5859246253967285, 4.228738307952881, 4.565246820449829, 4.594729900360107, 4.331247806549072]",3,1
500,500,5,5,16,622597.111810401,568491.518038437,113.893888235092,66.1310493946075,10,50,"[622597.1118104011, 587185.455341211, 579967.6659336184, 575940.621388688, 573503.1325668023, 571793.076092778, 570622.543143482, 569752.9440746073, 569183.5051623168, 568798.1058908872]","[32.098357915878296, 3.1805036067962646, 4.64466667175293, 3.2698304653167725, 3.9228742122650146, 3.9727072715759277, 3.920718193054199, 3.953533172607422, 3.200089693069458, 3.919095039367676]",3,1
500,500,5,5,16,624863.174593372,569765.294343755,67.417563199997,31.5804660320282,11,42,"[624863.1745933715, 588631.18812102, 581716.9727730489, 578264.0710964648, 575462.653480646, 573979.7291796441, 572923.206582349, 572083.5312652785, 571383.40107304, 570750.1973224232, 570178.3870743554]","[5.712842226028442, 2.4791011810302734, 2.4840564727783203, 2.4744808673858643, 2.5017051696777344, 2.4999821186065674, 2.4721202850341797, 2.549135446548462, 2.4282147884368896, 2.725493907928467, 3.168764591217041]",4,1
500,500,5,5,16,624863.174593374,569765.294343755,92.2245652675629,54.2053229808807,11,42,"[624863.1745933739, 588631.18812102, 581716.9727730489, 578264.0710964648, 575462.653480646, 573979.7291796441, 572923.206582349, 572083.5312652785, 571383.40107304, 570750.1973224232, 570178.3870743554]","[25.55126142501831, 2.774696111679077, 2.8557090759277344, 2.8437163829803467, 2.847242832183838, 2.890964984893799, 2.8882806301116943, 2.847180128097534, 2.8652796745300293, 2.870253562927246, 2.9061620235443115]",4,1
500,500,5,5,16,622527.552505458,571032.314671379,98.8048620223999,62.6999552249908,14,43,"[622527.552505458, 587849.7418824829, 582506.043016745, 579864.3418462258, 577908.4611679099, 576702.1607195246, 575748.2684484806, 574840.6409088097, 573971.9375859001, 573263.0448964122, 572570.889971123, 572071.6581046085, 571610.9466179161, 571288.9935666296]","[25.477271795272827, 2.841808795928955, 2.9029202461242676, 2.796297550201416, 2.815108060836792, 2.80883526802063, 2.822331428527832, 3.088773727416992, 2.8490490913391113, 2.831249952316284, 2.8238024711608887, 2.826674222946167, 2.871767997741699, 2.8580210208892822]",4,1
500,500,5,5,16,627569.574512019,574598.575816657,59.839492559433,24.8461053371429,8,44,"[627569.574512019, 591241.6664584267, 584454.297585172, 580724.7136751179, 578561.232237518, 577047.2472004754, 575877.3917698589, 575097.2265438073]","[5.80271577835083, 2.67022705078125, 2.705390453338623, 2.7251338958740234, 2.7064731121063232, 2.7576212882995605, 2.7246897220611572, 2.6974546909332275]",4,1
500,500,5,5,16,630117.201829449,570123.260514821,104.942214727402,69.4954581260681,17,45,"[630117.2018294493, 594338.7048889038, 586661.9253724661, 582369.2819707593, 579686.2961274725, 577110.4107547142, 575524.4695071199, 574492.7904994211, 573646.1605683286, 573098.630010536, 572690.8762695238, 572322.1385011637, 571998.2180828241, 571654.3138109806, 571187.9311025385, 570712.3623353621, 570376.7736899469]","[24.87787175178528, 2.6522107124328613, 2.7897205352783203, 2.79754376411438, 2.832972288131714, 2.770660877227783, 2.783736228942871, 2.8097715377807617, 2.8082151412963867, 2.7353110313415527, 2.808290719985962, 2.769279956817627, 2.7618680000305176, 2.7558720111846924, 2.7970831394195557, 2.860529899597168, 2.8085744380950928]",4,1
500,500,5,5,16,625076.178483884,570695.499053681,79.9184472560883,44.5644247531891,8,46,"[625076.1784838839, 587818.0504725431, 580439.3909179198, 576588.2728493324, 574125.1074789672, 572682.3620630547, 571789.6551722031, 571174.4317598525]","[24.726329565048218, 2.5989415645599365, 2.7999227046966553, 2.8816356658935547, 2.8661510944366455, 2.8723220825195312, 2.8842689990997314, 2.8911008834838867]",4,1
500,500,5,5,16,632269.221420132,574776.741480015,92.8771908283234,58.4593143463135,14,47,"[632269.2214201319, 592634.8893679383, 585287.9216436717, 581799.6378199876, 579935.6452233847, 578877.4989233847, 578166.3227875956, 577635.2775381819, 577226.5898289285, 576826.4245572682, 576298.8752080748, 575816.3836424949, 575428.1898970258, 575068.6490823627]","[13.634809732437134, 2.882911443710327, 3.8901140689849854, 2.8737311363220215, 3.86297345161438, 2.8506886959075928, 3.953164577484131, 2.9031012058258057, 3.9873807430267334, 2.8750295639038086, 3.8479092121124268, 2.930999517440796, 4.00141978263855, 3.8740241527557373]",4,1
500,500,5,5,16,626171.998255642,568606.385853377,103.484236240387,68.1640286445618,17,48,"[626171.9982556419, 586761.7616782609, 580362.4575460919, 577270.8650515663, 575506.0365302884, 574494.5683133256, 573723.5862945678, 572885.6843176277, 572235.2210487123, 571678.393533876, 571128.5916447187, 570667.3678529734, 570202.9705944271, 569761.5253545835, 569362.6865609615, 569012.5445246729, 568786.2613613594]","[25.384763717651367, 2.5936639308929443, 2.524998903274536, 2.6366114616394043, 2.5632731914520264, 2.4679229259490967, 2.4735705852508545, 2.464223623275757, 2.4977869987487793, 2.4164228439331055, 2.436174154281616, 2.8651843070983887, 3.042719602584839, 3.0545406341552734, 3.05047869682312, 3.106086492538452, 2.4679501056671143]",4,1
500,500,5,5,16,623806.670143659,575360.188241488,92.2945604324341,58.2041046619415,13,49,"[623806.6701436589, 592959.4814967073, 587128.8669477974, 583674.4112938701, 581522.3260146213, 580309.0455962576, 579440.3376789738, 578671.3964155088, 577882.7486602878, 577196.0725667108, 576490.0173013342, 575866.0018540081, 575533.3380281297]","[24.307449102401733, 2.4292871952056885, 3.016230344772339, 3.038815498352051, 3.0975053310394287, 3.071347236633301, 3.0688886642456055, 3.0383260250091553, 2.484520673751831, 2.4532723426818848, 2.4135656356811523, 2.704090118408203, 3.0317957401275635]",4,1
500,500,5,5,16,628309.928379159,574130.810279651,91.7241766452789,55.2116389274597,11,50,"[628309.928379159, 592957.5695148179, 585592.8362977017, 581686.9898653339, 579297.3344358873, 577849.047220859, 576746.5137184502, 575886.760233907, 575208.989381009, 574714.0598084753, 574365.2958336489]","[24.703402042388916, 2.621159315109253, 3.1211130619049072, 3.06986927986145, 3.037720203399658, 3.142335891723633, 3.0933895111083984, 3.107954978942871, 3.060438632965088, 3.085310459136963, 3.1050801277160645]",4,1
500,500,5,5,16,622099.920929432,565816.993867179,78.9356372356415,46.0794684886932,10,42,"[622099.9209294316, 583178.162130636, 575901.6773436046, 572352.8952851553, 570439.200483368, 569049.2602553966, 568029.0219238166, 567229.8670515745, 566664.0560572479, 566203.0433459795]","[20.672722101211548, 3.053802251815796, 2.822206497192383, 2.960088014602661, 2.9238154888153076, 2.630166530609131, 2.579678535461426, 2.7156896591186523, 3.0362765789031982, 2.577263355255127]",5,1
500,500,5,5,16,622099.920929431,565816.993867179,76.0464160442352,40.5798201560974,10,42,"[622099.9209294312, 583178.162130636, 575901.6773436046, 572352.8952851553, 570439.200483368, 569049.2602553966, 568029.0219238166, 567229.8670515745, 566664.0560572479, 566203.0433459795]","[6.971421957015991, 3.5649361610412598, 3.6826040744781494, 4.59379243850708, 3.6039798259735107, 3.6392769813537598, 3.6039984226226807, 3.6680800914764404, 3.5716500282287598, 3.596311330795288]",5,1
500,500,5,5,16,628862.957117366,571679.532948769,86.4005312919617,49.6438550949097,9,43,"[628862.9571173663, 589778.2313232633, 583001.4445647276, 579714.567683496, 577132.1823566352, 575192.9168767231, 573772.8104544734, 572806.4343422131, 572195.7406872524]","[21.0740327835083, 3.5418992042541504, 3.6704440116882324, 3.577122688293457, 3.543017625808716, 3.5689146518707275, 3.540607213973999, 3.517117500305176, 3.591433048248291]",5,1
500,500,5,5,16,624961.341070554,567866.415071723,79.3858120441437,43.9896211624146,12,44,"[624961.3410705541, 587532.1302650662, 580437.2648340241, 576827.7265643798, 574776.880489179, 573216.1005539857, 571938.2208715043, 570895.7956213559, 570063.1542313416, 569285.5719022349, 568609.1388039937, 568140.835539809]","[15.00798487663269, 2.65962553024292, 2.672480821609497, 2.699948310852051, 2.5584638118743896, 2.532057762145996, 2.563326358795166, 2.533491611480713, 2.9510114192962646, 2.4859087467193604, 2.6319684982299805, 2.645095109939575]",5,1
500,500,5,5,16,626085.268086621,569881.964092823,88.4378640651703,54.1648473739624,10,45,"[626085.2680866207, 588932.6577989827, 581795.5188763085, 578010.6777961694, 575754.2587791241, 573943.807059284, 572721.2935947088, 571802.8137761824, 570985.3294412263, 570306.4340307673]","[21.71162438392639, 3.5703492164611816, 3.4990763664245605, 3.580650568008423, 3.6631195545196533, 3.6775546073913574, 3.556232213973999, 3.6563239097595215, 3.6254167556762695, 3.5776538848876953]",5,1
500,500,5,5,16,626357.938028348,569399.018317542,88.0642521381378,50.3630979061127,9,46,"[626357.9380283478, 587358.8435941979, 579554.6318771321, 575923.2348729165, 573486.2761088816, 572202.105532848, 571245.834178893, 570472.1804475617, 569892.0547812976]","[21.555655479431152, 3.568145275115967, 3.564222574234009, 3.6021063327789307, 3.50283145904541, 3.552701711654663, 3.5638949871063232, 3.661769390106201, 3.594784736633301]",5,1
500,500,5,5,16,625424.086571355,573009.983493458,97.6848425865173,61.8970181941986,12,47,"[625424.0865713547, 590240.8707864773, 583863.1520838599, 580642.7482250554, 578754.0830205856, 577498.7727366696, 576408.1698792798, 575436.4054110956, 574643.690961735, 574054.0402737812, 573656.4837731698, 573297.8320227654]","[22.177781105041504, 3.688197612762451, 3.55741286277771, 3.5948967933654785, 3.5779435634613037, 3.5517990589141846, 3.5309674739837646, 3.563015937805176, 3.66290020942688, 3.533737897872925, 3.583993911743164, 3.797658681869507]",5,1
500,500,5,5,16,629679.334161768,577278.263910315,70.989376783371,35.0758073329926,9,48,"[629679.3341617675, 593215.1906930462, 586320.582071757, 582913.9266509572, 580879.7755458946, 579780.5332317158, 578944.7661776968, 578317.6567451291, 577740.906184347]","[16.471426010131836, 2.288210153579712, 2.3588149547576904, 2.284327507019043, 2.285285472869873, 2.225029945373535, 2.3559508323669434, 2.3689041137695312, 2.3681209087371826]",5,1
500,500,5,5,16,621498.473170994,571911.025058061,86.4464766979218,50.9262645244598,9,49,"[621498.4731709936, 587114.8006693745, 580740.8253395493, 577865.6280396411, 575916.708698438, 574494.9031045845, 573627.46679386, 572941.31274754, 572373.140479436]","[22.287824869155884, 3.5439453125, 3.623218297958374, 3.6090645790100098, 3.55641770362854, 3.6073849201202393, 3.587571859359741, 3.540391445159912, 3.5067553520202637]",5,1
500,500,5,5,16,622518.23503228,570206.22936991,76.5680363178253,41.3767111301422,10,50,"[622518.2350322795, 587484.5566759356, 580784.8568197035, 577212.2597197314, 575287.0094179825, 573790.9861888583, 572463.3216764373, 571621.0192951217, 571055.1507644326, 570519.6851932962]","[20.45141839981079, 2.3268308639526367, 2.351515769958496, 2.2903082370758057, 2.3299880027770996, 2.2896177768707275, 2.3240721225738525, 2.3117642402648926, 2.2750988006591797, 2.29410457611084]",5,1
500,500,5,5,16,624791.908851263,572071.469926831,88.0473651885986,54.8322198390961,13,42,"[624791.9088512626, 590499.9162191934, 583686.4692652489, 580274.0532852381, 578002.8109973288, 576566.7975807737, 575585.0970300154, 574858.295948424, 574316.3239747211, 573850.4317250842, 573429.5397845767, 572964.3231261286, 572414.6202348844]","[15.747452735900879, 3.1397602558135986, 3.1405029296875, 3.1793134212493896, 3.2177886962890625, 3.2709157466888428, 3.3100504875183105, 3.314882755279541, 3.254563570022583, 3.305230140686035, 3.3056693077087402, 3.23376202583313, 3.279309034347534]",6,1
500,500,5,5,16,624791.908851262,572071.469926831,77.4951643943787,46.3691728115082,13,42,"[624791.9088512622, 590499.9162191934, 583686.4692652489, 580274.0532852381, 578002.8109973288, 576566.7975807737, 575585.0970300154, 574858.295948424, 574316.3239747211, 573850.4317250842, 573429.5397845767, 572964.3231261286, 572414.6202348844]","[17.427962064743042, 2.393609046936035, 2.4354355335235596, 2.3518967628479004, 2.3715455532073975, 2.3923068046569824, 2.366447687149048, 2.3043429851531982, 2.3743250370025635, 2.4896633625030518, 2.4910998344421387, 2.4396812915802, 2.4897968769073486]",6,1
500,500,5,5,16,626948.737023105,571037.309688309,97.9200825691223,67.4040191173554,21,43,"[626948.7370231053, 591475.0965609852, 585062.0599625085, 581750.5476404296, 579678.9881148099, 578324.642931656, 577296.4674770271, 576486.5921134874, 575884.4327283356, 575383.0614342439, 574932.5581065641, 574567.0079678838, 574210.5521564563, 573833.0872912662, 573458.2279202817, 573125.4772088339, 572854.0290279471, 572625.547463271, 572344.777617489, 571858.9408064482, 571280.4388019729]","[17.629533290863037, 2.614957332611084, 2.468461036682129, 2.44953989982605, 2.4396743774414062, 2.506035089492798, 2.41660475730896, 2.285846471786499, 2.6502575874328613, 2.4939935207366943, 2.5223641395568848, 2.501391887664795, 2.5175201892852783, 2.4786646366119385, 2.3684680461883545, 2.491692304611206, 2.5622854232788086, 2.6167850494384766, 2.5090084075927734, 2.2316057682037354, 2.5794291496276855]",6,1
500,500,5,5,16,630526.764972653,572452.117367378,69.6773636341095,39.5455393791199,10,44,"[630526.7649726527, 592472.0597514734, 585160.6468010177, 581336.9424351105, 578703.9871911297, 576952.9944723479, 575367.7252435419, 574351.677657386, 573566.1139410187, 573001.5986490761]","[18.24354124069214, 2.23417329788208, 2.4110968112945557, 2.284909248352051, 2.3569464683532715, 2.3787307739257812, 2.490161657333374, 2.3481709957122803, 2.4953267574310303, 2.2565879821777344]",6,1
500,500,5,5,16,623666.177592401,573866.215926786,70.6792778968811,40.4603199958801,7,45,"[623666.177592401, 587129.8197443155, 581248.1561092674, 578524.2904371212, 576643.2684999093, 575192.9083592519, 574381.5598982138]","[18.46510934829712, 2.9604568481445312, 3.995076894760132, 3.915867328643799, 3.0984489917755127, 4.014463901519775, 3.9521644115448]",6,1
500,500,5,5,16,625927.093615514,569861.155801261,74.0426323413849,43.0180416107178,11,46,"[625927.093615514, 589541.8062618385, 582091.2741947871, 578598.6166093583, 576060.6281634476, 574590.2091578599, 573290.8836081342, 571894.0118548435, 571060.6044260913, 570547.1091907102, 570152.887487752]","[17.98764991760254, 2.5109760761260986, 2.5469346046447754, 2.459702491760254, 2.507086992263794, 2.539893627166748, 2.4771385192871094, 2.426831007003784, 2.537759304046631, 2.471219539642334, 2.515946865081787]",6,1
500,500,5,5,16,637199.247411849,574304.734750119,77.0756289958954,46.2601642608643,12,47,"[637199.2474118487, 597199.0326928222, 589333.1028744138, 584916.3545529577, 582182.3475068706, 580386.5697075232, 579199.8802877681, 578205.2116847557, 577012.4989655867, 575690.3858892006, 574991.7632867107, 574581.9455865996]","[18.395004749298096, 2.5131070613861084, 2.611750841140747, 2.474557638168335, 2.5692455768585205, 2.640486001968384, 2.470921516418457, 2.5267558097839355, 2.579238176345825, 2.5030407905578613, 2.545222043991089, 2.3581957817077637]",6,1
500,500,5,5,16,627542.182758427,569710.062288633,80.5875263214111,48.6804203987122,10,48,"[627542.1827584273, 588266.0456915421, 580410.0316298965, 576571.6053336808, 574026.0150539348, 572532.6957471098, 571564.4697352661, 570943.8570673735, 570422.5106947566, 570048.6600018251]","[18.64754581451416, 3.059441566467285, 2.9142959117889404, 3.9266579151153564, 3.9941914081573486, 2.9457643032073975, 3.013568878173828, 3.0153005123138428, 3.9026265144348145, 3.224240779876709]",6,1
500,500,5,5,16,623519.889940013,568032.059348457,84.3388073444367,50.3649501800537,10,49,"[623519.8899400131, 589250.0264255396, 580396.1080442399, 576534.1239142881, 573939.9729264592, 572320.2883795691, 571067.5229436066, 570153.2479391742, 569401.9829047507, 568724.6605727534]","[19.786370754241943, 3.927220106124878, 3.9685981273651123, 2.9153664112091064, 2.953171730041504, 2.9838433265686035, 3.944671630859375, 3.922257661819458, 2.9434661865234375, 2.9442365169525146]",6,1
500,500,5,5,16,620324.463796543,570375.793416342,82.9692258834839,49.5503213405609,10,50,"[620324.4637965428, 588111.1082302023, 581864.2791852836, 578325.9065903528, 575962.1820178628, 574381.5891483804, 573178.6077712403, 572242.5063288207, 571529.3710109547, 570913.6332508913]","[15.9633309841156, 3.8980233669281006, 3.9187896251678467, 3.9819753170013428, 3.9264378547668457, 3.947235345840454, 3.960845947265625, 3.30643367767334, 3.2722394466400146, 3.3157248497009277]",6,1
500,500,5,5,16,619946.636729521,572321.083008662,63.7902839183807,34.2230837345123,7,42,"[619946.6367295207, 585617.944523851, 579428.6653594299, 576141.0000988347, 574377.2269161574, 573359.7933940671, 572704.3361110952]","[17.130279064178467, 2.874920129776001, 2.81825590133667, 2.784630298614502, 2.8046529293060303, 2.891507625579834, 2.882056951522827]",7,1
500,500,5,5,16,619946.636729521,572321.083008662,60.0189564228058,32.5448660850525,7,42,"[619946.6367295214, 585617.944523851, 579428.6653594299, 576141.0000988347, 574377.2269161574, 573359.7933940671, 572704.3361110952]","[16.35392665863037, 2.7212681770324707, 2.711688756942749, 2.671715021133423, 2.636715888977051, 2.6780078411102295, 2.7123160362243652]",7,1
500,500,5,5,16,623804.659669588,569865.148621714,57.4477047920227,31.8883714675903,9,43,"[623804.6596695879, 585508.7674948506, 578785.0269325804, 575384.1241150737, 573447.9905198419, 571977.2758098466, 571127.7513308658, 570604.885585535, 570224.611574095]","[10.612369537353516, 2.675449848175049, 2.6415839195251465, 2.667813301086426, 2.604492664337158, 2.5955867767333984, 2.6991117000579834, 2.653931140899658, 2.69036865234375]",7,1
500,500,5,5,16,631997.729968225,575938.296839617,68.7596597671509,41.515118598938,10,44,"[631997.7299682251, 595241.010777835, 588181.4105446324, 584613.46998858, 582085.4444897722, 580168.5648659866, 578666.1453964843, 577633.6705411742, 576875.2363461903, 576373.0831468754]","[16.45943832397461, 2.7349069118499756, 2.762068748474121, 2.788724422454834, 2.7589986324310303, 2.7922751903533936, 2.75989031791687, 2.816884756088257, 2.769601821899414, 2.836796760559082]",7,1
500,500,5,5,16,627819.878574534,575528.869247127,66.1462848186493,38.2104721069336,9,45,"[627819.8785745335, 591781.8194991142, 584842.1719588445, 581527.1143678891, 579277.9636977768, 578005.5769896618, 577158.1883595275, 576520.9073355368, 575993.8494047166]","[16.317017793655396, 2.727412223815918, 2.74957275390625, 2.745464324951172, 2.7158241271972656, 2.7248117923736572, 2.7067248821258545, 2.7257094383239746, 2.71201229095459]",7,1
500,500,5,5,16,627939.017458396,567140.016540122,67.9349746704102,41.3127501010895,10,46,"[627939.0174583955, 586873.6700711537, 579057.6113205978, 575287.1655589576, 573093.6555279745, 571610.4633620154, 570031.395283908, 568743.4190054686, 568043.7197385352, 567539.7931468808]","[16.29448437690735, 2.6870291233062744, 2.6961307525634766, 2.6631052494049072, 2.6902003288269043, 3.6184451580047607, 2.589146375656128, 2.611448287963867, 2.61195969581604, 2.7421634197235107]",7,1
500,500,5,5,16,621618.945206256,569410.495939102,80.1914503574371,52.7453200817108,14,47,"[621618.9452062562, 589542.2027189041, 583779.7943558902, 580757.2229881093, 578504.4522296753, 576972.3572345198, 575697.9239006083, 574565.1794203883, 573388.2325021836, 572557.028864242, 571756.0195406433, 571094.2359326818, 570423.4622018898, 569870.2274807988]","[16.936879634857178, 2.7438948154449463, 2.7329041957855225, 2.77008318901062, 2.712839126586914, 2.7708585262298584, 2.686769962310791, 2.838475227355957, 2.688368082046509, 2.7363312244415283, 2.6878514289855957, 2.7961175441741943, 2.7662341594696045, 2.7681827545166016]",7,1
500,500,5,5,16,628889.851812124,577066.158404597,65.5686511993408,38.3902771472931,9,48,"[628889.8518121239, 591741.5654492535, 586056.3412494902, 582970.6353871664, 580988.3643635996, 579458.6467000152, 578496.3298585215, 577872.5716226784, 577418.74401392]","[16.76009702682495, 2.7631452083587646, 2.8082492351531982, 2.6923742294311523, 2.9202446937561035, 2.6280722618103027, 2.613508939743042, 2.5878522396087646, 2.55788516998291]",7,1
500,500,5,5,16,627530.999891907,575172.729280491,62.6504852771759,35.2210800647736,8,49,"[627530.9998919066, 591176.1740994588, 584019.9585446769, 580278.794476163, 578283.2971592122, 577029.2556750429, 576169.1846440647, 575579.7274933283]","[16.88638210296631, 2.6047823429107666, 2.6563756465911865, 2.613725185394287, 2.620208740234375, 2.613389730453491, 2.592125654220581, 2.5834479331970215]",7,1
500,500,5,5,16,621641.566794823,565437.212353728,71.668904542923,43.8312745094299,10,50,"[621641.5667948232, 585280.4096378837, 578061.6101792187, 574651.2936025325, 572449.5099287468, 570458.3566329115, 568792.309372497, 567441.8007431694, 566370.98734436, 565811.745762763]","[17.155269861221313, 3.565537214279175, 2.737525463104248, 3.5784881114959717, 2.753371238708496, 2.7526605129241943, 2.763054370880127, 2.8996317386627197, 2.7258708477020264, 2.8303375244140625]",7,1
500,500,5,5,16,618245.16220022,569561.083163474,61.2400467395783,33.6903121471405,8,42,"[618245.16220022, 584052.1641529995, 577681.2445366498, 574544.2917225867, 572886.3887825143, 571609.0916310687, 570717.9577340388, 570058.2637159479]","[15.844240188598633, 2.5873260498046875, 2.549351930618286, 2.5478718280792236, 2.486401319503784, 2.5754871368408203, 2.4797890186309814, 2.5456957817077637]",8,1
500,500,5,5,16,618245.162200221,569561.083163474,58.9739298820496,32.8675262928009,8,42,"[618245.1622002212, 584052.1641529995, 577681.2445366498, 574544.2917225867, 572886.3887825143, 571609.0916310687, 570717.9577340388, 570058.2637159479]","[14.597890615463257, 2.532470464706421, 2.5288240909576416, 2.4994657039642334, 2.567614793777466, 2.491123914718628, 3.1090054512023926, 2.490224838256836]",8,1
500,500,5,5,16,627628.057563011,573237.449131257,61.0529248714447,35.3733205795288,9,43,"[627628.0575630113, 590917.380806655, 584239.5375571786, 580424.6819244628, 577811.0002632865, 576297.3580523441, 575105.8736325395, 574265.3589784646, 573681.3619268795]","[14.901432752609253, 2.576796293258667, 2.5619587898254395, 2.550977945327759, 2.5185728073120117, 2.5410404205322266, 2.5217349529266357, 2.556680679321289, 2.5575320720672607]",8,1
500,500,5,5,16,627728.057519789,571424.391256871,78.3962643146515,53.3289186954498,15,44,"[627728.0575197886, 591540.4050228924, 584186.2148878947, 581250.5280351135, 579670.8581713057, 578476.0023073633, 577437.3903400053, 576646.8982872968, 575908.8378581017, 574910.6741892482, 574041.8375233505, 573488.3854580467, 572965.0400695014, 572376.7756293796, 571770.9176817619]","[15.549275636672974, 2.6163856983184814, 2.6603448390960693, 2.859907865524292, 2.7266507148742676, 2.7600958347320557, 2.710819721221924, 2.636213779449463, 2.651630163192749, 2.685234308242798, 2.574258327484131, 2.722017526626587, 2.7001566886901855, 2.648705244064331, 2.7507853507995605]",8,1
500,500,5,5,16,627240.979499173,572294.594761514,62.1190567016602,37.0129611492157,9,45,"[627240.9794991734, 591404.3121645731, 584024.5972374415, 580482.0522654358, 577978.8901172816, 575977.3569113977, 574539.752544643, 573495.9798759233, 572772.6807862939]","[14.48689889907837, 2.516036033630371, 2.534585952758789, 3.153446674346924, 3.121960401535034, 3.1085400581359863, 2.5053391456604004, 2.452136754989624, 3.0781753063201904]",8,1
500,500,5,5,16,633583.623287685,575447.123396456,66.5226047039032,38.6431450843811,10,46,"[633583.6232876851, 594906.8501308025, 587310.7088584693, 583697.6239058316, 581618.8075411695, 579991.8554285491, 578567.3498135672, 577337.9303794866, 576526.902326355, 575924.4313072504]","[15.916515350341797, 2.501011848449707, 2.5776915550231934, 2.4990780353546143, 2.502779006958008, 2.5602614879608154, 2.424717426300049, 2.760192394256592, 2.3767733573913574, 2.4175636768341064]",8,1
500,500,5,5,16,625073.718699818,571204.588315354,62.5366978645325,38.102668762207,10,47,"[625073.7186998178, 586141.0210501909, 579633.1880961, 576578.6611821717, 574746.2498193466, 573690.891533246, 572947.744768833, 572370.3553087646, 571938.5936565739, 571556.3201634377]","[14.832517385482788, 2.5045673847198486, 3.1097962856292725, 2.47163724899292, 2.411803722381592, 2.4115703105926514, 2.4123270511627197, 3.1376185417175293, 2.3863744735717773, 2.345829963684082]",8,1
500,500,5,5,16,629013.299272464,568809.141309899,65.6196043491364,40.2581648826599,11,48,"[629013.2992724638, 587983.55369953, 580489.7665819684, 576703.3606033004, 574456.003521507, 573047.6842470027, 571887.6495318016, 570889.8953729938, 570173.4497818439, 569590.0097125305, 569112.7064758636]","[15.19894790649414, 2.412397623062134, 2.420490026473999, 2.440033197402954, 2.499176263809204, 2.569585084915161, 2.58443021774292, 2.5097527503967285, 2.464757204055786, 2.6003448963165283, 2.466379165649414]",8,1
500,500,5,5,16,626214.226164189,574161.799931766,52.0851693153381,26.9660494327545,11,49,"[626214.226164189, 591635.3923410231, 584812.3633299893, 581390.338939068, 579221.3181368832, 577827.1417564027, 576969.1590207617, 576218.9260111146, 575504.5510783441, 574962.3606929913, 574490.9215869168]","[2.354017496109009, 3.0650508403778076, 2.360464096069336, 2.3192410469055176, 2.3509104251861572, 2.3322813510894775, 2.445594310760498, 2.4522290229797363, 2.4268243312835693, 2.3803670406341553, 2.428021192550659]",8,1
500,500,5,5,16,623617.221851555,567246.25500056,65.7111392021179,40.6212449073792,10,50,"[623617.2218515553, 585290.2445564646, 578392.9297343368, 575177.3632851569, 572947.0672291089, 571388.9324450468, 570226.3510559754, 569159.4715327441, 568345.9159394244, 567715.2764857397]","[15.531009912490845, 2.488457202911377, 2.4861936569213867, 2.4810547828674316, 2.5981531143188477, 3.1464900970458984, 2.583178997039795, 3.135268211364746, 2.908099412918091, 3.161722183227539]",8,1
